[15Sept2026 11:40:05.402] [main/INFO] [cpw.mods.modlauncher.Launcher/MODLAUNCHER]: ModLauncher running: args [--launchTarget, forgeserver, --fml.neoForgeVersion, 21.1.249, --fml.fmlVersion, 4.0.44, --fml.mcVersion, 1.21.1, --fml.neoFormVersion, 20240808.144430, nogui, $@]
[15Sept2026 11:40:05.404] [main/INFO] [cpw.mods.modlauncher.Launcher/MODLAUNCHER]: JVM identified as Debian OpenJDK 64-Bit Server VM 21.0.12.1+1-1-deb13u1-Debian
[15Sept2026 11:40:05.404] [main/INFO] [cpw.mods.modlauncher.Launcher/MODLAUNCHER]: ModLauncher 11.0.5+main.901c6ea8 starting: java version 21.0.12.1 by Debian; OS Linux arch amd64 version 6.12.105+deb13-amd64
[15Sept2026 11:40:05.645] [main/INFO] [net.neoforged.fml.loading.ImmediateWindowHandler/]: ImmediateWindowProvider not loading because launch target is forgeserver
[15Sept2026 11:40:05.708] [main/INFO] [mixin/]: SpongePowered MIXIN Subsystem Version=0.8.7 Source=union:/opt/crafty/servers/0a2d7bc6-6741-4313-a3db-96a8ff596b9a/libraries/net/fabricmc/sponge-mixin/0.15.2+mixin.0.8.7/sponge-mixin-0.15.2+mixin.0.8.7.jar%2373!/ Service=ModLauncher Env=SERVER
[15Sept2026 11:40:05.897] [main/INFO] [net.neoforged.fml.loading.moddiscovery.ModDiscoverer/SCAN]: Found mod file "server-1.21.1-20240808.144430-srg.jar" [locator: production server provider +net.neoforged:neoforge:21.1.249:server]
[15Sept2026 11:40:05.913] [main/INFO] [net.neoforged.fml.loading.moddiscovery.ModDiscoverer/SCAN]: Found mod file "neoforge-21.1.249-universal.jar" [locator: PathBasedLocator[name=neoforge, paths=[libraries/net/neoforged/neoforge/21.1.249/neoforge-21.1.249-universal.jar]], reader: mod manifest]
[15Sept2026 11:40:05.915] [main/INFO] [net.neoforged.fml.loading.moddiscovery.ModDiscoverer/SCAN]: Found library file "~nonexistent" [locator: org.sinytra.connector.locator.ConnectorEarlyLocatorBootstrap@1991f767]
[15Sept2026 11:40:05.926] [main/INFO] [net.neoforged.fml.loading.moddiscovery.ModDiscoverer/SCAN]: Found mod file "aerocopycats-1.1.1.jar" [locator: {mods folder locator at /opt/crafty/servers/0a2d7bc6-6741-4313-a3db-96a8ff596b9a/mods}, reader: mod manifest]
[15Sept2026 11:40:05.929] [main/INFO] [net.neoforged.fml.loading.moddiscovery.ModDiscoverer/SCAN]: Found mod file "appleskin-neoforge-mc1.21-3.0.9.jar" [locator: {mods folder locator at /opt/crafty/servers/0a2d7bc6-6741-4313-a3db-96a8ff596b9a/mods}, reader: mod manifest]
[15Sept2026 11:40:05.932] [main/INFO] [net.neoforged.fml.loading.moddiscovery.ModDiscoverer/SCAN]: Found mod file "architectury-13.0.8-neoforge.jar" [locator: {mods folder locator at /opt/crafty/servers/0a2d7bc6-6741-4313-a3db-96a8ff596b9a/mods}, reader: mod manifest]
[15Sept2026 11:40:05.934] [main/INFO] [net.neoforged.fml.loading.moddiscovery.ModDiscoverer/SCAN]: Found mod file "athena-neoforge-1.21.1-4.0.6.jar" [locator: {mods folder locator at /opt/crafty/servers/0a2d7bc6-6741-4313-a3db-96a8ff596b9a/mods}, reader: mod manifest]
[15Sept2026 11:40:05.938] [main/INFO] [net.neoforged.fml.loading.moddiscovery.ModDiscoverer/SCAN]: Found mod file "balm-neoforge-1.21.1-21.0.56.jar" [locator: {mods folder locator at /opt/crafty/servers/0a2d7bc6-6741-4313-a3db-96a8ff596b9a/mods}, reader: mod manifest]
[15Sept2026 11:40:05.940] [main/INFO] [net.neoforged.fml.loading.moddiscovery.ModDiscoverer/SCAN]: Found mod file "betteradmin-neoforge-1.21.1.jar" [locator: {mods folder locator at /opt/crafty/servers/0a2d7bc6-6741-4313-a3db-96a8ff596b9a/mods}, reader: mod manifest]
[15Sept2026 11:40:05.943] [main/INFO] [net.neoforged.fml.loading.moddiscovery.ModDiscoverer/SCAN]: Found mod file "bettervillage-neoforge-1.21.1-3.3.1.jar" [locator: {mods folder locator at /opt/crafty/servers/0a2d7bc6-6741-4313-a3db-96a8ff596b9a/mods}, reader: mod manifest]
[15Sept2026 11:40:05.946] [main/INFO] [net.neoforged.fml.loading.moddiscovery.ModDiscoverer/SCAN]: Found mod file "blockui-1.0.209-1.21.1.jar" [locator: {mods folder locator at /opt/crafty/servers/0a2d7bc6-6741-4313-a3db-96a8ff596b9a/mods}, reader: mod manifest]
[15Sept2026 11:40:05.948] [main/INFO] [net.neoforged.fml.loading.moddiscovery.ModDiscoverer/SCAN]: Found mod file "c2me-neoforge-mc1.21.1-0.4.0-alpha.0.120.jar" [locator: {mods folder locator at /opt/crafty/servers/0a2d7bc6-6741-4313-a3db-96a8ff596b9a/mods}, reader: mod manifest]
[15Sept2026 11:40:05.951] [main/INFO] [net.neoforged.fml.loading.moddiscovery.ModDiscoverer/SCAN]: Found mod file "carryon-neoforge-1.21.1-2.2.4.4.jar" [locator: {mods folder locator at /opt/crafty/servers/0a2d7bc6-6741-4313-a3db-96a8ff596b9a/mods}, reader: mod manifest]
[15Sept2026 11:40:05.955] [main/INFO] [net.neoforged.fml.loading.moddiscovery.ModDiscoverer/SCAN]: Found mod file "cbcmodernwarfare-0.0.6v+mc.1.21.1-neoforge.jar" [locator: {mods folder locator at /opt/crafty/servers/0a2d7bc6-6741-4313-a3db-96a8ff596b9a/mods}, reader: mod manifest]
[15Sept2026 11:40:05.958] [main/INFO] [net.neoforged.fml.loading.moddiscovery.ModDiscoverer/SCAN]: Found mod file "CBCscope+laser-1.0.0.jar" [locator: {mods folder locator at /opt/crafty/servers/0a2d7bc6-6741-4313-a3db-96a8ff596b9a/mods}, reader: mod manifest]
[15Sept2026 11:40:05.973] [main/INFO] [net.neoforged.fml.loading.moddiscovery.ModDiscoverer/SCAN]: Found mod file "chipped-neoforge-1.21.1-4.0.2.jar" [locator: {mods folder locator at /opt/crafty/servers/0a2d7bc6-6741-4313-a3db-96a8ff596b9a/mods}, reader: mod manifest]
[15Sept2026 11:40:05.975] [main/INFO] [net.neoforged.fml.loading.moddiscovery.ModDiscoverer/SCAN]: Found mod file "Chunky-NeoForge-1.4.23.jar" [locator: {mods folder locator at /opt/crafty/servers/0a2d7bc6-6741-4313-a3db-96a8ff596b9a/mods}, reader: mod manifest]
[15Sept2026 11:40:05.977] [main/INFO] [net.neoforged.fml.loading.moddiscovery.ModDiscoverer/SCAN]: Found mod file "cinematic_respawn-1.21.1-neoforge-1.3.0.jar" [locator: {mods folder locator at /opt/crafty/servers/0a2d7bc6-6741-4313-a3db-96a8ff596b9a/mods}, reader: mod manifest]
[15Sept2026 11:40:05.980] [main/INFO] [net.neoforged.fml.loading.moddiscovery.ModDiscoverer/SCAN]: Found mod file "citadel-1.21.1-2.7.6.jar" [locator: {mods folder locator at /opt/crafty/servers/0a2d7bc6-6741-4313-a3db-96a8ff596b9a/mods}, reader: mod manifest]
[15Sept2026 11:40:05.981] [main/INFO] [net.neoforged.fml.loading.moddiscovery.ModDiscoverer/SCAN]: Found mod file "cloth-config-15.0.140-neoforge.jar" [locator: {mods folder locator at /opt/crafty/servers/0a2d7bc6-6741-4313-a3db-96a8ff596b9a/mods}, reader: mod manifest]
[15Sept2026 11:40:05.983] [main/INFO] [net.neoforged.fml.loading.moddiscovery.ModDiscoverer/SCAN]: Found mod file "Clumps-neoforge-1.21.1-19.0.0.1.jar" [locator: {mods folder locator at /opt/crafty/servers/0a2d7bc6-6741-4313-a3db-96a8ff596b9a/mods}, reader: mod manifest]
[15Sept2026 11:40:05.985] [main/INFO] [net.neoforged.fml.loading.moddiscovery.ModDiscoverer/SCAN]: Found mod file "comforts-neoforge-9.0.5+1.21.1.jar" [locator: {mods folder locator at /opt/crafty/servers/0a2d7bc6-6741-4313-a3db-96a8ff596b9a/mods}, reader: mod manifest]
[15Sept2026 11:40:05.989] [main/INFO] [net.neoforged.fml.loading.moddiscovery.ModDiscoverer/SCAN]: Found mod file "ConstructionWandsRevived-1.21.1-4.0.0-NeoForge.jar" [locator: {mods folder locator at /opt/crafty/servers/0a2d7bc6-6741-4313-a3db-96a8ff596b9a/mods}, reader: mod manifest]
[15Sept2026 11:40:05.991] [main/INFO] [net.neoforged.fml.loading.moddiscovery.ModDiscoverer/SCAN]: Found mod file "Controlling-neoforge-1.21.1-19.0.5.jar" [locator: {mods folder locator at /opt/crafty/servers/0a2d7bc6-6741-4313-a3db-96a8ff596b9a/mods}, reader: mod manifest]
[15Sept2026 11:40:05.993] [main/INFO] [net.neoforged.fml.loading.moddiscovery.ModDiscoverer/SCAN]: Found mod file "copycats-3.0.4+mc.1.21.1-neoforge.jar" [locator: {mods folder locator at /opt/crafty/servers/0a2d7bc6-6741-4313-a3db-96a8ff596b9a/mods}, reader: mod manifest]
[15Sept2026 11:40:05.995] [main/INFO] [net.neoforged.fml.loading.moddiscovery.ModDiscoverer/SCAN]: Found mod file "Corgilib-NeoForge-1.21.1-5.0.0.9.jar" [locator: {mods folder locator at /opt/crafty/servers/0a2d7bc6-6741-4313-a3db-96a8ff596b9a/mods}, reader: mod manifest]
[15Sept2026 11:40:05.998] [main/INFO] [net.neoforged.fml.loading.moddiscovery.ModDiscoverer/SCAN]: Found mod file "CraftTweaker-neoforge-1.21.1-21.0.38.jar" [locator: {mods folder locator at /opt/crafty/servers/0a2d7bc6-6741-4313-a3db-96a8ff596b9a/mods}, reader: mod manifest]
[15Sept2026 11:40:06.005] [main/INFO] [net.neoforged.fml.loading.moddiscovery.ModDiscoverer/SCAN]: Found mod file "create-1.21.1-6.0.10.jar" [locator: {mods folder locator at /opt/crafty/servers/0a2d7bc6-6741-4313-a3db-96a8ff596b9a/mods}, reader: mod manifest]
[15Sept2026 11:40:06.006] [main/INFO] [net.neoforged.fml.loading.moddiscovery.ModDiscoverer/SCAN]: Found mod file "create-aeronautics-bundled-1.21.1-1.2.1.jar" [locator: {mods folder locator at /opt/crafty/servers/0a2d7bc6-6741-4313-a3db-96a8ff596b9a/mods}, reader: mod manifest]
[15Sept2026 11:40:06.009] [main/INFO] [net.neoforged.fml.loading.moddiscovery.ModDiscoverer/SCAN]: Found mod file "create-aeronautics-tournament-0.0.1.jar" [locator: {mods folder locator at /opt/crafty/servers/0a2d7bc6-6741-4313-a3db-96a8ff596b9a/mods}, reader: mod manifest]
[15Sept2026 11:40:06.011] [main/INFO] [net.neoforged.fml.loading.moddiscovery.ModDiscoverer/SCAN]: Found mod file "create-central-kitchen-2.4.0.jar" [locator: {mods folder locator at /opt/crafty/servers/0a2d7bc6-6741-4313-a3db-96a8ff596b9a/mods}, reader: mod manifest]
[15Sept2026 11:40:06.013] [main/INFO] [net.neoforged.fml.loading.moddiscovery.ModDiscoverer/SCAN]: Found mod file "create-confectionery1.21.1_v1.1.3b.jar" [locator: {mods folder locator at /opt/crafty/servers/0a2d7bc6-6741-4313-a3db-96a8ff596b9a/mods}, reader: mod manifest]
[15Sept2026 11:40:06.015] [main/INFO] [net.neoforged.fml.loading.moddiscovery.ModDiscoverer/SCAN]: Found mod file "create-enchantment-industry-2.3.1.jar" [locator: {mods folder locator at /opt/crafty/servers/0a2d7bc6-6741-4313-a3db-96a8ff596b9a/mods}, reader: mod manifest]
[15Sept2026 11:40:06.017] [main/INFO] [net.neoforged.fml.loading.moddiscovery.ModDiscoverer/SCAN]: Found mod file "create-stuff-additions1.21.1_v2.1.3.jar" [locator: {mods folder locator at /opt/crafty/servers/0a2d7bc6-6741-4313-a3db-96a8ff596b9a/mods}, reader: mod manifest]
[15Sept2026 11:40:06.019] [main/INFO] [net.neoforged.fml.loading.moddiscovery.ModDiscoverer/SCAN]: Found mod file "create_bb-1.0.7-1.21.1-Neoforge.jar" [locator: {mods folder locator at /opt/crafty/servers/0a2d7bc6-6741-4313-a3db-96a8ff596b9a/mods}, reader: mod manifest]
[15Sept2026 11:40:06.022] [main/INFO] [net.neoforged.fml.loading.moddiscovery.ModDiscoverer/SCAN]: Found mod file "create_blazing_hot-0.7.4+neoforge-mc1.21.1.jar" [locator: {mods folder locator at /opt/crafty/servers/0a2d7bc6-6741-4313-a3db-96a8ff596b9a/mods}, reader: mod manifest]
[15Sept2026 11:40:06.024] [main/INFO] [net.neoforged.fml.loading.moddiscovery.ModDiscoverer/SCAN]: Found mod file "create_connected-1.1.16-mc1.21.1.jar" [locator: {mods folder locator at /opt/crafty/servers/0a2d7bc6-6741-4313-a3db-96a8ff596b9a/mods}, reader: mod manifest]
[15Sept2026 11:40:06.027] [main/INFO] [net.neoforged.fml.loading.moddiscovery.ModDiscoverer/SCAN]: Found mod file "create_radar-0.4.8-1.21.1.jar" [locator: {mods folder locator at /opt/crafty/servers/0a2d7bc6-6741-4313-a3db-96a8ff596b9a/mods}, reader: mod manifest]
[15Sept2026 11:40:06.029] [main/INFO] [net.neoforged.fml.loading.moddiscovery.ModDiscoverer/SCAN]: Found mod file "create_tweaked_controllers-1.21.1-1.2.7.jar" [locator: {mods folder locator at /opt/crafty/servers/0a2d7bc6-6741-4313-a3db-96a8ff596b9a/mods}, reader: mod manifest]
[15Sept2026 11:40:06.032] [main/INFO] [net.neoforged.fml.loading.moddiscovery.ModDiscoverer/SCAN]: Found mod file "createaddition-1.5.10.jar" [locator: {mods folder locator at /opt/crafty/servers/0a2d7bc6-6741-4313-a3db-96a8ff596b9a/mods}, reader: mod manifest]
[15Sept2026 11:40:06.034] [main/INFO] [net.neoforged.fml.loading.moddiscovery.ModDiscoverer/SCAN]: Found mod file "createadvancedoptimization-1.3.jar" [locator: {mods folder locator at /opt/crafty/servers/0a2d7bc6-6741-4313-a3db-96a8ff596b9a/mods}, reader: mod manifest]
[15Sept2026 11:40:06.038] [main/INFO] [net.neoforged.fml.loading.moddiscovery.ModDiscoverer/SCAN]: Found mod file "createbigcannons-5.11.6+mc.1.21.1.jar" [locator: {mods folder locator at /opt/crafty/servers/0a2d7bc6-6741-4313-a3db-96a8ff596b9a/mods}, reader: mod manifest]
[15Sept2026 11:40:06.040] [main/INFO] [net.neoforged.fml.loading.moddiscovery.ModDiscoverer/SCAN]: Found mod file "createcobblestone-1.4.9+neoforge-1.21.1-130.jar" [locator: {mods folder locator at /opt/crafty/servers/0a2d7bc6-6741-4313-a3db-96a8ff596b9a/mods}, reader: mod manifest]
[15Sept2026 11:40:06.042] [main/INFO] [net.neoforged.fml.loading.moddiscovery.ModDiscoverer/SCAN]: Found mod file "createcolonies-2.0.4.jar" [locator: {mods folder locator at /opt/crafty/servers/0a2d7bc6-6741-4313-a3db-96a8ff596b9a/mods}, reader: mod manifest]
[15Sept2026 11:40:06.046] [main/INFO] [net.neoforged.fml.loading.moddiscovery.ModDiscoverer/SCAN]: Found mod file "createdeco-2.1.3.jar" [locator: {mods folder locator at /opt/crafty/servers/0a2d7bc6-6741-4313-a3db-96a8ff596b9a/mods}, reader: mod manifest]
[15Sept2026 11:40:06.048] [main/INFO] [net.neoforged.fml.loading.moddiscovery.ModDiscoverer/SCAN]: Found mod file "CreateDragonsPlus-1.10.1.jar" [locator: {mods folder locator at /opt/crafty/servers/0a2d7bc6-6741-4313-a3db-96a8ff596b9a/mods}, reader: mod manifest]
[15Sept2026 11:40:06.050] [main/INFO] [net.neoforged.fml.loading.moddiscovery.ModDiscoverer/SCAN]: Found mod file "createendertransmission-2.1.1-1.21.1.jar" [locator: {mods folder locator at /opt/crafty/servers/0a2d7bc6-6741-4313-a3db-96a8ff596b9a/mods}, reader: mod manifest]
[15Sept2026 11:40:06.053] [main/INFO] [net.neoforged.fml.loading.moddiscovery.ModDiscoverer/SCAN]: Found mod file "createpropulsion-1.1.4.jar" [locator: {mods folder locator at /opt/crafty/servers/0a2d7bc6-6741-4313-a3db-96a8ff596b9a/mods}, reader: mod manifest]
[15Sept2026 11:40:06.055] [main/INFO] [net.neoforged.fml.loading.moddiscovery.ModDiscoverer/SCAN]: Found mod file "curios-neoforge-9.5.1+1.21.1.jar" [locator: {mods folder locator at /opt/crafty/servers/0a2d7bc6-6741-4313-a3db-96a8ff596b9a/mods}, reader: mod manifest]
[15Sept2026 11:40:06.056] [main/INFO] [net.neoforged.fml.loading.moddiscovery.ModDiscoverer/SCAN]: Found mod file "Data_Anchor-neoforge-1.21.1-2.0.0.14.jar" [locator: {mods folder locator at /opt/crafty/servers/0a2d7bc6-6741-4313-a3db-96a8ff596b9a/mods}, reader: mod manifest]
[15Sept2026 11:40:06.059] [main/INFO] [net.neoforged.fml.loading.moddiscovery.ModDiscoverer/SCAN]: Found mod file "DistantHorizons-3.0.3-b-1.21.1-fabric-neoforge.jar" [locator: {mods folder locator at /opt/crafty/servers/0a2d7bc6-6741-4313-a3db-96a8ff596b9a/mods}, reader: mod manifest]
[15Sept2026 11:40:06.073] [main/INFO] [net.neoforged.fml.loading.moddiscovery.ModDiscoverer/SCAN]: Found mod file "domum-ornamentum-1.0.231-main.jar" [locator: {mods folder locator at /opt/crafty/servers/0a2d7bc6-6741-4313-a3db-96a8ff596b9a/mods}, reader: mod manifest]
[15Sept2026 11:40:06.075] [main/INFO] [net.neoforged.fml.loading.moddiscovery.ModDiscoverer/SCAN]: Found mod file "drivebywire-0.2.8.jar" [locator: {mods folder locator at /opt/crafty/servers/0a2d7bc6-6741-4313-a3db-96a8ff596b9a/mods}, reader: mod manifest]
[15Sept2026 11:40:06.077] [main/INFO] [net.neoforged.fml.loading.moddiscovery.ModDiscoverer/SCAN]: Found mod file "effortlessbuilding-4.1+1.21.1.jar" [locator: {mods folder locator at /opt/crafty/servers/0a2d7bc6-6741-4313-a3db-96a8ff596b9a/mods}, reader: mod manifest]
[15Sept2026 11:40:06.078] [main/INFO] [net.neoforged.fml.loading.moddiscovery.ModDiscoverer/SCAN]: Found mod file "Enhanced-Celestials-NeoForge-1.21.1-6.0.2.5.jar" [locator: {mods folder locator at /opt/crafty/servers/0a2d7bc6-6741-4313-a3db-96a8ff596b9a/mods}, reader: mod manifest]
[15Sept2026 11:40:06.080] [main/INFO] [net.neoforged.fml.loading.moddiscovery.ModDiscoverer/SCAN]: Found mod file "escalated-1.3.0-mc.1.21.1.jar" [locator: {mods folder locator at /opt/crafty/servers/0a2d7bc6-6741-4313-a3db-96a8ff596b9a/mods}, reader: mod manifest]
[15Sept2026 11:40:06.082] [main/INFO] [net.neoforged.fml.loading.moddiscovery.ModDiscoverer/SCAN]: Found mod file "fallingleaves-1.21.1-2.5.1.jar" [locator: {mods folder locator at /opt/crafty/servers/0a2d7bc6-6741-4313-a3db-96a8ff596b9a/mods}, reader: mod manifest]
[15Sept2026 11:40:06.083] [main/INFO] [net.neoforged.fml.loading.moddiscovery.ModDiscoverer/SCAN]: Found mod file "FarmersDelight-1.21.1-1.3.2.jar" [locator: {mods folder locator at /opt/crafty/servers/0a2d7bc6-6741-4313-a3db-96a8ff596b9a/mods}, reader: mod manifest]
[15Sept2026 11:40:06.089] [main/INFO] [net.neoforged.fml.loading.moddiscovery.ModDiscoverer/SCAN]: Found mod file "ferritecore-7.0.3-neoforge.jar" [locator: {mods folder locator at /opt/crafty/servers/0a2d7bc6-6741-4313-a3db-96a8ff596b9a/mods}, reader: mod manifest]
[15Sept2026 11:40:06.090] [main/INFO] [net.neoforged.fml.loading.moddiscovery.ModDiscoverer/SCAN]: Found mod file "forgified-fabric-api-0.116.7+2.2.4+1.21.1.jar" [locator: {mods folder locator at /opt/crafty/servers/0a2d7bc6-6741-4313-a3db-96a8ff596b9a/mods}, reader: mod manifest]
[15Sept2026 11:40:06.092] [main/INFO] [net.neoforged.fml.loading.moddiscovery.ModDiscoverer/SCAN]: Found mod file "fracturepoint-1.21.1-3.0.0-PT1-fix.jar" [locator: {mods folder locator at /opt/crafty/servers/0a2d7bc6-6741-4313-a3db-96a8ff596b9a/mods}, reader: mod manifest]
[15Sept2026 11:40:06.096] [main/INFO] [net.neoforged.fml.loading.moddiscovery.ModDiscoverer/SCAN]: Found mod file "FramedBlocks-10.5.3.jar" [locator: {mods folder locator at /opt/crafty/servers/0a2d7bc6-6741-4313-a3db-96a8ff596b9a/mods}, reader: mod manifest]
[15Sept2026 11:40:06.097] [main/INFO] [net.neoforged.fml.loading.moddiscovery.ModDiscoverer/SCAN]: Found mod file "fusion-1.2.12-neoforge-mc1.21.1.jar" [locator: {mods folder locator at /opt/crafty/servers/0a2d7bc6-6741-4313-a3db-96a8ff596b9a/mods}, reader: mod manifest]
[15Sept2026 11:40:06.099] [main/INFO] [net.neoforged.fml.loading.moddiscovery.ModDiscoverer/SCAN]: Found mod file "geckolib-neoforge-1.21.1-4.8.4.jar" [locator: {mods folder locator at /opt/crafty/servers/0a2d7bc6-6741-4313-a3db-96a8ff596b9a/mods}, reader: mod manifest]
[15Sept2026 11:40:06.101] [main/INFO] [net.neoforged.fml.loading.moddiscovery.ModDiscoverer/SCAN]: Found mod file "iris-neoforge-1.8.12+mc1.21.1.jar" [locator: {mods folder locator at /opt/crafty/servers/0a2d7bc6-6741-4313-a3db-96a8ff596b9a/mods}, reader: mod manifest]
[15Sept2026 11:40:06.102] [main/INFO] [net.neoforged.fml.loading.moddiscovery.ModDiscoverer/SCAN]: Found mod file "Jade-1.21.1-NeoForge-15.10.5.jar" [locator: {mods folder locator at /opt/crafty/servers/0a2d7bc6-6741-4313-a3db-96a8ff596b9a/mods}, reader: mod manifest]
[15Sept2026 11:40:06.104] [main/INFO] [net.neoforged.fml.loading.moddiscovery.ModDiscoverer/SCAN]: Found mod file "jamlib-neoforge-1.3.6+1.21.1.jar" [locator: {mods folder locator at /opt/crafty/servers/0a2d7bc6-6741-4313-a3db-96a8ff596b9a/mods}, reader: mod manifest]
[15Sept2026 11:40:06.106] [main/INFO] [net.neoforged.fml.loading.moddiscovery.ModDiscoverer/SCAN]: Found mod file "jei-1.21.1-neoforge-19.27.0.336.jar" [locator: {mods folder locator at /opt/crafty/servers/0a2d7bc6-6741-4313-a3db-96a8ff596b9a/mods}, reader: mod manifest]
[15Sept2026 11:40:06.107] [main/INFO] [net.neoforged.fml.loading.moddiscovery.ModDiscoverer/SCAN]: Found mod file "justzoom_neoforge_2.1.0_MC_1.21.1.jar" [locator: {mods folder locator at /opt/crafty/servers/0a2d7bc6-6741-4313-a3db-96a8ff596b9a/mods}, reader: mod manifest]
[15Sept2026 11:40:06.109] [main/INFO] [net.neoforged.fml.loading.moddiscovery.ModDiscoverer/SCAN]: Found mod file "konkrete_neoforge_1.9.9_MC_1.21.jar" [locator: {mods folder locator at /opt/crafty/servers/0a2d7bc6-6741-4313-a3db-96a8ff596b9a/mods}, reader: mod manifest]
[15Sept2026 11:40:06.109] [main/INFO] [net.neoforged.fml.loading.moddiscovery.ModDiscoverer/SCAN]: Found library file "kotlinforforge-5.12.0-all.jar" [locator: {mods folder locator at /opt/crafty/servers/0a2d7bc6-6741-4313-a3db-96a8ff596b9a/mods}, reader: mod manifest]
[15Sept2026 11:40:06.111] [main/INFO] [net.neoforged.fml.loading.moddiscovery.ModDiscoverer/SCAN]: Found mod file "libraryferret-neoforge-1.21.1-4.0.0.jar" [locator: {mods folder locator at /opt/crafty/servers/0a2d7bc6-6741-4313-a3db-96a8ff596b9a/mods}, reader: mod manifest]
[15Sept2026 11:40:06.113] [main/INFO] [net.neoforged.fml.loading.moddiscovery.ModDiscoverer/SCAN]: Found mod file "linearbearing-1.2.6.jar" [locator: {mods folder locator at /opt/crafty/servers/0a2d7bc6-6741-4313-a3db-96a8ff596b9a/mods}, reader: mod manifest]
[15Sept2026 11:40:06.114] [main/INFO] [net.neoforged.fml.loading.moddiscovery.ModDiscoverer/SCAN]: Found mod file "lithostitched-1.7.7-neoforge-21.1.jar" [locator: {mods folder locator at /opt/crafty/servers/0a2d7bc6-6741-4313-a3db-96a8ff596b9a/mods}, reader: mod manifest]
[15Sept2026 11:40:06.116] [main/INFO] [net.neoforged.fml.loading.moddiscovery.ModDiscoverer/SCAN]: Found mod file "MagnumTorch-v21.1.1-1.21.1-NeoForge.jar" [locator: {mods folder locator at /opt/crafty/servers/0a2d7bc6-6741-4313-a3db-96a8ff596b9a/mods}, reader: mod manifest]
[15Sept2026 11:40:06.118] [main/INFO] [net.neoforged.fml.loading.moddiscovery.ModDiscoverer/SCAN]: Found mod file "midgard-1.0.0.jar" [locator: {mods folder locator at /opt/crafty/servers/0a2d7bc6-6741-4313-a3db-96a8ff596b9a/mods}, reader: mod manifest]
[15Sept2026 11:40:06.127] [main/INFO] [net.neoforged.fml.loading.moddiscovery.ModDiscoverer/SCAN]: Found mod file "minecolonies-1.1.1300-1.21.1.jar" [locator: {mods folder locator at /opt/crafty/servers/0a2d7bc6-6741-4313-a3db-96a8ff596b9a/mods}, reader: mod manifest]
[15Sept2026 11:40:06.128] [main/INFO] [net.neoforged.fml.loading.moddiscovery.ModDiscoverer/SCAN]: Found mod file "MineColonies_Compatibility-1.21.1-3.42.jar" [locator: {mods folder locator at /opt/crafty/servers/0a2d7bc6-6741-4313-a3db-96a8ff596b9a/mods}, reader: mod manifest]
[15Sept2026 11:40:06.130] [main/INFO] [net.neoforged.fml.loading.moddiscovery.ModDiscoverer/SCAN]: Found mod file "MineColonies_Tweaks-1.21.1-3.30.jar" [locator: {mods folder locator at /opt/crafty/servers/0a2d7bc6-6741-4313-a3db-96a8ff596b9a/mods}, reader: mod manifest]
[15Sept2026 11:40:06.131] [main/INFO] [net.neoforged.fml.loading.moddiscovery.ModDiscoverer/SCAN]: Found mod file "modernfix-neoforge-5.27.20+mc1.21.1.jar" [locator: {mods folder locator at /opt/crafty/servers/0a2d7bc6-6741-4313-a3db-96a8ff596b9a/mods}, reader: mod manifest]
[15Sept2026 11:40:06.132] [main/INFO] [net.neoforged.fml.loading.moddiscovery.ModDiscoverer/SCAN]: Found mod file "molten_vents-1.21.1-2.1.1.jar" [locator: {mods folder locator at /opt/crafty/servers/0a2d7bc6-6741-4313-a3db-96a8ff596b9a/mods}, reader: mod manifest]
[15Sept2026 11:40:06.133] [main/INFO] [net.neoforged.fml.loading.moddiscovery.ModDiscoverer/SCAN]: Found mod file "MouseTweaks-neoforge-mc1.21-2.26.1.jar" [locator: {mods folder locator at /opt/crafty/servers/0a2d7bc6-6741-4313-a3db-96a8ff596b9a/mods}, reader: mod manifest]
[15Sept2026 11:40:06.134] [main/INFO] [net.neoforged.fml.loading.moddiscovery.ModDiscoverer/SCAN]: Found mod file "multipiston-1.2.58-1.21.1.jar" [locator: {mods folder locator at /opt/crafty/servers/0a2d7bc6-6741-4313-a3db-96a8ff596b9a/mods}, reader: mod manifest]
[15Sept2026 11:40:06.136] [main/INFO] [net.neoforged.fml.loading.moddiscovery.ModDiscoverer/SCAN]: Found mod file "naturalist-1.0.2-neoforge-1.21.1.jar" [locator: {mods folder locator at /opt/crafty/servers/0a2d7bc6-6741-4313-a3db-96a8ff596b9a/mods}, reader: mod manifest]
[15Sept2026 11:40:06.137] [main/INFO] [net.neoforged.fml.loading.moddiscovery.ModDiscoverer/SCAN]: Found mod file "NaturesCompass-1.21.1-3.4.0-neoforge.jar" [locator: {mods folder locator at /opt/crafty/servers/0a2d7bc6-6741-4313-a3db-96a8ff596b9a/mods}, reader: mod manifest]
[15Sept2026 11:40:06.138] [main/INFO] [net.neoforged.fml.loading.moddiscovery.ModDiscoverer/SCAN]: Found mod file "Oh-The-Trees-Youll-Grow-neoforge-1.21.1-5.3.2.jar" [locator: {mods folder locator at /opt/crafty/servers/0a2d7bc6-6741-4313-a3db-96a8ff596b9a/mods}, reader: mod manifest]
[15Sept2026 11:40:06.149] [main/INFO] [net.neoforged.fml.loading.moddiscovery.ModDiscoverer/SCAN]: Found mod file "optifinecapes-1.0.1.jar" [locator: {mods folder locator at /opt/crafty/servers/0a2d7bc6-6741-4313-a3db-96a8ff596b9a/mods}, reader: mod manifest]
[15Sept2026 11:40:06.152] [main/INFO] [net.neoforged.fml.loading.moddiscovery.ModDiscoverer/SCAN]: Found mod file "OreExcavation-NeoForge-1.21.1-1.16.43.jar" [locator: {mods folder locator at /opt/crafty/servers/0a2d7bc6-6741-4313-a3db-96a8ff596b9a/mods}, reader: mod manifest]
[15Sept2026 11:40:06.153] [main/INFO] [net.neoforged.fml.loading.moddiscovery.ModDiscoverer/SCAN]: Found mod file "PuzzlesLib-v21.1.51-1.21.1-NeoForge.jar" [locator: {mods folder locator at /opt/crafty/servers/0a2d7bc6-6741-4313-a3db-96a8ff596b9a/mods}, reader: mod manifest]
[15Sept2026 11:40:06.163] [main/INFO] [net.neoforged.fml.loading.moddiscovery.ModDiscoverer/SCAN]: Found mod file "railways-0.3.0-alpha.2+neoforge-mc1.21.1.jar" [locator: {mods folder locator at /opt/crafty/servers/0a2d7bc6-6741-4313-a3db-96a8ff596b9a/mods}, reader: mod manifest]
[15Sept2026 11:40:06.170] [main/INFO] [net.neoforged.fml.loading.moddiscovery.ModDiscoverer/SCAN]: Found mod file "rechiseled-1.2.4-neoforge-mc1.21.jar" [locator: {mods folder locator at /opt/crafty/servers/0a2d7bc6-6741-4313-a3db-96a8ff596b9a/mods}, reader: mod manifest]
[15Sept2026 11:40:06.172] [main/INFO] [net.neoforged.fml.loading.moddiscovery.ModDiscoverer/SCAN]: Found mod file "rechiseledcreate-1.1.0-neoforge-mc1.21.jar" [locator: {mods folder locator at /opt/crafty/servers/0a2d7bc6-6741-4313-a3db-96a8ff596b9a/mods}, reader: mod manifest]
[15Sept2026 11:40:06.173] [main/INFO] [net.neoforged.fml.loading.moddiscovery.ModDiscoverer/SCAN]: Found mod file "reeses-sodium-options-neoforge-1.8.3+mc1.21.4.jar" [locator: {mods folder locator at /opt/crafty/servers/0a2d7bc6-6741-4313-a3db-96a8ff596b9a/mods}, reader: mod manifest]
[15Sept2026 11:40:06.174] [main/INFO] [net.neoforged.fml.loading.moddiscovery.ModDiscoverer/SCAN]: Found mod file "resourcefullib-neoforge-1.21-3.0.12.jar" [locator: {mods folder locator at /opt/crafty/servers/0a2d7bc6-6741-4313-a3db-96a8ff596b9a/mods}, reader: mod manifest]
[15Sept2026 11:40:06.175] [main/INFO] [net.neoforged.fml.loading.moddiscovery.ModDiscoverer/SCAN]: Found mod file "rightclickharvest-neoforge-4.6.1+1.21.1.jar" [locator: {mods folder locator at /opt/crafty/servers/0a2d7bc6-6741-4313-a3db-96a8ff596b9a/mods}, reader: mod manifest]
[15Sept2026 11:40:06.175] [main/INFO] [net.neoforged.fml.loading.moddiscovery.ModDiscoverer/SCAN]: Found mod file "ritchiesprojectilelib-2.1.2-mc.1.21.1-neoforge.jar" [locator: {mods folder locator at /opt/crafty/servers/0a2d7bc6-6741-4313-a3db-96a8ff596b9a/mods}, reader: mod manifest]
[15Sept2026 11:40:06.177] [main/INFO] [net.neoforged.fml.loading.moddiscovery.ModDiscoverer/SCAN]: Found mod file "s_a_b-1.4.3-neoforge-1.21.1.jar" [locator: {mods folder locator at /opt/crafty/servers/0a2d7bc6-6741-4313-a3db-96a8ff596b9a/mods}, reader: mod manifest]
[15Sept2026 11:40:06.178] [main/INFO] [net.neoforged.fml.loading.moddiscovery.ModDiscoverer/SCAN]: Found mod file "sable-neoforge-1.21.1-1.2.2.jar" [locator: {mods folder locator at /opt/crafty/servers/0a2d7bc6-6741-4313-a3db-96a8ff596b9a/mods}, reader: mod manifest]
[15Sept2026 11:40:06.179] [main/INFO] [net.neoforged.fml.loading.moddiscovery.ModDiscoverer/SCAN]: Found mod file "sablefloaters-0.0.6.jar" [locator: {mods folder locator at /opt/crafty/servers/0a2d7bc6-6741-4313-a3db-96a8ff596b9a/mods}, reader: mod manifest]
[15Sept2026 11:40:06.180] [main/INFO] [net.neoforged.fml.loading.moddiscovery.ModDiscoverer/SCAN]: Found mod file "Searchables-neoforge-1.21.1-1.0.2.jar" [locator: {mods folder locator at /opt/crafty/servers/0a2d7bc6-6741-4313-a3db-96a8ff596b9a/mods}, reader: mod manifest]
[15Sept2026 11:40:06.181] [main/INFO] [net.neoforged.fml.loading.moddiscovery.ModDiscoverer/SCAN]: Found mod file "ShoulderSurfing-NeoForge-1.21.1-5.0.10.jar" [locator: {mods folder locator at /opt/crafty/servers/0a2d7bc6-6741-4313-a3db-96a8ff596b9a/mods}, reader: mod manifest]
[15Sept2026 11:40:06.182] [main/INFO] [net.neoforged.fml.loading.moddiscovery.ModDiscoverer/SCAN]: Found mod file "shtreimel-neoforge-1.21.1-0.5.0.jar" [locator: {mods folder locator at /opt/crafty/servers/0a2d7bc6-6741-4313-a3db-96a8ff596b9a/mods}, reader: mod manifest]
[15Sept2026 11:40:06.183] [main/INFO] [net.neoforged.fml.loading.moddiscovery.ModDiscoverer/SCAN]: Found mod file "skinlayers3d-neoforge-1.11.1-mc1.21.1.jar" [locator: {mods folder locator at /opt/crafty/servers/0a2d7bc6-6741-4313-a3db-96a8ff596b9a/mods}, reader: mod manifest]
[15Sept2026 11:40:06.185] [main/INFO] [net.neoforged.fml.loading.moddiscovery.ModDiscoverer/SCAN]: Found mod file "sodium-neoforge-0.6.13+mc1.21.1.jar" [locator: {mods folder locator at /opt/crafty/servers/0a2d7bc6-6741-4313-a3db-96a8ff596b9a/mods}, reader: mod manifest]
[15Sept2026 11:40:06.185] [main/INFO] [net.neoforged.fml.loading.moddiscovery.ModDiscoverer/SCAN]: Found mod file "sodiumdynamiclights-neoforge-1.0.10-1.21.1.jar" [locator: {mods folder locator at /opt/crafty/servers/0a2d7bc6-6741-4313-a3db-96a8ff596b9a/mods}, reader: mod manifest]
[15Sept2026 11:40:06.186] [main/INFO] [net.neoforged.fml.loading.moddiscovery.ModDiscoverer/SCAN]: Found mod file "sodiumextras-neoforge-1.0.8-1.21.1.jar" [locator: {mods folder locator at /opt/crafty/servers/0a2d7bc6-6741-4313-a3db-96a8ff596b9a/mods}, reader: mod manifest]
[15Sept2026 11:40:06.187] [main/INFO] [net.neoforged.fml.loading.moddiscovery.ModDiscoverer/SCAN]: Found mod file "sodiumoptionsapi-neoforge-1.0.10-1.21.1.jar" [locator: {mods folder locator at /opt/crafty/servers/0a2d7bc6-6741-4313-a3db-96a8ff596b9a/mods}, reader: mod manifest]
[15Sept2026 11:40:06.188] [main/INFO] [net.neoforged.fml.loading.moddiscovery.ModDiscoverer/SCAN]: Found mod file "sophisticatedbackpacks-1.21.1-3.25.48.1759.jar" [locator: {mods folder locator at /opt/crafty/servers/0a2d7bc6-6741-4313-a3db-96a8ff596b9a/mods}, reader: mod manifest]
[15Sept2026 11:40:06.189] [main/INFO] [net.neoforged.fml.loading.moddiscovery.ModDiscoverer/SCAN]: Found mod file "sophisticatedcore-1.21.1-1.4.41.1867.jar" [locator: {mods folder locator at /opt/crafty/servers/0a2d7bc6-6741-4313-a3db-96a8ff596b9a/mods}, reader: mod manifest]
[15Sept2026 11:40:06.190] [main/INFO] [net.neoforged.fml.loading.moddiscovery.ModDiscoverer/SCAN]: Found mod file "sound-physics-remastered-neoforge-1.21.1-1.5.1.jar" [locator: {mods folder locator at /opt/crafty/servers/0a2d7bc6-6741-4313-a3db-96a8ff596b9a/mods}, reader: mod manifest]
[15Sept2026 11:40:06.192] [main/INFO] [net.neoforged.fml.loading.moddiscovery.ModDiscoverer/SCAN]: Found mod file "StageBox-Mod-1.1.1-NeoForge-1.21.1.jar" [locator: {mods folder locator at /opt/crafty/servers/0a2d7bc6-6741-4313-a3db-96a8ff596b9a/mods}, reader: mod manifest]
[15Sept2026 11:40:06.193] [main/INFO] [net.neoforged.fml.loading.moddiscovery.ModDiscoverer/SCAN]: Found mod file "StorageDrawers-neoforge-1.21.1-13.11.4.jar" [locator: {mods folder locator at /opt/crafty/servers/0a2d7bc6-6741-4313-a3db-96a8ff596b9a/mods}, reader: mod manifest]
[15Sept2026 11:40:06.194] [main/INFO] [net.neoforged.fml.loading.moddiscovery.ModDiscoverer/SCAN]: Found mod file "structurize-1.0.822-1.21.1.jar" [locator: {mods folder locator at /opt/crafty/servers/0a2d7bc6-6741-4313-a3db-96a8ff596b9a/mods}, reader: mod manifest]
[15Sept2026 11:40:06.197] [main/INFO] [net.neoforged.fml.loading.moddiscovery.ModDiscoverer/SCAN]: Found mod file "stylecolonies-1.15.54-1.21.1.jar" [locator: {mods folder locator at /opt/crafty/servers/0a2d7bc6-6741-4313-a3db-96a8ff596b9a/mods}, reader: mod manifest]
[15Sept2026 11:40:06.198] [main/INFO] [net.neoforged.fml.loading.moddiscovery.ModDiscoverer/SCAN]: Found mod file "supermartijn642configlib-1.1.8-neoforge-mc1.21.jar" [locator: {mods folder locator at /opt/crafty/servers/0a2d7bc6-6741-4313-a3db-96a8ff596b9a/mods}, reader: mod manifest]
[15Sept2026 11:40:06.199] [main/INFO] [net.neoforged.fml.loading.moddiscovery.ModDiscoverer/SCAN]: Found mod file "supermartijn642corelib-1.1.21-neoforge-mc1.21.jar" [locator: {mods folder locator at /opt/crafty/servers/0a2d7bc6-6741-4313-a3db-96a8ff596b9a/mods}, reader: mod manifest]
[15Sept2026 11:40:06.202] [main/INFO] [net.neoforged.fml.loading.moddiscovery.ModDiscoverer/SCAN]: Found mod file "tacz-neoforge-1.21.1-1.1.8-r2.jar" [locator: {mods folder locator at /opt/crafty/servers/0a2d7bc6-6741-4313-a3db-96a8ff596b9a/mods}, reader: mod manifest]
[15Sept2026 11:40:06.203] [main/INFO] [net.neoforged.fml.loading.moddiscovery.ModDiscoverer/SCAN]: Found mod file "tacz-tweaks-3.0.0-alpha.10+1.21.1-neoforge.jar" [locator: {mods folder locator at /opt/crafty/servers/0a2d7bc6-6741-4313-a3db-96a8ff596b9a/mods}, reader: mod manifest]
[15Sept2026 11:40:06.204] [main/INFO] [net.neoforged.fml.loading.moddiscovery.ModDiscoverer/SCAN]: Found mod file "tectonic-3.0.22-neoforge-21.1.jar" [locator: {mods folder locator at /opt/crafty/servers/0a2d7bc6-6741-4313-a3db-96a8ff596b9a/mods}, reader: mod manifest]
[15Sept2026 11:40:06.207] [main/INFO] [net.neoforged.fml.loading.moddiscovery.ModDiscoverer/SCAN]: Found mod file "tfmg-1.2.0.jar" [locator: {mods folder locator at /opt/crafty/servers/0a2d7bc6-6741-4313-a3db-96a8ff596b9a/mods}, reader: mod manifest]
[15Sept2026 11:40:06.209] [main/INFO] [net.neoforged.fml.loading.moddiscovery.ModDiscoverer/SCAN]: Found mod file "towntalk-1.2.0.jar" [locator: {mods folder locator at /opt/crafty/servers/0a2d7bc6-6741-4313-a3db-96a8ff596b9a/mods}, reader: mod manifest]
[15Sept2026 11:40:06.210] [main/INFO] [net.neoforged.fml.loading.moddiscovery.ModDiscoverer/SCAN]: Found mod file "tp_shooting-neoforge-1.21.1-tacz1.1.8-ssr5-6.0.1.jar" [locator: {mods folder locator at /opt/crafty/servers/0a2d7bc6-6741-4313-a3db-96a8ff596b9a/mods}, reader: mod manifest]
[15Sept2026 11:40:06.211] [main/INFO] [net.neoforged.fml.loading.moddiscovery.ModDiscoverer/SCAN]: Found mod file "tracks-neoforge-1.21.1-1.0.1.jar" [locator: {mods folder locator at /opt/crafty/servers/0a2d7bc6-6741-4313-a3db-96a8ff596b9a/mods}, reader: mod manifest]
[15Sept2026 11:40:06.212] [main/INFO] [net.neoforged.fml.loading.moddiscovery.ModDiscoverer/SCAN]: Found mod file "treeplacer-neoforge-1.21.1-2.0.2.jar" [locator: {mods folder locator at /opt/crafty/servers/0a2d7bc6-6741-4313-a3db-96a8ff596b9a/mods}, reader: mod manifest]
[15Sept2026 11:40:06.213] [main/INFO] [net.neoforged.fml.loading.moddiscovery.ModDiscoverer/SCAN]: Found mod file "UndeadNights-2.2.5-NeoForge-mc1.21.jar" [locator: {mods folder locator at /opt/crafty/servers/0a2d7bc6-6741-4313-a3db-96a8ff596b9a/mods}, reader: mod manifest]
[15Sept2026 11:40:06.214] [main/INFO] [net.neoforged.fml.loading.moddiscovery.ModDiscoverer/SCAN]: Found mod file "voicechat-neoforge-1.21.1-2.6.22.jar" [locator: {mods folder locator at /opt/crafty/servers/0a2d7bc6-6741-4313-a3db-96a8ff596b9a/mods}, reader: mod manifest]
[15Sept2026 11:40:06.215] [main/INFO] [net.neoforged.fml.loading.moddiscovery.ModDiscoverer/SCAN]: Found mod file "waystones-neoforge-1.21.1-21.1.33.jar" [locator: {mods folder locator at /opt/crafty/servers/0a2d7bc6-6741-4313-a3db-96a8ff596b9a/mods}, reader: mod manifest]
[15Sept2026 11:40:06.217] [main/INFO] [net.neoforged.fml.loading.moddiscovery.ModDiscoverer/SCAN]: Found mod file "worldedit-mod-7.3.8.jar" [locator: {mods folder locator at /opt/crafty/servers/0a2d7bc6-6741-4313-a3db-96a8ff596b9a/mods}, reader: mod manifest]
[15Sept2026 11:40:06.218] [main/INFO] [net.neoforged.fml.loading.moddiscovery.ModDiscoverer/SCAN]: Found mod file "xaerominimap-neoforge-1.21.1-25.3.13.jar" [locator: {mods folder locator at /opt/crafty/servers/0a2d7bc6-6741-4313-a3db-96a8ff596b9a/mods}, reader: mod manifest]
[15Sept2026 11:40:06.219] [main/INFO] [net.neoforged.fml.loading.moddiscovery.ModDiscoverer/SCAN]: Found mod file "xaeroworldmap-neoforge-1.21.1-1.40.16.jar" [locator: {mods folder locator at /opt/crafty/servers/0a2d7bc6-6741-4313-a3db-96a8ff596b9a/mods}, reader: mod manifest]
[15Sept2026 11:40:06.220] [main/INFO] [net.neoforged.fml.loading.moddiscovery.ModDiscoverer/SCAN]: Found mod file "yet_another_config_lib_v3-3.8.2+1.21.1-neoforge.jar" [locator: {mods folder locator at /opt/crafty/servers/0a2d7bc6-6741-4313-a3db-96a8ff596b9a/mods}, reader: mod manifest]
[15Sept2026 11:40:07.333] [main/WARN] [net.neoforged.jarjar.selection.JarSelector/]: Attempted to select a dependency jar for JarJar which was passed in as source: library:net.fabricmc.loader. Using Mod File: /~nonexistent
[15Sept2026 11:40:07.334] [main/INFO] [net.neoforged.fml.loading.moddiscovery.locators.JarInJarDependencyLocator/]: Found 120 dependencies adding them to mods collection
[15Sept2026 11:40:07.334] [main/INFO] [net.neoforged.fml.loading.moddiscovery.ModDiscoverer/SCAN]: Found mod file "c2me-neoforge-fixes-worldgen-threading-issues-mc1.21.1-0.4.0-alpha.0.120.jar" [parent: c2me-neoforge-mc1.21.1-0.4.0-alpha.0.120.jar, locator: jarinjar, reader: mod manifest]
[15Sept2026 11:40:07.334] [main/INFO] [net.neoforged.fml.loading.moddiscovery.ModDiscoverer/SCAN]: Found mod file "kuma-api-neoforge-21.0.7+1.21.jar" [parent: balm-neoforge-1.21.1-21.0.56.jar, locator: jarinjar, reader: mod manifest]
[15Sept2026 11:40:07.334] [main/INFO] [net.neoforged.fml.loading.moddiscovery.ModDiscoverer/SCAN]: Found mod file "fabric-renderer-api-v1-3.4.1+9125b6dc19.jar" [parent: forgified-fabric-api-0.116.7+2.2.4+1.21.1.jar, locator: jarinjar, reader: mod manifest]
[15Sept2026 11:40:07.334] [main/INFO] [net.neoforged.fml.loading.moddiscovery.ModDiscoverer/SCAN]: Found library file "glsl-processor-0.2.3.jar" [parent: veil-neoforge-1.21.1-4.0.0.jar, locator: jarinjar]
[15Sept2026 11:40:07.334] [main/INFO] [net.neoforged.fml.loading.moddiscovery.ModDiscoverer/SCAN]: Found mod file "ponder-neoforge-1.0.82+mc1.21.1.jar" [parent: create-1.21.1-6.0.10.jar, locator: jarinjar, reader: mod manifest]
[15Sept2026 11:40:07.334] [main/INFO] [net.neoforged.fml.loading.moddiscovery.ModDiscoverer/SCAN]: Found mod file "fabric-item-api-v1-11.2.0+0c57911319.jar" [parent: forgified-fabric-api-0.116.7+2.2.4+1.21.1.jar, locator: jarinjar, reader: mod manifest]
[15Sept2026 11:40:07.334] [main/INFO] [net.neoforged.fml.loading.moddiscovery.ModDiscoverer/SCAN]: Found mod file "fabric-rendering-fluids-v1-3.1.6+a51883b219.jar" [parent: forgified-fabric-api-0.116.7+2.2.4+1.21.1.jar, locator: jarinjar, reader: mod manifest]
[15Sept2026 11:40:07.334] [main/INFO] [net.neoforged.fml.loading.moddiscovery.ModDiscoverer/SCAN]: Found mod file "c2me-neoforge-opts-natives-math-mc1.21.1-0.4.0-alpha.0.120.jar" [parent: c2me-neoforge-mc1.21.1-0.4.0-alpha.0.120.jar, locator: jarinjar, reader: mod manifest]
[15Sept2026 11:40:07.334] [main/INFO] [net.neoforged.fml.loading.moddiscovery.ModDiscoverer/SCAN]: Found mod file "c2me-neoforge-fixes-general-threading-issues-mc1.21.1-0.4.0-alpha.0.120.jar" [parent: c2me-neoforge-mc1.21.1-0.4.0-alpha.0.120.jar, locator: jarinjar, reader: mod manifest]
[15Sept2026 11:40:07.334] [main/INFO] [net.neoforged.fml.loading.moddiscovery.ModDiscoverer/SCAN]: Found library file "commons-math3-3.6.1.jar" [parent: tacz-neoforge-1.21.1-1.1.8-r2.jar, locator: jarinjar]
[15Sept2026 11:40:07.334] [main/INFO] [net.neoforged.fml.loading.moddiscovery.ModDiscoverer/SCAN]: Found mod file "fabric-convention-tags-v1-2.1.5+7f945d5b19.jar" [parent: forgified-fabric-api-0.116.7+2.2.4+1.21.1.jar, locator: jarinjar, reader: mod manifest]
[15Sept2026 11:40:07.334] [main/INFO] [net.neoforged.fml.loading.moddiscovery.ModDiscoverer/SCAN]: Found library file "kotlinx-coroutines-core-jvm-1.11.0.jar" [parent: kotlinforforge-5.12.0-all.jar, locator: jarinjar]
[15Sept2026 11:40:07.334] [main/INFO] [net.neoforged.fml.loading.moddiscovery.ModDiscoverer/SCAN]: Found mod file "fabric-block-view-api-v2-1.0.11+e9036fd419.jar" [parent: forgified-fabric-api-0.116.7+2.2.4+1.21.1.jar, locator: jarinjar, reader: mod manifest]
[15Sept2026 11:40:07.334] [main/INFO] [net.neoforged.fml.loading.moddiscovery.ModDiscoverer/SCAN]: Found mod file "fabric-convention-tags-v2-2.11.1+87e5848019.jar" [parent: forgified-fabric-api-0.116.7+2.2.4+1.21.1.jar, locator: jarinjar, reader: mod manifest]
[15Sept2026 11:40:07.334] [main/INFO] [net.neoforged.fml.loading.moddiscovery.ModDiscoverer/SCAN]: Found mod file "fabric-command-api-v2-2.2.28+36d727be19.jar" [parent: forgified-fabric-api-0.116.7+2.2.4+1.21.1.jar, locator: jarinjar, reader: mod manifest]
[15Sept2026 11:40:07.334] [main/INFO] [net.neoforged.fml.loading.moddiscovery.ModDiscoverer/SCAN]: Found mod file "fabric-data-attachment-api-v1-1.4.5+26d408aa19.jar" [parent: forgified-fabric-api-0.116.7+2.2.4+1.21.1.jar, locator: jarinjar, reader: mod manifest]
[15Sept2026 11:40:07.334] [main/INFO] [net.neoforged.fml.loading.moddiscovery.ModDiscoverer/SCAN]: Found library file "jctools-core-4.0.5.jar" [parent: c2me-neoforge-mc1.21.1-0.4.0-alpha.0.120.jar, locator: jarinjar]
[15Sept2026 11:40:07.334] [main/INFO] [net.neoforged.fml.loading.moddiscovery.ModDiscoverer/SCAN]: Found mod file "veil-neoforge-1.21.1-4.0.0.jar" [parent: sable-neoforge-1.21.1-1.2.2.jar, locator: jarinjar, reader: mod manifest]
[15Sept2026 11:40:07.334] [main/INFO] [net.neoforged.fml.loading.moddiscovery.ModDiscoverer/SCAN]: Found mod file "dev.simulated_team.simulated.simulated-neoforge-1.21.1-1.2.1.jar" [parent: create-aeronautics-bundled-1.21.1-1.2.1.jar, locator: jarinjar, reader: mod manifest]
[15Sept2026 11:40:07.334] [main/INFO] [net.neoforged.fml.loading.moddiscovery.ModDiscoverer/SCAN]: Found mod file "c2me-neoforge-opts-math-mc1.21.1-0.4.0-alpha.0.120.jar" [parent: c2me-neoforge-mc1.21.1-0.4.0-alpha.0.120.jar, locator: jarinjar, reader: mod manifest]
[15Sept2026 11:40:07.334] [main/INFO] [net.neoforged.fml.loading.moddiscovery.ModDiscoverer/SCAN]: Found library file "kotlin-stdlib-jdk7-2.4.0.jar" [parent: kotlinforforge-5.12.0-all.jar, locator: jarinjar]
[15Sept2026 11:40:07.334] [main/INFO] [net.neoforged.fml.loading.moddiscovery.ModDiscoverer/SCAN]: Found library file "kotlin-stdlib-jdk8-2.4.0.jar" [parent: kotlinforforge-5.12.0-all.jar, locator: jarinjar]
[15Sept2026 11:40:07.334] [main/INFO] [net.neoforged.fml.loading.moddiscovery.ModDiscoverer/SCAN]: Found mod file "fabric-screen-api-v1-2.0.25+0ae1214819.jar" [parent: forgified-fabric-api-0.116.7+2.2.4+1.21.1.jar, locator: jarinjar, reader: mod manifest]
[15Sept2026 11:40:07.334] [main/INFO] [net.neoforged.fml.loading.moddiscovery.ModDiscoverer/SCAN]: Found library file "reactive-streams-1.0.4.jar" [parent: c2me-neoforge-mc1.21.1-0.4.0-alpha.0.120.jar, locator: jarinjar]
[15Sept2026 11:40:07.334] [main/INFO] [net.neoforged.fml.loading.moddiscovery.ModDiscoverer/SCAN]: Found mod file "c2me-neoforge-base-mc1.21.1-0.4.0-alpha.0.120-all.jar" [parent: c2me-neoforge-mc1.21.1-0.4.0-alpha.0.120.jar, locator: jarinjar, reader: mod manifest]
[15Sept2026 11:40:07.334] [main/INFO] [net.neoforged.fml.loading.moddiscovery.ModDiscoverer/SCAN]: Found mod file "c2me-neoforge-fixes-worldgen-vanilla-bugs-mc1.21.1-0.4.0-alpha.0.120.jar" [parent: c2me-neoforge-mc1.21.1-0.4.0-alpha.0.120.jar, locator: jarinjar, reader: mod manifest]
[15Sept2026 11:40:07.334] [main/INFO] [net.neoforged.fml.loading.moddiscovery.ModDiscoverer/SCAN]: Found library file "kotlinx-serialization-json-jvm-1.11.0.jar" [parent: kotlinforforge-5.12.0-all.jar, locator: jarinjar]
[15Sept2026 11:40:07.334] [main/INFO] [net.neoforged.fml.loading.moddiscovery.ModDiscoverer/SCAN]: Found library file "bytecodecs-1.1.2.jar" [parent: resourcefullib-neoforge-1.21-3.0.12.jar, locator: jarinjar]
[15Sept2026 11:40:07.334] [main/INFO] [net.neoforged.fml.loading.moddiscovery.ModDiscoverer/SCAN]: Found mod file "fabric-content-registries-v0-8.0.19+5e0d320019.jar" [parent: forgified-fabric-api-0.116.7+2.2.4+1.21.1.jar, locator: jarinjar, reader: mod manifest]
[15Sept2026 11:40:07.334] [main/INFO] [net.neoforged.fml.loading.moddiscovery.ModDiscoverer/SCAN]: Found library file "sqlite-jdbc-3.45.1.0.jar" [parent: create_radar-0.4.8-1.21.1.jar, locator: jarinjar]
[15Sept2026 11:40:07.334] [main/INFO] [net.neoforged.fml.loading.moddiscovery.ModDiscoverer/SCAN]: Found library file "exp4j-0.4.8.jar" [parent: c2me-neoforge-mc1.21.1-0.4.0-alpha.0.120.jar, locator: jarinjar]
[15Sept2026 11:40:07.334] [main/INFO] [net.neoforged.fml.loading.moddiscovery.ModDiscoverer/SCAN]: Found gamelibrary file "mixinextras-neoforge-0.5.4.jar" [parent: tacz-tweaks-3.0.0-alpha.10+1.21.1-neoforge.jar, locator: jarinjar, reader: mod manifest]
[15Sept2026 11:40:07.334] [main/INFO] [net.neoforged.fml.loading.moddiscovery.ModDiscoverer/SCAN]: Found mod file "fabric-game-rule-api-v1-1.0.53+36d727be19.jar" [parent: forgified-fabric-api-0.116.7+2.2.4+1.21.1.jar, locator: jarinjar, reader: mod manifest]
[15Sept2026 11:40:07.334] [main/INFO] [net.neoforged.fml.loading.moddiscovery.ModDiscoverer/SCAN]: Found mod file "fabric-api-lookup-api-v1-1.6.71+c290471319.jar" [parent: forgified-fabric-api-0.116.7+2.2.4+1.21.1.jar, locator: jarinjar, reader: mod manifest]
[15Sept2026 11:40:07.334] [main/INFO] [net.neoforged.fml.loading.moddiscovery.ModDiscoverer/SCAN]: Found mod file "c2me-neoforge-fixes-chunkio-threading-issues-mc1.21.1-0.4.0-alpha.0.120.jar" [parent: c2me-neoforge-mc1.21.1-0.4.0-alpha.0.120.jar, locator: jarinjar, reader: mod manifest]
[15Sept2026 11:40:07.335] [main/INFO] [net.neoforged.fml.loading.moddiscovery.ModDiscoverer/SCAN]: Found mod file "c2me-neoforge-client-uncapvd-mc1.21.1-0.4.0-alpha.0.120.jar" [parent: c2me-neoforge-mc1.21.1-0.4.0-alpha.0.120.jar, locator: jarinjar, reader: mod manifest]
[15Sept2026 11:40:07.335] [main/INFO] [net.neoforged.fml.loading.moddiscovery.ModDiscoverer/SCAN]: Found library file "bcel-6.6.1.jar" [parent: tacz-neoforge-1.21.1-1.1.8-r2.jar, locator: jarinjar]
[15Sept2026 11:40:07.335] [main/INFO] [net.neoforged.fml.loading.moddiscovery.ModDiscoverer/SCAN]: Found library file "imageio-metadata-3.12.0.jar" [parent: yet_another_config_lib_v3-3.8.2+1.21.1-neoforge.jar, locator: jarinjar]
[15Sept2026 11:40:07.335] [main/INFO] [net.neoforged.fml.loading.moddiscovery.ModDiscoverer/SCAN]: Found library file "jcpp-1.4.14.jar" [parent: iris-neoforge-1.8.12+mc1.21.1.jar, locator: jarinjar]
[15Sept2026 11:40:07.335] [main/INFO] [net.neoforged.fml.loading.moddiscovery.ModDiscoverer/SCAN]: Found mod file "c2me-neoforge-opts-dfc-mc1.21.1-0.4.0-alpha.0.120.jar" [parent: c2me-neoforge-mc1.21.1-0.4.0-alpha.0.120.jar, locator: jarinjar, reader: mod manifest]
[15Sept2026 11:40:07.335] [main/INFO] [net.neoforged.fml.loading.moddiscovery.ModDiscoverer/SCAN]: Found library file "kotlin-stdlib-2.4.0.jar" [parent: kotlinforforge-5.12.0-all.jar, locator: jarinjar]
[15Sept2026 11:40:07.335] [main/INFO] [net.neoforged.fml.loading.moddiscovery.ModDiscoverer/SCAN]: Found mod file "simplebedrockmodel-2.2.1-neoforge+mc1.21.1.jar" [parent: tacz-neoforge-1.21.1-1.1.8-r2.jar, locator: jarinjar, reader: mod manifest]
[15Sept2026 11:40:07.335] [main/INFO] [net.neoforged.fml.loading.moddiscovery.ModDiscoverer/SCAN]: Found mod file "fabric-entity-events-v1-1.8.0+5ede667619.jar" [parent: forgified-fabric-api-0.116.7+2.2.4+1.21.1.jar, locator: jarinjar, reader: mod manifest]
[15Sept2026 11:40:07.335] [main/INFO] [net.neoforged.fml.loading.moddiscovery.ModDiscoverer/SCAN]: Found library file "MixinSquared-0.3.7-beta.1.jar" [parent: mixinsquared-neoforge-0.3.7-beta.1.jar, locator: jarinjar]
[15Sept2026 11:40:07.335] [main/INFO] [net.neoforged.fml.loading.moddiscovery.ModDiscoverer/SCAN]: Found library file "common-io-3.12.0.jar" [parent: yet_another_config_lib_v3-3.8.2+1.21.1-neoforge.jar, locator: jarinjar]
[15Sept2026 11:40:07.335] [main/INFO] [net.neoforged.fml.loading.moddiscovery.ModDiscoverer/SCAN]: Found mod file "fabric-loot-api-v2-3.0.15+a3ee712d19.jar" [parent: forgified-fabric-api-0.116.7+2.2.4+1.21.1.jar, locator: jarinjar, reader: mod manifest]
[15Sept2026 11:40:07.335] [main/INFO] [net.neoforged.fml.loading.moddiscovery.ModDiscoverer/SCAN]: Found mod file "conditional-mixin-neoforge-0.6.4.jar" [parent: CreateDragonsPlus-1.10.1.jar, locator: jarinjar, reader: mod manifest]
[15Sept2026 11:40:07.335] [main/INFO] [net.neoforged.fml.loading.moddiscovery.ModDiscoverer/SCAN]: Found mod file "fabric-loot-api-v3-1.0.3+333dfad919.jar" [parent: forgified-fabric-api-0.116.7+2.2.4+1.21.1.jar, locator: jarinjar, reader: mod manifest]
[15Sept2026 11:40:07.335] [main/INFO] [net.neoforged.fml.loading.moddiscovery.ModDiscoverer/SCAN]: Found mod file "TRansition-1.0.17-1.21.1-neoforge-SNAPSHOT.jar" [parent: skinlayers3d-neoforge-1.11.1-mc1.21.1.jar, locator: jarinjar, reader: mod manifest]
[15Sept2026 11:40:07.335] [main/INFO] [net.neoforged.fml.loading.moddiscovery.ModDiscoverer/SCAN]: Found mod file "fabric-rendering-data-attachment-v1-0.3.49+73761d2e19.jar" [parent: forgified-fabric-api-0.116.7+2.2.4+1.21.1.jar, locator: jarinjar, reader: mod manifest]
[15Sept2026 11:40:07.335] [main/INFO] [net.neoforged.fml.loading.moddiscovery.ModDiscoverer/SCAN]: Found library file "imageio-webp-3.12.0.jar" [parent: yet_another_config_lib_v3-3.8.2+1.21.1-neoforge.jar, locator: jarinjar]
[15Sept2026 11:40:07.335] [main/INFO] [net.neoforged.fml.loading.moddiscovery.ModDiscoverer/SCAN]: Found library file "kotlinx-serialization-core-jvm-1.11.0.jar" [parent: kotlinforforge-5.12.0-all.jar, locator: jarinjar]
[15Sept2026 11:40:07.335] [main/INFO] [net.neoforged.fml.loading.moddiscovery.ModDiscoverer/SCAN]: Found mod file "fabric-networking-api-v1-4.3.0+30a980d919.jar" [parent: forgified-fabric-api-0.116.7+2.2.4+1.21.1.jar, locator: jarinjar, reader: mod manifest]
[15Sept2026 11:40:07.335] [main/INFO] [net.neoforged.fml.loading.moddiscovery.ModDiscoverer/SCAN]: Found library file "caffeine-3.2.1.jar" [parent: c2me-neoforge-mc1.21.1-0.4.0-alpha.0.120.jar, locator: jarinjar]
[15Sept2026 11:40:07.335] [main/INFO] [net.neoforged.fml.loading.moddiscovery.ModDiscoverer/SCAN]: Found mod file "c2me-neoforge-rewrites-chunkio-mc1.21.1-0.4.0-alpha.0.120.jar" [parent: c2me-neoforge-mc1.21.1-0.4.0-alpha.0.120.jar, locator: jarinjar, reader: mod manifest]
[15Sept2026 11:40:07.335] [main/INFO] [net.neoforged.fml.loading.moddiscovery.ModDiscoverer/SCAN]: Found gamelibrary file "Registrate-MC1.21-1.3.0+67.jar" [parent: create-1.21.1-6.0.10.jar, locator: jarinjar, reader: mod manifest]
[15Sept2026 11:40:07.335] [main/INFO] [net.neoforged.fml.loading.moddiscovery.ModDiscoverer/SCAN]: Found mod file "c2me-neoforge-opts-allocs-mc1.21.1-0.4.0-alpha.0.120.jar" [parent: c2me-neoforge-mc1.21.1-0.4.0-alpha.0.120.jar, locator: jarinjar, reader: mod manifest]
[15Sept2026 11:40:07.335] [main/INFO] [net.neoforged.fml.loading.moddiscovery.ModDiscoverer/SCAN]: Found mod file "fabric-lifecycle-events-v1-2.6.0+e40d8add19.jar" [parent: forgified-fabric-api-0.116.7+2.2.4+1.21.1.jar, locator: jarinjar, reader: mod manifest]
[15Sept2026 11:40:07.335] [main/INFO] [net.neoforged.fml.loading.moddiscovery.ModDiscoverer/SCAN]: Found library file "imageio-core-3.12.0.jar" [parent: yet_another_config_lib_v3-3.8.2+1.21.1-neoforge.jar, locator: jarinjar]
[15Sept2026 11:40:07.335] [main/INFO] [net.neoforged.fml.loading.moddiscovery.ModDiscoverer/SCAN]: Found library file "asyncutil-0.1.0.jar" [parent: c2me-neoforge-mc1.21.1-0.4.0-alpha.0.120.jar, locator: jarinjar]
[15Sept2026 11:40:07.335] [main/INFO] [net.neoforged.fml.loading.moddiscovery.ModDiscoverer/SCAN]: Found mod file "fabric-key-binding-api-v1-1.0.47+62cc7ce119.jar" [parent: forgified-fabric-api-0.116.7+2.2.4+1.21.1.jar, locator: jarinjar, reader: mod manifest]
[15Sept2026 11:40:07.335] [main/INFO] [net.neoforged.fml.loading.moddiscovery.ModDiscoverer/SCAN]: Found mod file "fabric-client-tags-api-v1-1.1.15+e053909619.jar" [parent: forgified-fabric-api-0.116.7+2.2.4+1.21.1.jar, locator: jarinjar, reader: mod manifest]
[15Sept2026 11:40:07.335] [main/INFO] [net.neoforged.fml.loading.moddiscovery.ModDiscoverer/SCAN]: Found mod file "fabric-transfer-api-v1-5.4.3+a25cb45619.jar" [parent: forgified-fabric-api-0.116.7+2.2.4+1.21.1.jar, locator: jarinjar, reader: mod manifest]
[15Sept2026 11:40:07.335] [main/INFO] [net.neoforged.fml.loading.moddiscovery.ModDiscoverer/SCAN]: Found library file "luaj-core-3.0.8-figura.jar" [parent: tacz-neoforge-1.21.1-1.1.8-r2.jar, locator: jarinjar]
[15Sept2026 11:40:07.335] [main/INFO] [net.neoforged.fml.loading.moddiscovery.ModDiscoverer/SCAN]: Found mod file "c2me-neoforge-threading-lighting-mc1.21.1-0.4.0-alpha.0.120.jar" [parent: c2me-neoforge-mc1.21.1-0.4.0-alpha.0.120.jar, locator: jarinjar, reader: mod manifest]
[15Sept2026 11:40:07.335] [main/INFO] [net.neoforged.fml.loading.moddiscovery.ModDiscoverer/SCAN]: Found gamelibrary file "mixinconstraints-1.0.9.jar" [parent: create_blazing_hot-0.7.4+neoforge-mc1.21.1.jar, locator: jarinjar, reader: mod manifest]
[15Sept2026 11:40:07.335] [main/INFO] [net.neoforged.fml.loading.moddiscovery.ModDiscoverer/SCAN]: Found mod file "fabric-model-loading-api-v1-2.1.0+6e8f52c719.jar" [parent: forgified-fabric-api-0.116.7+2.2.4+1.21.1.jar, locator: jarinjar, reader: mod manifest]
[15Sept2026 11:40:07.335] [main/INFO] [net.neoforged.fml.loading.moddiscovery.ModDiscoverer/SCAN]: Found library file "net.neoforged.neoforge-coremods-21.1.249.jar" [parent: neoforge-21.1.249-universal.jar, locator: jarinjar, reader: mod manifest]
[15Sept2026 11:40:07.335] [main/INFO] [net.neoforged.fml.loading.moddiscovery.ModDiscoverer/SCAN]: Found library file "mae-1.1.2.jar" [parent: simplebedrockmodel-2.2.1-neoforge+mc1.21.1.jar, locator: jarinjar]
[15Sept2026 11:40:07.335] [main/INFO] [net.neoforged.fml.loading.moddiscovery.ModDiscoverer/SCAN]: Found mod file "dev.eriksonn.aeronautics.aeronautics-neoforge-1.21.1-1.2.1.jar" [parent: create-aeronautics-bundled-1.21.1-1.2.1.jar, locator: jarinjar, reader: mod manifest]
[15Sept2026 11:40:07.335] [main/INFO] [net.neoforged.fml.loading.moddiscovery.ModDiscoverer/SCAN]: Found mod file "xaerolib-neoforge-1.21.1-1.1.15.jar" [parent: xaeroworldmap-neoforge-1.21.1-1.40.16.jar, locator: jarinjar, reader: mod manifest]
[15Sept2026 11:40:07.335] [main/INFO] [net.neoforged.fml.loading.moddiscovery.ModDiscoverer/SCAN]: Found mod file "fabric-screen-handler-api-v1-1.3.90+8dbc56dd19.jar" [parent: forgified-fabric-api-0.116.7+2.2.4+1.21.1.jar, locator: jarinjar, reader: mod manifest]
[15Sept2026 11:40:07.335] [main/INFO] [net.neoforged.fml.loading.moddiscovery.ModDiscoverer/SCAN]: Found mod file "fabric-resource-loader-v0-1.3.1+4ea8954419.jar" [parent: forgified-fabric-api-0.116.7+2.2.4+1.21.1.jar, locator: jarinjar, reader: mod manifest]
[15Sept2026 11:40:07.335] [main/INFO] [net.neoforged.fml.loading.moddiscovery.ModDiscoverer/SCAN]: Found mod file "TRender-1.0.12-1.21.1-neoforge-SNAPSHOT.jar" [parent: skinlayers3d-neoforge-1.11.1-mc1.21.1.jar, locator: jarinjar, reader: mod manifest]
[15Sept2026 11:40:07.335] [main/INFO] [net.neoforged.fml.loading.moddiscovery.ModDiscoverer/SCAN]: Found mod file "fabric-rendering-v1-5.1.0+1a09bd5a19.jar" [parent: forgified-fabric-api-0.116.7+2.2.4+1.21.1.jar, locator: jarinjar, reader: mod manifest]
[15Sept2026 11:40:07.335] [main/INFO] [net.neoforged.fml.loading.moddiscovery.ModDiscoverer/SCAN]: Found mod file "fabric-renderer-indigo-1.7.1+9125b6dc19.jar" [parent: forgified-fabric-api-0.116.7+2.2.4+1.21.1.jar, locator: jarinjar, reader: mod manifest]
[15Sept2026 11:40:07.335] [main/INFO] [net.neoforged.fml.loading.moddiscovery.ModDiscoverer/SCAN]: Found library file "yabn-1.0.3.jar" [parent: resourcefullib-neoforge-1.21-3.0.12.jar, locator: jarinjar]
[15Sept2026 11:40:07.335] [main/INFO] [net.neoforged.fml.loading.moddiscovery.ModDiscoverer/SCAN]: Found gamelibrary file "mixinsquared-neoforge-0.3.7-beta.1.jar" [parent: c2me-neoforge-mc1.21.1-0.4.0-alpha.0.120.jar, locator: jarinjar, reader: mod manifest]
[15Sept2026 11:40:07.335] [main/INFO] [net.neoforged.fml.loading.moddiscovery.ModDiscoverer/SCAN]: Found library file "net.caffeinemc.sodium-neoforge-0.6.13+mc1.21.1-service.jar" [parent: sodium-neoforge-0.6.13+mc1.21.1.jar, locator: jarinjar, reader: mod manifest]
[15Sept2026 11:40:07.335] [main/INFO] [net.neoforged.fml.loading.moddiscovery.ModDiscoverer/SCAN]: Found library file "kotlinx-coroutines-jdk8-1.11.0.jar" [parent: kotlinforforge-5.12.0-all.jar, locator: jarinjar]
[15Sept2026 11:40:07.336] [main/INFO] [net.neoforged.fml.loading.moddiscovery.ModDiscoverer/SCAN]: Found mod file "c2me-neoforge-rewrites-chunk-system-mc1.21.1-0.4.0-alpha.0.120.jar" [parent: c2me-neoforge-mc1.21.1-0.4.0-alpha.0.120.jar, locator: jarinjar, reader: mod manifest]
[15Sept2026 11:40:07.336] [main/INFO] [net.neoforged.fml.loading.moddiscovery.ModDiscoverer/SCAN]: Found library file "rxjava-3.1.12.jar" [parent: c2me-neoforge-mc1.21.1-0.4.0-alpha.0.120.jar, locator: jarinjar]
[15Sept2026 11:40:07.336] [main/INFO] [net.neoforged.fml.loading.moddiscovery.ModDiscoverer/SCAN]: Found library file "molang-compiler-3.1.1.19.jar" [parent: veil-neoforge-1.21.1-4.0.0.jar, locator: jarinjar]
[15Sept2026 11:40:07.336] [main/INFO] [net.neoforged.fml.loading.moddiscovery.ModDiscoverer/SCAN]: Found mod file "fabric-particles-v1-4.0.2+824f924c19.jar" [parent: forgified-fabric-api-0.116.7+2.2.4+1.21.1.jar, locator: jarinjar, reader: mod manifest]
[15Sept2026 11:40:07.336] [main/INFO] [net.neoforged.fml.loading.moddiscovery.ModDiscoverer/SCAN]: Found mod file "c2me-neoforge-opts-worldgen-vanilla-mc1.21.1-0.4.0-alpha.0.120.jar" [parent: c2me-neoforge-mc1.21.1-0.4.0-alpha.0.120.jar, locator: jarinjar, reader: mod manifest]
[15Sept2026 11:40:07.336] [main/INFO] [net.neoforged.fml.loading.moddiscovery.ModDiscoverer/SCAN]: Found library file "common-image-3.12.0.jar" [parent: yet_another_config_lib_v3-3.8.2+1.21.1-neoforge.jar, locator: jarinjar]
[15Sept2026 11:40:07.336] [main/INFO] [net.neoforged.fml.loading.moddiscovery.ModDiscoverer/SCAN]: Found mod file "c2me-neoforge-opts-scheduling-mc1.21.1-0.4.0-alpha.0.120.jar" [parent: c2me-neoforge-mc1.21.1-0.4.0-alpha.0.120.jar, locator: jarinjar, reader: mod manifest]
[15Sept2026 11:40:07.336] [main/INFO] [net.neoforged.fml.loading.moddiscovery.ModDiscoverer/SCAN]: Found mod file "fabric-transitive-access-wideners-v1-6.2.0+6c854b6f19.jar" [parent: forgified-fabric-api-0.116.7+2.2.4+1.21.1.jar, locator: jarinjar, reader: mod manifest]
[15Sept2026 11:40:07.336] [main/INFO] [net.neoforged.fml.loading.moddiscovery.ModDiscoverer/SCAN]: Found mod file "dev.ryanhcode.offroad.offroad-neoforge-1.21.1-1.2.1.jar" [parent: create-aeronautics-bundled-1.21.1-1.2.1.jar, locator: jarinjar, reader: mod manifest]
[15Sept2026 11:40:07.336] [main/INFO] [net.neoforged.fml.loading.moddiscovery.ModDiscoverer/SCAN]: Found library file "jankson-1.2.3.jar" [parent: jamlib-neoforge-1.3.6+1.21.1.jar, locator: jarinjar]
[15Sept2026 11:40:07.336] [main/INFO] [net.neoforged.fml.loading.moddiscovery.ModDiscoverer/SCAN]: Found mod file "fabric-api-base-0.4.42+d1308ded19.jar" [parent: forgified-fabric-api-0.116.7+2.2.4+1.21.1.jar, locator: jarinjar, reader: mod manifest]
[15Sept2026 11:40:07.336] [main/INFO] [net.neoforged.fml.loading.moddiscovery.ModDiscoverer/SCAN]: Found mod file "fabric-blockrenderlayer-v1-1.1.52+c290471319.jar" [parent: forgified-fabric-api-0.116.7+2.2.4+1.21.1.jar, locator: jarinjar, reader: mod manifest]
[15Sept2026 11:40:07.336] [main/INFO] [net.neoforged.fml.loading.moddiscovery.ModDiscoverer/SCAN]: Found mod file "c2me-neoforge-server-utils-mc1.21.1-0.4.0-alpha.0.120.jar" [parent: c2me-neoforge-mc1.21.1-0.4.0-alpha.0.120.jar, locator: jarinjar, reader: mod manifest]
[15Sept2026 11:40:07.336] [main/INFO] [net.neoforged.fml.loading.moddiscovery.ModDiscoverer/SCAN]: Found library file "thedarkcolour.kfflang-5.12.0.jar" [parent: kotlinforforge-5.12.0-all.jar, locator: jarinjar, reader: mod manifest]
[15Sept2026 11:40:07.336] [main/INFO] [net.neoforged.fml.loading.moddiscovery.ModDiscoverer/SCAN]: Found mod file "fabric-block-api-v1-1.1.0+b0c22bb819.jar" [parent: forgified-fabric-api-0.116.7+2.2.4+1.21.1.jar, locator: jarinjar, reader: mod manifest]
[15Sept2026 11:40:07.336] [main/INFO] [net.neoforged.fml.loading.moddiscovery.ModDiscoverer/SCAN]: Found mod file "spectrelib-neoforge-0.17.2+1.21.jar" [parent: comforts-neoforge-9.0.5+1.21.1.jar, locator: jarinjar, reader: mod manifest]
[15Sept2026 11:40:07.336] [main/INFO] [net.neoforged.fml.loading.moddiscovery.ModDiscoverer/SCAN]: Found gamelibrary file "thedarkcolour.kfflib-5.12.0.jar" [parent: kotlinforforge-5.12.0-all.jar, locator: jarinjar, reader: mod manifest]
[15Sept2026 11:40:07.336] [main/INFO] [net.neoforged.fml.loading.moddiscovery.ModDiscoverer/SCAN]: Found mod file "fabric-resource-conditions-api-v1-4.3.0+5bdd099819.jar" [parent: forgified-fabric-api-0.116.7+2.2.4+1.21.1.jar, locator: jarinjar, reader: mod manifest]
[15Sept2026 11:40:07.336] [main/INFO] [net.neoforged.fml.loading.moddiscovery.ModDiscoverer/SCAN]: Found library file "luaj-jse-3.0.8-figura.jar" [parent: tacz-neoforge-1.21.1-1.1.8-r2.jar, locator: jarinjar]
[15Sept2026 11:40:07.336] [main/INFO] [net.neoforged.fml.loading.moddiscovery.ModDiscoverer/SCAN]: Found mod file "thedarkcolour.kffmod-5.12.0.jar" [parent: kotlinforforge-5.12.0-all.jar, locator: jarinjar, reader: mod manifest]
[15Sept2026 11:40:07.336] [main/INFO] [net.neoforged.fml.loading.moddiscovery.ModDiscoverer/SCAN]: Found library file "gson-0.2.1.jar" [parent: yet_another_config_lib_v3-3.8.2+1.21.1-neoforge.jar, locator: jarinjar]
[15Sept2026 11:40:07.336] [main/INFO] [net.neoforged.fml.loading.moddiscovery.ModDiscoverer/SCAN]: Found library file "kotlin-reflect-2.4.0.jar" [parent: kotlinforforge-5.12.0-all.jar, locator: jarinjar]
[15Sept2026 11:40:07.336] [main/INFO] [net.neoforged.fml.loading.moddiscovery.ModDiscoverer/SCAN]: Found mod file "sable-companion-common-1.21.1-1.6.0.jar" [parent: sable-neoforge-1.21.1-1.2.2.jar, locator: jarinjar, reader: mod manifest]
[15Sept2026 11:40:07.336] [main/INFO] [net.neoforged.fml.loading.moddiscovery.ModDiscoverer/SCAN]: Found mod file "flywheel-neoforge-1.21.1-1.0.6.jar" [parent: create-1.21.1-6.0.10.jar, locator: jarinjar, reader: mod manifest]
[15Sept2026 11:40:07.336] [main/INFO] [net.neoforged.fml.loading.moddiscovery.ModDiscoverer/SCAN]: Found mod file "fabric-item-group-api-v1-4.1.7+e324903319.jar" [parent: forgified-fabric-api-0.116.7+2.2.4+1.21.1.jar, locator: jarinjar, reader: mod manifest]
[15Sept2026 11:40:07.336] [main/INFO] [net.neoforged.fml.loading.moddiscovery.ModDiscoverer/SCAN]: Found mod file "fabric-gametest-api-v1-2.0.5+29f188ce19.jar" [parent: forgified-fabric-api-0.116.7+2.2.4+1.21.1.jar, locator: jarinjar, reader: mod manifest]
[15Sept2026 11:40:07.336] [main/INFO] [net.neoforged.fml.loading.moddiscovery.ModDiscoverer/SCAN]: Found mod file "c2me-neoforge-notickvd-mc1.21.1-0.4.0-alpha.0.120.jar" [parent: c2me-neoforge-mc1.21.1-0.4.0-alpha.0.120.jar, locator: jarinjar, reader: mod manifest]
[15Sept2026 11:40:07.336] [main/INFO] [net.neoforged.fml.loading.moddiscovery.ModDiscoverer/SCAN]: Found library file "glsl-transformer-2.0.1.jar" [parent: iris-neoforge-1.8.12+mc1.21.1.jar, locator: jarinjar]
[15Sept2026 11:40:07.336] [main/INFO] [net.neoforged.fml.loading.moddiscovery.ModDiscoverer/SCAN]: Found mod file "fabric-biome-api-v1-13.0.31+1e62d33c19.jar" [parent: forgified-fabric-api-0.116.7+2.2.4+1.21.1.jar, locator: jarinjar, reader: mod manifest]
[15Sept2026 11:40:07.336] [main/INFO] [net.neoforged.fml.loading.moddiscovery.ModDiscoverer/SCAN]: Found mod file "c2me-neoforge-opts-worldgen-general-mc1.21.1-0.4.0-alpha.0.120.jar" [parent: c2me-neoforge-mc1.21.1-0.4.0-alpha.0.120.jar, locator: jarinjar, reader: mod manifest]
[15Sept2026 11:40:07.336] [main/INFO] [net.neoforged.fml.loading.moddiscovery.ModDiscoverer/SCAN]: Found mod file "c2me-neoforge-opts-chunkio-mc1.21.1-0.4.0-alpha.0.120.jar" [parent: c2me-neoforge-mc1.21.1-0.4.0-alpha.0.120.jar, locator: jarinjar, reader: mod manifest]
[15Sept2026 11:40:07.336] [main/INFO] [net.neoforged.fml.loading.moddiscovery.ModDiscoverer/SCAN]: Found library file "json-0.2.1.jar" [parent: yet_another_config_lib_v3-3.8.2+1.21.1-neoforge.jar, locator: jarinjar]
[15Sept2026 11:40:07.336] [main/INFO] [net.neoforged.fml.loading.moddiscovery.ModDiscoverer/SCAN]: Found mod file "fabric-registry-sync-v0-5.3.1+f9aace1619.jar" [parent: forgified-fabric-api-0.116.7+2.2.4+1.21.1.jar, locator: jarinjar, reader: mod manifest]
[15Sept2026 11:40:07.336] [main/INFO] [net.neoforged.fml.loading.moddiscovery.ModDiscoverer/SCAN]: Found mod file "fabric-recipe-api-v1-5.0.15+59440bcc19.jar" [parent: forgified-fabric-api-0.116.7+2.2.4+1.21.1.jar, locator: jarinjar, reader: mod manifest]
[15Sept2026 11:40:07.336] [main/INFO] [net.neoforged.fml.loading.moddiscovery.ModDiscoverer/SCAN]: Found mod file "fabric-object-builder-api-v1-15.2.1+cc242efd19.jar" [parent: forgified-fabric-api-0.116.7+2.2.4+1.21.1.jar, locator: jarinjar, reader: mod manifest]
[15Sept2026 11:40:07.336] [main/INFO] [net.neoforged.fml.loading.moddiscovery.ModDiscoverer/SCAN]: Found mod file "fabric-sound-api-v1-1.0.23+10b84f8419.jar" [parent: forgified-fabric-api-0.116.7+2.2.4+1.21.1.jar, locator: jarinjar, reader: mod manifest]
[15Sept2026 11:40:07.336] [main/INFO] [net.neoforged.fml.loading.moddiscovery.ModDiscoverer/SCAN]: Found mod file "fabric-message-api-v1-6.0.14+6a754fce19.jar" [parent: forgified-fabric-api-0.116.7+2.2.4+1.21.1.jar, locator: jarinjar, reader: mod manifest]
[15Sept2026 11:40:07.336] [main/INFO] [net.neoforged.fml.loading.moddiscovery.ModDiscoverer/SCAN]: Found library file "common-lang-3.12.0.jar" [parent: yet_another_config_lib_v3-3.8.2+1.21.1-neoforge.jar, locator: jarinjar]
[15Sept2026 11:40:07.336] [main/INFO] [net.neoforged.fml.loading.moddiscovery.ModDiscoverer/SCAN]: Found mod file "fabric-data-generation-api-v1-20.2.34+a4c3605619.jar" [parent: forgified-fabric-api-0.116.7+2.2.4+1.21.1.jar, locator: jarinjar, reader: mod manifest]
[15Sept2026 11:40:07.336] [main/INFO] [net.neoforged.fml.loading.moddiscovery.ModDiscoverer/SCAN]: Found mod file "fabric-events-interaction-v0-0.7.13+86e0887119.jar" [parent: forgified-fabric-api-0.116.7+2.2.4+1.21.1.jar, locator: jarinjar, reader: mod manifest]
[15Sept2026 11:40:07.446] [main/INFO] [org.sinytra.connector.locator.FabricModsDiscoverer/SCAN]: Fabric mod metadata not found in jar kotlinforforge.all, ignoring
[15Sept2026 11:40:07.615] [main/INFO] [org.sinytra.connector.locator.DependencyResolver/]: Dependency resolution found 0 candidates to load
[15Sept2026 11:40:07.942] [main/INFO] [net.neoforged.fml.loading.moddiscovery.locators.JarInJarDependencyLocator/]: Found 2 dependencies adding them to mods collection
[15Sept2026 11:40:07.942] [main/INFO] [net.neoforged.fml.loading.moddiscovery.ModDiscoverer/SCAN]: Found mod file "org.sinytra.connector-2.0.0-beta.14+1.21.1-mod.jar" [parent: , locator: org.sinytra.connector.locator.ConnectorLocator@267f474e, reader: mod manifest]
[15Sept2026 11:40:07.942] [main/INFO] [net.neoforged.fml.loading.moddiscovery.ModDiscoverer/SCAN]: Found gamelibrary file "runtime-1.0.0+1.21.1.jar" [parent: , locator: org.sinytra.connector.locator.ConnectorLocator@267f474e, reader: mod manifest]
[15Sept2026 11:40:07.945] [main/INFO] [net.neoforged.fml.loading.moddiscovery.ModDiscoverer/]: 
     Mod List:
		Name Version (Mod Id)

		3d-Skin-Layers 1.11.1 (skinlayers3d)
		aero_copycats 1.1.0 (aerocopycats)
		AppleSkin 3.0.9+mc1.21 (appleskin)
		Architectury 13.0.8 (architectury)
		Athena 4.0.6 (athena)
		Balm 21.0.56 (balm)
		Better village 3.3.1 (bettervillage)
		betteradmin 1.0.0 (betteradmin)
		Carry On 2.2.4 (carryon)
		CBC Neo Warfare 0.0.6v+mc.1.21.1-neoforge (cbcmodernwarfare)
		CBC Scope + Laser 1.0.0 (examplemod)
		Chipped 4.0.2 (chipped)
		Chunky 1.4.23 (chunky)
		Cinematic Respawn 1.3.0 (cinematic_respawn)
		Citadel 2.7.6 (citadel)
		Cloth Config v15 API 15.0.140 (cloth_config)
		Clumps 19.0.0.1 (clumps)
		Comforts 9.0.5+1.21.1 (comforts)
		Compatibility addon for MineColonies 3.42 (minecolonies_compatibility)
		Concurrent Chunk Management Engine 0.4.0-alpha.0.120+1.21.1 (c2me)
		Concurrent Chunk Management Engine (Base) 0.4.0-alpha.0.120+1.21.1 (c2me_base)
		Concurrent Chunk Management Engine (Client/Uncap View Distance) 0.4.0-alpha.0.120+1.21.1 (c2me_client_uncapvd)
		Concurrent Chunk Management Engine (Fixes/Chunk IO/Threading Issues) 0.4.0-alpha.0.120+1.21.1 (c2me_fixes_chunkio_threading_issues)
		Concurrent Chunk Management Engine (Fixes/General/Threading Issues) 0.4.0-alpha.0.120+1.21.1 (c2me_fixes_general_threading_issues)
		Concurrent Chunk Management Engine (Fixes/WorldGen/Threading Issues) 0.4.0-alpha.0.120+1.21.1 (c2me_fixes_worldgen_threading_issues)
		Concurrent Chunk Management Engine (Fixes/WorldGen/Vanilla Bugs) 0.4.0-alpha.0.120+1.21.1 (c2me_fixes_worldgen_vanilla_bugs)
		Concurrent Chunk Management Engine (No Tick View Distance) 0.4.0-alpha.0.120+1.21.1 (c2me_notickvd)
		Concurrent Chunk Management Engine (Optimizations/Chunk IO) 0.4.0-alpha.0.120+1.21.1 (c2me_opts_chunkio)
		Concurrent Chunk Management Engine (Optimizations/Density Function Compiler) 0.4.0-alpha.0.120+1.21.1 (c2me_opts_dfc)
		Concurrent Chunk Management Engine (Optimizations/General WorldGen) 0.4.0-alpha.0.120+1.21.1 (c2me_opts_worldgen_general)
		Concurrent Chunk Management Engine (Optimizations/Math) 0.4.0-alpha.0.120+1.21.1 (c2me_opts_math)
		Concurrent Chunk Management Engine (Optimizations/Memory Allocations) 0.4.0-alpha.0.120+1.21.1 (c2me_opts_allocs)
		Concurrent Chunk Management Engine (Optimizations/Natives Math) 0.4.0-alpha.0.120+1.21.1 (c2me_opts_natives_math)
		Concurrent Chunk Management Engine (Optimizations/Scheduling) 0.4.0-alpha.0.120+1.21.1 (c2me_opts_scheduling)
		Concurrent Chunk Management Engine (Optimizations/Vanilla WorldGen) 0.4.0-alpha.0.120+1.21.1 (c2me_opts_worldgen_vanilla)
		Concurrent Chunk Management Engine (Rewrites/Chunk IO) 0.4.0-alpha.0.120+1.21.1 (c2me_rewrites_chunkio)
		Concurrent Chunk Management Engine (Rewrites/Chunk System) 0.4.0-alpha.0.120+1.21.1 (c2me_rewrites_chunk_system)
		Concurrent Chunk Management Engine (Server Utils) 0.4.0-alpha.0.120+1.21.1 (c2me_server_utils)
		Concurrent Chunk Management Engine (Threading/Lighting) 0.4.0-alpha.0.120+1.21.1 (c2me_threading_lighting)
		conditional mixin 0.6.4 (conditional_mixin)
		Construction Wands Revived 4.0.0 (constructionwand)
		Controlling 19.0.5 (controlling)
		CorgiLib 5.0.0.9 (corgilib)
		CraftTweaker 21.0.38 (crafttweaker)
		Create 6.0.10 (create)
		Create Aeronautics 1.2.1 (aeronautics_bundled)
		Create Aeronautics 1.2.1 (aeronautics)
		Create Aeronautics Tournament 0.0.1 (sable_tournament)
		Create Big Cannons 5.11.6 (createbigcannons)
		Create cobblestone 1.4.9+neoforge-1.21.1-130 (createcobblestone)
		Create Confectionery 1.1.3. (create_confectionery)
		Create Crafts & Additions 1.5.10 (createaddition)
		Create Deco 2.1.3 (createdeco)
		Create Ender Transmission 2.1.1-1.21.1 (createendertransmission)
		Create Offroad 1.2.1 (offroad)
		Create Propulsion: Simulated 1.1.4 (createpropulsion)
		Create Simulated 1.2.1 (simulated)
		Create Stuff 'N Additions 2.1.3 (create_sa)
		Create Tracks 1.0.1 (tracks)
		Create Tweaked Controllers 1.21.1-1.2.7 (create_tweaked_controllers)
		Create: Advanced Optimization 1.3 (createadvancedoptimization)
		Create: Blazing Hot 0.7.4+neoforge-mc1.21.1 (blazinghot)
		Create: Blocks & Bogies 1.0.7 (create_bb)
		Create: Central Kitchen 2.4.0 (create_central_kitchen)
		Create: Connected 1.1.16-mc1.21.1 (create_connected)
		Create: Copycats+ 3.0.4+mc.1.21.1-neoforge (copycats)
		Create: Dragons Plus 1.10.1 (create_dragons_plus)
		Create: Enchantment Industry 2.3.1 (create_enchantment_industry)
		Create: Escalated 1.3.0 (escalated)
		Create: Radars 0.4.4-1.21.1 (create_radar)
		Create: Steam 'n' Rails 1.21.1 0.3.0-alpha.2+neoforge-mc1.21.1 (railways)
		Create: The Factory Must Grow 1.2.0 (tfmg)
		CreateColonies 2.0.4 (createcolonies)
		Curios API 9.5.1+1.21.1 (curios)
		Data Anchor 2.0.0.14 (dataanchor)
		Distant Horizons 3.0.3-b (distanthorizons)
		Domum Ornamentum 1.0.231 (domum_ornamentum)
		Drive By Wire 0.2.8 (drivebywire)
		Effortless Building 4.1 (effortlessbuilding)
		Enhanced Celestials 6.0.2.5 (enhancedcelestials)
		Fallingleaves 2.5.1 (fallingleaves)
		Farmer's Delight 1.3.2 (farmersdelight)
		Ferrite Core 7.0.3 (ferritecore)
		Flywheel 1.0.6 (flywheel)
		Forgified Fabric API 0.116.7+2.2.4+1.21.1 (fabric_api)
		Forgified Fabric API Base 0.4.42+d1308ded19 (fabric_api_base)
		Forgified Fabric API Lookup API (v1) 1.6.71+c290471319 (fabric_api_lookup_api_v1)
		Forgified Fabric Biome API (v1) 13.0.31+1e62d33c19 (fabric_biome_api_v1)
		Forgified Fabric Block API (v1) 1.1.0+b0c22bb819 (fabric_block_api_v1)
		Forgified Fabric BlockRenderLayer Registration (v1) 1.1.52+c290471319 (fabric_blockrenderlayer_v1)
		Forgified Fabric BlockView API (v2) 1.0.11+e9036fd419 (fabric_block_view_api_v2)
		Forgified Fabric Client Tags 1.1.15+e053909619 (fabric_client_tags_api_v1)
		Forgified Fabric Command API (v2) 2.2.28+36d727be19 (fabric_command_api_v2)
		Forgified Fabric Content Registries (v0) 8.0.19+5e0d320019 (fabric_content_registries_v0)
		Forgified Fabric Convention Tags 2.1.5+7f945d5b19 (fabric_convention_tags_v1)
		Forgified Fabric Convention Tags (v2) 2.11.1+87e5848019 (fabric_convention_tags_v2)
		Forgified Fabric Data Attachment API (v1) 1.4.5+26d408aa19 (fabric_data_attachment_api_v1)
		Forgified Fabric Data Generation API (v1) 20.2.34+a4c3605619 (fabric_data_generation_api_v1)
		Forgified Fabric Entity Events (v1) 1.8.0+5ede667619 (fabric_entity_events_v1)
		Forgified Fabric Events Interaction (v0) 0.7.13+86e0887119 (fabric_events_interaction_v0)
		Forgified Fabric Game Rule API (v1) 1.0.53+36d727be19 (fabric_game_rule_api_v1)
		Forgified Fabric Game Test API (v1) 2.0.5+29f188ce19 (fabric_gametest_api_v1)
		Forgified Fabric Item API (v1) 11.2.0+0c57911319 (fabric_item_api_v1)
		Forgified Fabric Item Group API (v1) 4.1.7+e324903319 (fabric_item_group_api_v1)
		Forgified Fabric Key Binding API (v1) 1.0.47+62cc7ce119 (fabric_key_binding_api_v1)
		Forgified Fabric Lifecycle Events (v1) 2.6.0+e40d8add19 (fabric_lifecycle_events_v1)
		Forgified Fabric Loot API (v2) 3.0.15+a3ee712d19 (fabric_loot_api_v2)
		Forgified Fabric Loot API (v3) 1.0.3+333dfad919 (fabric_loot_api_v3)
		Forgified Fabric Message API (v1) 6.0.14+6a754fce19 (fabric_message_api_v1)
		Forgified Fabric Model Loading API (v1) 2.1.0+6e8f52c719 (fabric_model_loading_api_v1)
		Forgified Fabric Networking API (v1) 4.3.0+30a980d919 (fabric_networking_api_v1)
		Forgified Fabric Object Builder API (v1) 15.2.1+cc242efd19 (fabric_object_builder_api_v1)
		Forgified Fabric Particles (v1) 4.0.2+824f924c19 (fabric_particles_v1)
		Forgified Fabric Recipe API (v1) 5.0.15+59440bcc19 (fabric_recipe_api_v1)
		Forgified Fabric Registry Sync (v0) 5.3.1+f9aace1619 (fabric_registry_sync_v0)
		Forgified Fabric Renderer - Indigo 1.7.1+9125b6dc19 (fabric_renderer_indigo)
		Forgified Fabric Renderer API (v1) 3.4.1+9125b6dc19 (fabric_renderer_api_v1)
		Forgified Fabric Rendering (v1) 5.1.0+1a09bd5a19 (fabric_rendering_v1)
		Forgified Fabric Rendering Data Attachment (v1) 0.3.49+73761d2e19 (fabric_rendering_data_attachment_v1)
		Forgified Fabric Rendering Fluids (v1) 3.1.6+a51883b219 (fabric_rendering_fluids_v1)
		Forgified Fabric Resource Conditions API (v1) 4.3.0+5bdd099819 (fabric_resource_conditions_api_v1)
		Forgified Fabric Resource Loader (v0) 1.3.1+4ea8954419 (fabric_resource_loader_v0)
		Forgified Fabric Screen API (v1) 2.0.25+0ae1214819 (fabric_screen_api_v1)
		Forgified Fabric Screen Handler API (v1) 1.3.90+8dbc56dd19 (fabric_screen_handler_api_v1)
		Forgified Fabric Sound API (v1) 1.0.23+10b84f8419 (fabric_sound_api_v1)
		Forgified Fabric Transfer API (v1) 5.4.3+a25cb45619 (fabric_transfer_api_v1)
		Forgified Fabric Transitive Access Wideners (v1) 6.2.0+6c854b6f19 (fabric_transitive_access_wideners_v1)
		Fracture Point 3.0.0-PT1-fix (fracturepoint)
		FramedBlocks 10.5.3 (framedblocks)
		Fusion 1.2.12 (fusion)
		GeckoLib 4 4.8.4 (geckolib)
		Iris 1.8.12-snapshot+mc1.21.1-local (iris)
		Jade 15.10.5+neoforge (jade)
		JamLib 1.3.6+1.21.1 (jamlib)
		Just Enough Items 19.27.0.336 (jei)
		Just Zoom 2.1.0 (justzoom)
		Konkrete 1.9.9 (konkrete)
		Kotlin For Forge 5.12.0 (kotlinforforge)
		KumaAPI 21.0.7 (kuma_api)
		Library ferret 4.0.0 (libraryferret)
		LinearBearing 1.2.6 (linearbearing)
		Lithostitched 1.7.7 (lithostitched)
		Magnum Torch 21.1.1 (magnumtorch)
		MidgardNeoForge 1.0.0 (midgard)
		MineColonies 1.1.1300-1.21.1 (minecolonies)
		Minecraft 1.21.1 (minecraft)
		ModernFix 5.27.20+mc1.21.1 (modernfix)
		Molten Vents 2.1.1 (molten_vents)
		Mouse Tweaks 2.26.1 (mousetweaks)
		Multi-Piston 1.2.58-1.21.1 (multipiston)
		Naturalist 1.0.2 (naturalist)
		Nature's Compass 1.21.1-3.4.0-neoforge (naturescompass)
		NeoForge 21.1.249 (neoforge)
		Oh The Trees You'll Grow 5.3.2 (ohthetreesyoullgrow)
		OptifineCapes Mod 1.0.1 (optifinecapes)
		OreExcavation 1.16.43 (oreexcavation)
		Ponder 1.0.82+mc1.21.1 (ponder)
		Puzzles Lib 21.1.51 (puzzleslib)
		Rechiseled 1.2.4 (rechiseled)
		Rechiseled: Create 1.1.0 (rechiseledcreate)
		Reese's Sodium Options 1.8.3+mc1.21.4 (reeses_sodium_options)
		Resourceful Lib 3.0.12 (resourcefullib)
		Right Click Harvest 4.6.1+1.21.1 (rightclickharvest)
		Ritchie's Projectile Library 2.1.2 (ritchiesprojectilelib)
		Sable 1.2.2 (sable)
		Sable Companion 1.6.0 (sablecompanion)
		Sable: Floaters 0.0.6 (sablefloaters)
		Searchables 1.0.2 (searchables)
		Shoulder Surfing Reloaded 1.21.1-5.0.10 (shouldersurfing)
		Shtreimel 0.5.0 (shtreimel)
		Simple Voice Chat 1.21.1-2.6.22 (voicechat)
		SimpleBedrockModel 2.2.1-neoforge+mc1.21.1 (simplebedrockmodel)
		Sinytra Connector 2.0.0-beta.14+1.21.1 (connector)
		Sodium 0.6.13+mc1.21.1 (sodium)
		Sodium Dynamic Lights 1.0.9 (sodiumdynamiclights)
		Sodium Extras 1.0.7 (sodiumextras)
		Sodium Options API 1.0.10 (sodiumoptionsapi)
		Sophisticated Backpacks 3.25.48 (sophisticatedbackpacks)
		Sophisticated Core 1.4.41 (sophisticatedcore)
		Sound Physics Remastered 1.21.1-1.5.1 (sound_physics_remastered)
		SpectreLib 0.17.2+1.21 (spectrelib)
		StageBox 1.1.1 (stagebox)
		Steel armor blocks 1.4.3 (s_a_b)
		Storage Drawers 13.11.4 (storagedrawers)
		Structurize 1.0.822-1.21.1 (structurize)
		Stylecolonies 1.15.54-1.21.1 (stylecolonies)
		SuperMartijn642's Config Library 1.1.8 (supermartijn642configlib)
		SuperMartijn642's Core Lib 1.1.21 (supermartijn642corelib)
		TaCZ Tweaks 3.0.0-alpha.10+1.21.1-neoforge (tacztweaks)
		Tectonic 3.0.22 (tectonic)
		Third Person Shooting: Zero 6.0.1 (tp_shooting)
		Timeless & Classics Guns: Zero 1.1.8-r2 (tacz)
		Towntalk 1.2.0 (towntalk)
		TRansition 1.0.17 (transition)
		Treeplacer 2.0.2 (treeplacer)
		TRender 1.0.12 (trender)
		Tweaks addon for MineColonies 3.30 (minecolonies_tweaks)
		UI Library Mod 1.0.209-1.21.1 (blockui)
		UndeadNights 2.2.5-NeoForge-mc1.21 (undeadnights)
		Veil 4.0.0 (veil)
		Waystones 21.1.33 (waystones)
		WorldEdit 7.3.8+6939-7d32b45 (worldedit)
		Xaero's Minimap 25.3.13 (xaerominimap)
		Xaero's World Map 1.40.16 (xaeroworldmap)
		XaeroLib 1.1.15 (xaerolib)
		YetAnotherConfigLib 3.8.2+1.21.1-neoforge (yet_another_config_lib_v3)
[15Sept2026 11:40:08.327] [main/INFO] [org.sinytra.connector.service.hacks.ModuleLayerMigrator/]: Successfully made module authlib transformable
[15Sept2026 11:40:08.327] [main/INFO] [org.sinytra.connector.service.hacks.ModuleLayerMigrator/]: Successfully made module brigadier transformable
[15Sept2026 11:40:08.333] [main/INFO] [net.neoforged.fml.loading.FMLServiceProvider/CORE]: Loading coremod script-engine for [xaerominimap, xaeroworldmap]
[15Sept2026 11:40:10.385] [main/INFO] [mixin/]: Compatibility level set to JAVA_21
[15Sept2026 11:40:10.541] [main/INFO] [cpw.mods.modlauncher.LaunchServiceHandler/MODLAUNCHER]: Launching target 'forgeserver' with arguments [nogui, $@]
[15Sept2026 11:40:10.596] [main/INFO] [C2ME Modules Manager/]: Initializing com.ishland.c2me.fixes.worldgen.threading_issues.mixin
[15Sept2026 11:40:10.623] [main/INFO] [C2ME Modules Manager/]: Initializing com.ishland.c2me.fixes.general.threading_issues.mixin
[15Sept2026 11:40:10.694] [main/INFO] [ModernFix/]: Loaded configuration file for ModernFix 5.27.20+mc1.21.1: 89 options available, 5 override(s) found
[15Sept2026 11:40:10.694] [main/WARN] [ModernFix/]: Option 'mixin.perf.release_protochunks' overriden (by mods [c2me]) to 'false'
[15Sept2026 11:40:10.694] [main/WARN] [ModernFix/]: Option 'mixin.bugfix.paper_chunk_patches' overriden (by mods [c2me]) to 'false'
[15Sept2026 11:40:10.695] [main/WARN] [ModernFix/]: Option 'mixin.perf.smart_ingredient_sync' overriden (by mods [crafttweaker]) to 'false'
[15Sept2026 11:40:10.695] [main/WARN] [ModernFix/]: Option 'mixin.perf.cache_strongholds' overriden (by mods [c2me]) to 'false'
[15Sept2026 11:40:10.695] [main/WARN] [ModernFix/]: Option 'mixin.bugfix.chunk_deadlock' overriden (by mods [c2me]) to 'false'
[15Sept2026 11:40:10.695] [main/INFO] [ModernFix/]: Applying Nashorn fix
[15Sept2026 11:40:10.698] [main/WARN] [mixin/]: Reference map 'iris.refmap.json' for mixins.iris.json could not be read. If this is a development environment you can ignore this message
[15Sept2026 11:40:10.698] [main/WARN] [mixin/]: Reference map 'iris.refmap.json' for mixins.iris.fantastic.json could not be read. If this is a development environment you can ignore this message
[15Sept2026 11:40:10.699] [main/WARN] [mixin/]: Reference map 'iris.refmap.json' for mixins.iris.vertexformat.json could not be read. If this is a development environment you can ignore this message
[15Sept2026 11:40:10.699] [main/WARN] [mixin/]: Reference map 'iris.refmap.json' for iris-batched-entity-rendering.mixins.json could not be read. If this is a development environment you can ignore this message
[15Sept2026 11:40:10.699] [main/WARN] [mixin/]: Reference map 'iris.refmap.json' for mixins.iris.compat.sodium.json could not be read. If this is a development environment you can ignore this message
[15Sept2026 11:40:10.703] [main/WARN] [mixin/]: Reference map 'veil.refmap.json' for veil.command.mixins.json could not be read. If this is a development environment you can ignore this message
[15Sept2026 11:40:10.703] [main/WARN] [mixin/]: Reference map 'veil.refmap.json' for veil.debug.mixins.json could not be read. If this is a development environment you can ignore this message
[15Sept2026 11:40:10.703] [main/WARN] [mixin/]: Reference map 'veil.refmap.json' for veil.dynamicbuffer.mixins.json could not be read. If this is a development environment you can ignore this message
[15Sept2026 11:40:10.703] [main/WARN] [mixin/]: Reference map 'veil.refmap.json' for veil.fix.mixins.json could not be read. If this is a development environment you can ignore this message
[15Sept2026 11:40:10.703] [main/WARN] [mixin/]: Reference map 'veil.refmap.json' for veil.framebuffer.mixins.json could not be read. If this is a development environment you can ignore this message
[15Sept2026 11:40:10.704] [main/WARN] [mixin/]: Reference map 'veil.refmap.json' for veil.necromancer.mixins.json could not be read. If this is a development environment you can ignore this message
[15Sept2026 11:40:10.704] [main/WARN] [mixin/]: Reference map 'veil.refmap.json' for veil.network.mixins.json could not be read. If this is a development environment you can ignore this message
[15Sept2026 11:40:10.704] [main/WARN] [mixin/]: Reference map 'veil.refmap.json' for veil.performance.mixins.json could not be read. If this is a development environment you can ignore this message
[15Sept2026 11:40:10.704] [main/WARN] [mixin/]: Reference map 'veil.refmap.json' for veil.perspective.mixins.json could not be read. If this is a development environment you can ignore this message
[15Sept2026 11:40:10.704] [main/WARN] [mixin/]: Reference map 'veil.refmap.json' for veil.pipeline.mixins.json could not be read. If this is a development environment you can ignore this message
[15Sept2026 11:40:10.705] [main/WARN] [mixin/]: Reference map 'veil.refmap.json' for veil.quasar.mixins.json could not be read. If this is a development environment you can ignore this message
[15Sept2026 11:40:10.705] [main/WARN] [mixin/]: Reference map 'veil.refmap.json' for veil.registry.mixins.json could not be read. If this is a development environment you can ignore this message
[15Sept2026 11:40:10.705] [main/WARN] [mixin/]: Reference map 'veil.refmap.json' for veil.rendertype.mixins.json could not be read. If this is a development environment you can ignore this message
[15Sept2026 11:40:10.705] [main/WARN] [mixin/]: Reference map 'veil.refmap.json' for veil.resource.mixins.json could not be read. If this is a development environment you can ignore this message
[15Sept2026 11:40:10.705] [main/WARN] [mixin/]: Reference map 'veil.refmap.json' for veil.scheduler.mixins.json could not be read. If this is a development environment you can ignore this message
[15Sept2026 11:40:10.706] [main/WARN] [mixin/]: Reference map 'veil.refmap.json' for veil.shader.mixins.json could not be read. If this is a development environment you can ignore this message
[15Sept2026 11:40:10.706] [main/WARN] [mixin/]: Reference map 'veil.refmap.json' for veil.neoforge.mixins.json could not be read. If this is a development environment you can ignore this message
[15Sept2026 11:40:10.706] [main/WARN] [mixin/]: Reference map 'balm.refmap.json' for balm.mixins.json could not be read. If this is a development environment you can ignore this message
[15Sept2026 11:40:10.707] [main/WARN] [mixin/]: Reference map 'midgard.refmap.json' for midgard.mixins.json could not be read. If this is a development environment you can ignore this message
[15Sept2026 11:40:10.707] [main/INFO] [C2ME Modules Manager/]: Initializing com.ishland.c2me.base.mixin
[15Sept2026 11:40:10.732] [main/INFO] [C2ME Config System/]: Global Executor Parallelism: 9 configured, 9 evaluated, 9 default evaluated
[15Sept2026 11:40:10.734] [main/WARN] [mixin/]: Reference map 'supermartijn642corelib.mixins.refmap.json' for supermartijn642corelib.mixins.json could not be read. If this is a development environment you can ignore this message
[15Sept2026 11:40:10.734] [main/WARN] [mixin/]: Reference map 'reeses-sodium-options.refmap.json' for reeses-sodium-options.mixins.json could not be read. If this is a development environment you can ignore this message
[15Sept2026 11:40:10.735] [main/INFO] [C2ME Modules Manager/]: Initializing com.ishland.c2me.opts.dfc.mixin
[15Sept2026 11:40:10.736] [main/WARN] [mixin/]: Reference map 'curios.refmap.json' for curios.neoforge.mixins.json could not be read. If this is a development environment you can ignore this message
[15Sept2026 11:40:10.736] [main/WARN] [mixin/]: Reference map 'curios.refmap.json' for curios.mixins.json could not be read. If this is a development environment you can ignore this message
[15Sept2026 11:40:10.736] [main/WARN] [mixin/]: Reference map 'searchables.refmap.json' for searchables.mixins.json could not be read. If this is a development environment you can ignore this message
[15Sept2026 11:40:10.736] [main/WARN] [mixin/]: Reference map 'searchables.refmap.json' for searchables.neoforge.mixins.json could not be read. If this is a development environment you can ignore this message
[15Sept2026 11:40:10.737] [main/WARN] [mixin/]: Reference map 'worldedit-neoforge.mixins.refmap.json' for worldedit-neoforge.mixins.json could not be read. If this is a development environment you can ignore this message
[15Sept2026 11:40:10.738] [main/WARN] [mixin/]: Reference map 'create_tweaked_controllers.refmap.json' for create_tweaked_controllers.mixins.json could not be read. If this is a development environment you can ignore this message
[15Sept2026 11:40:10.738] [main/INFO] [C2ME Modules Manager/]: Initializing com.ishland.c2me.threading.lighting.mixin
[15Sept2026 11:40:10.742] [main/WARN] [mixin/]: Reference map 'aeronautics.refmap.json' for aeronautics.mixins.json could not be read. If this is a development environment you can ignore this message
[15Sept2026 11:40:10.746] [main/INFO] [C2ME Modules Manager/]: Initializing com.ishland.c2me.rewrites.chunksystem.mixin
[15Sept2026 11:40:10.753] [main/INFO] [Sodium/]: Loaded configuration file for Sodium: 43 options available, 1 override(s) found
[15Sept2026 11:40:10.754] [main/WARN] [mixin/]: Reference map 'crafttweaker.refmap.json' for crafttweaker.mixins.json could not be read. If this is a development environment you can ignore this message
[15Sept2026 11:40:10.755] [main/WARN] [mixin/]: Reference map 'crafttweaker.refmap.json' for crafttweaker.neoforge.mixins.json could not be read. If this is a development environment you can ignore this message
[15Sept2026 11:40:10.755] [main/INFO] [C2ME Modules Manager/]: Initializing com.ishland.c2me.opts.worldgen.vanilla.mixin
[15Sept2026 11:40:10.756] [main/INFO] [C2ME Modules Manager/]: Initializing com.ishland.c2me.opts.scheduling.mixin
[15Sept2026 11:40:10.757] [main/INFO] [C2ME Config System/]: Config generalOptimizations.midTickChunkTasksInterval changed from 100000 to 50000
[15Sept2026 11:40:10.757] [main/WARN] [mixin/]: Reference map 'offroad.refmap.json' for offroad.mixins.json could not be read. If this is a development environment you can ignore this message
[15Sept2026 11:40:10.758] [main/WARN] [mixin/]: Reference map 'treeplacer.refmap.json' for treeplacer.mixins.json could not be read. If this is a development environment you can ignore this message
[15Sept2026 11:40:10.759] [main/WARN] [mixin/]: Reference map 'treeplacer.refmap.json' for treeplacer.neoforge.mixins.json could not be read. If this is a development environment you can ignore this message
[15Sept2026 11:40:10.759] [main/WARN] [mixin/]: Reference map 'shouldersurfing.refmap.json' for shouldersurfing.api-legacy.mixins.json could not be read. If this is a development environment you can ignore this message
[15Sept2026 11:40:10.759] [main/WARN] [mixin/]: Reference map 'shouldersurfing.refmap.json' for shouldersurfing.common.mixins.json could not be read. If this is a development environment you can ignore this message
[15Sept2026 11:40:10.760] [main/WARN] [mixin/]: Reference map 'shouldersurfing.refmap.json' for shouldersurfing.common.compat.mixins.json could not be read. If this is a development environment you can ignore this message
[15Sept2026 11:40:10.760] [main/WARN] [mixin/]: Reference map 'shouldersurfing.refmap.json' for shouldersurfing.neoforge.mixins.json could not be read. If this is a development environment you can ignore this message
[15Sept2026 11:40:10.761] [main/WARN] [mixin/]: Reference map 'shouldersurfing.refmap.json' for shouldersurfing.neoforge.compat.mixins.json could not be read. If this is a development environment you can ignore this message
[15Sept2026 11:40:10.767] [main/WARN] [mixin/]: Reference map 'ponder.refmap.json' for ponder-common.mixins.json could not be read. If this is a development environment you can ignore this message
[15Sept2026 11:40:10.767] [main/WARN] [mixin/]: Reference map 'xaerominimap.refmap.json' for xaerohud.mixins.json could not be read. If this is a development environment you can ignore this message
[15Sept2026 11:40:10.768] [main/WARN] [mixin/]: Reference map 'xaerominimap.refmap.json' for xaerominimap.mixins.json could not be read. If this is a development environment you can ignore this message
[15Sept2026 11:40:10.769] [main/INFO] [C2ME Modules Manager/]: Initializing com.ishland.c2me.notickvd.mixin
[15Sept2026 11:40:10.776] [main/INFO] [C2ME Config System/]: Config noTickViewDistance.maxConcurrentChunkLoads changed from 27 to 64
[15Sept2026 11:40:10.776] [main/INFO] [C2ME Config System/]: Config noTickViewDistance.chunkSendingSpeedMultiplierPercentage changed from 200 to 0
[15Sept2026 11:40:10.780] [main/WARN] [mixin/]: Reference map 'kuma_api.refmap.json' for kuma_api.mixins.json could not be read. If this is a development environment you can ignore this message
[15Sept2026 11:40:10.780] [main/WARN] [mixin/]: Reference map 'geckolib.refmap.json' for geckolib.mixins.json could not be read. If this is a development environment you can ignore this message
[15Sept2026 11:40:10.781] [main/WARN] [mixin/]: Reference map 'naturalist.refmap.json' for naturalist.mixins.json could not be read. If this is a development environment you can ignore this message
[15Sept2026 11:40:10.781] [main/INFO] [C2ME Modules Manager/]: Initializing com.ishland.c2me.opts.natives_math.mixin
[15Sept2026 11:40:10.782] [main/WARN] [C2ME Modules Manager/]: Disabling com.ishland.c2me.opts.natives_math.mixin due to incompatible Java version, see debug logs for details
[15Sept2026 11:40:10.782] [main/INFO] [C2ME Modules Manager/]: Disabling com.ishland.c2me.opts.natives_math.mixin
[15Sept2026 11:40:10.783] [main/WARN] [mixin/]: Reference map 'xaeroworldmap.refmap.json' for xaeroworldmap.mixins.json could not be read. If this is a development environment you can ignore this message
[15Sept2026 11:40:10.784] [main/WARN] [mixin/]: Reference map 'controlling.refmap.json' for controlling.mixins.json could not be read. If this is a development environment you can ignore this message
[15Sept2026 11:40:10.784] [main/WARN] [mixin/]: Reference map 'controlling.refmap.json' for controlling.neoforge.mixins.json could not be read. If this is a development environment you can ignore this message
[15Sept2026 11:40:10.784] [main/WARN] [mixin/]: Reference map 'citadel.refmap.json' for citadel.mixins.json could not be read. If this is a development environment you can ignore this message
[15Sept2026 11:40:10.785] [main/WARN] [mixin/]: Reference map 'simulated.refmap.json' for simulated.mixins.json could not be read. If this is a development environment you can ignore this message
[15Sept2026 11:40:10.785] [main/INFO] [C2ME Modules Manager/]: Initializing com.ishland.c2me.opts.math.mixin
[15Sept2026 11:40:10.787] [main/WARN] [mixin/]: Reference map 'carryon.refmap.json' for carryon.mixins.json could not be read. If this is a development environment you can ignore this message
[15Sept2026 11:40:10.789] [main/INFO] [C2ME Modules Manager/]: Initializing com.ishland.c2me.fixes.worldgen.vanilla_bugs.mixin
[15Sept2026 11:40:10.791] [main/WARN] [mixin/]: Reference map 'konkrete.refmap.json' for konkrete.mixins.json could not be read. If this is a development environment you can ignore this message
[15Sept2026 11:40:10.791] [main/WARN] [mixin/]: Reference map 'konkrete.refmap.json' for konkrete.neoforge.mixins.json could not be read. If this is a development environment you can ignore this message
[15Sept2026 11:40:10.793] [main/WARN] [mixin/]: Reference map 'create_connected.refmap.json' for create_connected.mixins.json could not be read. If this is a development environment you can ignore this message
[15Sept2026 11:40:10.794] [main/INFO] [C2ME Modules Manager/]: Initializing com.ishland.c2me.fixes.chunkio.threading_issues.mixin
[15Sept2026 11:40:10.794] [main/INFO] [C2ME Modules Manager/]: Initializing com.ishland.c2me.client.uncapvd.mixin
[15Sept2026 11:40:10.796] [main/WARN] [mixin/]: Reference map 'simplebedrockmodel.refmap.json' for simplebedrockmodel.mixins.json could not be read. If this is a development environment you can ignore this message
[15Sept2026 11:40:10.798] [main/INFO] [C2ME Modules Manager/]: Initializing com.ishland.c2me.rewrites.chunkio.mixin
[15Sept2026 11:40:10.799] [main/INFO] [C2ME Modules Manager/]: Initializing com.ishland.c2me.opts.allocs.mixin
[15Sept2026 11:40:10.800] [main/WARN] [mixin/]: Reference map 'effortlessbuilding.refmap.json' for neoforge-effortlessbuilding.mixins.json could not be read. If this is a development environment you can ignore this message
[15Sept2026 11:40:10.803] [main/WARN] [mixin/]: Reference map 'xaerolib.refmap.json' for xaerolib.mixins.json could not be read. If this is a development environment you can ignore this message
[15Sept2026 11:40:10.803] [main/WARN] [mixin/]: Reference map 'tacz.refmap.json' for tacz.mixins.json could not be read. If this is a development environment you can ignore this message
[15Sept2026 11:40:10.804] [main/WARN] [mixin/]: Reference map 'tacz.refmap.json' for tacz.compat.acceleratedrendering.mixins.json could not be read. If this is a development environment you can ignore this message
[15Sept2026 11:40:10.808] [main/INFO] [dev.ryanhcode.sable.mixin.AbstractSableMixinPlugin/]: Using Sodium renderer mixins
[15Sept2026 11:40:10.809] [main/INFO] [dev.ryanhcode.sable.mixin.AbstractSableMixinPlugin/]: Using Sodium renderer mixins
[15Sept2026 11:40:10.809] [main/WARN] [mixin/]: Reference map 'shtreimel.refmap.json' for shtreimel.mixins.json could not be read. If this is a development environment you can ignore this message
[15Sept2026 11:40:10.809] [main/WARN] [mixin/]: Reference map 'shtreimel.refmap.json' for shtreimel-create.mixins.json could not be read. If this is a development environment you can ignore this message
[15Sept2026 11:40:10.815] [main/WARN] [mixin/]: Reference map 'waystones.refmap.json' for waystones.mixins.json could not be read. If this is a development environment you can ignore this message
[15Sept2026 11:40:10.816] [main/WARN] [mixin/]: Reference map 'clumps.refmap.json' for clumps.mixins.json could not be read. If this is a development environment you can ignore this message
[15Sept2026 11:40:10.816] [main/WARN] [mixin/]: Reference map 'comforts.refmap.json' for comforts.mixins.json could not be read. If this is a development environment you can ignore this message
[15Sept2026 11:40:10.818] [main/WARN] [mixin/]: Reference map 'drivebywire.refmap.json' for drivebywire.mixins.json could not be read. If this is a development environment you can ignore this message
[15Sept2026 11:40:10.818] [main/WARN] [mixin/]: Reference map 'skinlayers3d.refmap.mixins.json' for skinlayers3d.mixins.json could not be read. If this is a development environment you can ignore this message
[15Sept2026 11:40:10.818] [main/WARN] [mixin/]: Reference map 'tfmg.refmap.json' for tfmg.mixins.json could not be read. If this is a development environment you can ignore this message
[15Sept2026 11:40:10.820] [main/WARN] [mixin/]: Reference map 'createpropulsion.refmap.json' for createpropulsion.mixins.json could not be read. If this is a development environment you can ignore this message
[15Sept2026 11:40:10.821] [main/INFO] [C2ME Modules Manager/]: Initializing com.ishland.c2me.server.utils.mixin
[15Sept2026 11:40:10.823] [main/WARN] [mixin/]: Reference map 'createradar.refmap.json' for create_radar.mixins.json could not be read. If this is a development environment you can ignore this message
[15Sept2026 11:40:10.823] [main/INFO] [C2ME Modules Manager/]: Initializing com.ishland.c2me.opts.worldgen.general.mixin
[15Sept2026 11:40:10.824] [main/INFO] [C2ME Modules Manager/]: Initializing com.ishland.c2me.opts.chunkio.mixin
[15Sept2026 11:40:10.826] [main/WARN] [mixin/]: Reference map 'minecolonies_tweaks.mixin.refmap.json' for minecolonies_tweaks.mixin.client.json could not be read. If this is a development environment you can ignore this message
[15Sept2026 11:40:10.826] [main/WARN] [mixin/]: Reference map 'minecolonies_tweaks.mixin.refmap.json' for minecolonies_tweaks.mixin.common.json could not be read. If this is a development environment you can ignore this message
[15Sept2026 11:40:10.826] [main/WARN] [mixin/]: Reference map 'minecolonies_compatibility.mixin.refmap.json' for minecolonies_compatibility.mixin.client.json could not be read. If this is a development environment you can ignore this message
[15Sept2026 11:40:10.827] [main/WARN] [mixin/]: Reference map 'minecolonies_compatibility.mixin.refmap.json' for minecolonies_compatibility.mixin.common.json could not be read. If this is a development environment you can ignore this message
[15Sept2026 11:40:10.833] [main/WARN] [mixin/]: Reference map '${refmap_target}refmap.json' for ferritecore.predicates.mixin.json could not be read. If this is a development environment you can ignore this message
[15Sept2026 11:40:10.834] [main/WARN] [mixin/]: Reference map '${refmap_target}refmap.json' for ferritecore.fastmap.mixin.json could not be read. If this is a development environment you can ignore this message
[15Sept2026 11:40:10.834] [main/WARN] [mixin/]: Reference map '${refmap_target}refmap.json' for ferritecore.mrl.mixin.json could not be read. If this is a development environment you can ignore this message
[15Sept2026 11:40:10.835] [main/WARN] [mixin/]: Reference map '${refmap_target}refmap.json' for ferritecore.dedupmultipart.mixin.json could not be read. If this is a development environment you can ignore this message
[15Sept2026 11:40:10.835] [main/WARN] [mixin/]: Reference map '${refmap_target}refmap.json' for ferritecore.blockstatecache.mixin.json could not be read. If this is a development environment you can ignore this message
[15Sept2026 11:40:10.836] [main/WARN] [mixin/]: Reference map '${refmap_target}refmap.json' for ferritecore.dedupbakedquad.mixin.json could not be read. If this is a development environment you can ignore this message
[15Sept2026 11:40:10.836] [main/WARN] [mixin/]: Reference map '${refmap_target}refmap.json' for ferritecore.threaddetec.mixin.json could not be read. If this is a development environment you can ignore this message
[15Sept2026 11:40:10.837] [main/WARN] [mixin/]: Reference map '${refmap_target}refmap.json' for ferritecore.modelsides.mixin.json could not be read. If this is a development environment you can ignore this message
[15Sept2026 11:40:10.837] [main/WARN] [mixin/]: Reference map '${refmap_target}refmap.json' for ferritecore.datacomponents.mixin.json could not be read. If this is a development environment you can ignore this message
[15Sept2026 11:40:10.837] [main/WARN] [mixin/]: Reference map '${refmap_target}refmap.json' for ferritecore.accessors.mixin.json could not be read. If this is a development environment you can ignore this message
[15Sept2026 11:40:10.838] [main/WARN] [mixin/]: Reference map 'yet_another_config_lib_v3.refmap.json' for yacl.mixins.json could not be read. If this is a development environment you can ignore this message
[15Sept2026 11:40:10.839] [main/WARN] [mixin/]: Reference map 'tacztweaks.refmap.json' for tacztweaks.mixins.json could not be read. If this is a development environment you can ignore this message
[15Sept2026 11:40:10.839] [main/WARN] [mixin/]: Reference map 'tacztweaks-neoforge.refmap.json' for tacztweaks-neoforge.mixins.json could not be read. If this is a development environment you can ignore this message
[15Sept2026 11:40:10.841] [main/WARN] [mixin/]: Reference map 'justzoom.refmap.json' for justzoom.mixins.json could not be read. If this is a development environment you can ignore this message
[15Sept2026 11:40:10.841] [main/WARN] [mixin/]: Reference map 'justzoom.refmap.json' for justzoom.neoforge.mixins.json could not be read. If this is a development environment you can ignore this message
[15Sept2026 11:40:10.842] [main/WARN] [mixin/]: Reference map 'sound_physics_remastered.refmap.json' for sound_physics_remastered.mixins.json could not be read. If this is a development environment you can ignore this message
[15Sept2026 11:40:10.847] [main/WARN] [mixin/]: Reference map '' for adapter.init.mixins.json could not be read. If this is a development environment you can ignore this message
[15Sept2026 11:40:11.325] [main/WARN] [mixin/]: Error loading class: ca/spottedleaf/starlight/common/thread/SchedulingUtil (java.lang.ClassNotFoundException: ca.spottedleaf.starlight.common.thread.SchedulingUtil)
[15Sept2026 11:40:11.401] [main/WARN] [mixin/]: Error loading class: ca/spottedleaf/starlight/common/integration/v0/ChunkSystemHooks (java.lang.ClassNotFoundException: ca.spottedleaf.starlight.common.integration.v0.ChunkSystemHooks)
[15Sept2026 11:40:11.401] [main/WARN] [mixin/]: @Mixin target ca/spottedleaf/starlight/common/integration/v0/ChunkSystemHooks was not found c2me-rewrites-chunk-system.mixins.json:scalablelux.MixinChunkSystemHooks from mod c2me_rewrites_chunk_system
[15Sept2026 11:40:11.632] [main/WARN] [mixin/]: Error loading class: de/maxhenkel/voicechat/voice/server/ServerWorldUtils (java.lang.ClassNotFoundException: de.maxhenkel.voicechat.voice.server.ServerWorldUtils)
[15Sept2026 11:40:11.632] [main/WARN] [mixin/]: @Mixin target de.maxhenkel.voicechat.voice.server.ServerWorldUtils was not found railways-common.mixins.json:compat.voicechat.ServerWorldUtilsMixin from mod railways
[15Sept2026 11:40:11.701] [main/WARN] [mixin/]: Error loading class: me/jellysquid/mods/lithium/common/ai/pathing/PathNodeDefaults (java.lang.ClassNotFoundException: me.jellysquid.mods.lithium.common.ai.pathing.PathNodeDefaults)
[15Sept2026 11:40:11.726] [main/WARN] [mixin/]: Error loading class: net/minecraft/client/OptionInstance (java.lang.ClassNotFoundException: net.minecraft.client.OptionInstance)
[15Sept2026 11:40:11.726] [main/WARN] [mixin/]: @Mixin target net.minecraft.client.OptionInstance was not found c2me-client-uncapvd.mixins.json:ISimpleOption from mod c2me_client_uncapvd
[15Sept2026 11:40:11.728] [main/ERROR] [net.neoforged.fml.common.asm.RuntimeDistCleaner/DISTXFORM]: Attempted to load class net/minecraft/client/Options for invalid dist DEDICATED_SERVER
[15Sept2026 11:40:11.729] [main/WARN] [mixin/]: Error loading class: net/minecraft/client/Options (java.lang.RuntimeException: Attempted to load class net/minecraft/client/Options for invalid dist DEDICATED_SERVER)
[15Sept2026 11:40:11.729] [main/WARN] [mixin/]: @Mixin target net.minecraft.client.Options was not found c2me-client-uncapvd.mixins.json:MixinGameOptions from mod c2me_client_uncapvd
[15Sept2026 11:40:11.730] [main/WARN] [mixin/]: Error loading class: me/jellysquid/mods/sodium/client/gui/SodiumGameOptionPages (java.lang.ClassNotFoundException: me.jellysquid.mods.sodium.client.gui.SodiumGameOptionPages)
[15Sept2026 11:40:11.731] [main/WARN] [mixin/]: Error loading class: net/caffeinemc/sodium/config/user/UserConfigCategories (java.lang.ClassNotFoundException: net.caffeinemc.sodium.config.user.UserConfigCategories)
[15Sept2026 11:40:11.733] [main/WARN] [mixin/]: Error loading class: net/vulkanmod/config/option/Options (java.lang.ClassNotFoundException: net.vulkanmod.config.option.Options)
[15Sept2026 11:40:11.738] [main/ERROR] [net.neoforged.fml.common.asm.RuntimeDistCleaner/DISTXFORM]: Attempted to load class net/minecraft/client/renderer/LevelRenderer for invalid dist DEDICATED_SERVER
[15Sept2026 11:40:11.739] [main/WARN] [mixin/]: Error loading class: net/minecraft/client/renderer/LevelRenderer (java.lang.RuntimeException: Attempted to load class net/minecraft/client/renderer/LevelRenderer for invalid dist DEDICATED_SERVER)
[15Sept2026 11:40:11.739] [main/WARN] [mixin/]: @Mixin target net.minecraft.client.renderer.LevelRenderer was not found c2me-client-uncapvd.mixins.json:rendering.MixinFogRenderer from mod c2me_client_uncapvd
[15Sept2026 11:40:11.815] [main/WARN] [mixin/]: Error loading class: com/mrcrayfish/controllable/client/binding/context/BindingContext (java.lang.ClassNotFoundException: com.mrcrayfish.controllable.client.binding.context.BindingContext)
[15Sept2026 11:40:11.887] [main/ERROR] [net.neoforged.fml.common.asm.RuntimeDistCleaner/DISTXFORM]: Attempted to load class net/minecraft/client/multiplayer/ClientLevel for invalid dist DEDICATED_SERVER
[15Sept2026 11:40:11.888] [main/WARN] [mixin/]: Error loading class: net/minecraft/client/multiplayer/ClientLevel (java.lang.RuntimeException: Attempted to load class net/minecraft/client/multiplayer/ClientLevel for invalid dist DEDICATED_SERVER)
[15Sept2026 11:40:11.903] [main/ERROR] [net.neoforged.fml.common.asm.RuntimeDistCleaner/DISTXFORM]: Attempted to load class net/minecraft/client/multiplayer/ClientLevel for invalid dist DEDICATED_SERVER
[15Sept2026 11:40:11.903] [main/WARN] [mixin/]: Error loading class: net/minecraft/client/multiplayer/ClientLevel (java.lang.RuntimeException: Attempted to load class net/minecraft/client/multiplayer/ClientLevel for invalid dist DEDICATED_SERVER)
[15Sept2026 11:40:11.912] [main/ERROR] [net.neoforged.fml.common.asm.RuntimeDistCleaner/DISTXFORM]: Attempted to load class net/minecraft/client/multiplayer/ClientLevel for invalid dist DEDICATED_SERVER
[15Sept2026 11:40:11.912] [main/WARN] [mixin/]: Error loading class: net/minecraft/client/multiplayer/ClientLevel (java.lang.RuntimeException: Attempted to load class net/minecraft/client/multiplayer/ClientLevel for invalid dist DEDICATED_SERVER)
[15Sept2026 11:40:12.052] [main/ERROR] [net.neoforged.fml.common.asm.RuntimeDistCleaner/DISTXFORM]: Attempted to load class net/minecraft/client/player/AbstractClientPlayer for invalid dist DEDICATED_SERVER
[15Sept2026 11:40:12.052] [main/WARN] [mixin/]: Error loading class: net/minecraft/client/player/AbstractClientPlayer (java.lang.RuntimeException: Attempted to load class net/minecraft/client/player/AbstractClientPlayer for invalid dist DEDICATED_SERVER)
[15Sept2026 11:40:12.052] [main/WARN] [mixin/]: @Mixin target net.minecraft.client.player.AbstractClientPlayer was not found mixins.create_sa.json:AbstractClientPlayerMixin from mod create_sa
[15Sept2026 11:40:12.062] [main/ERROR] [net.neoforged.fml.common.asm.RuntimeDistCleaner/DISTXFORM]: Attempted to load class net/minecraft/client/renderer/entity/LivingEntityRenderer for invalid dist DEDICATED_SERVER
[15Sept2026 11:40:12.063] [main/WARN] [mixin/]: Error loading class: net/minecraft/client/renderer/entity/LivingEntityRenderer (java.lang.RuntimeException: Attempted to load class net/minecraft/client/renderer/entity/LivingEntityRenderer for invalid dist DEDICATED_SERVER)
[15Sept2026 11:40:12.063] [main/WARN] [mixin/]: @Mixin target net.minecraft.client.renderer.entity.LivingEntityRenderer was not found fracturepoint.mixins.json:MixinLivingEntityRenderer from mod fracturepoint
[15Sept2026 11:40:12.128] [main/ERROR] [net.neoforged.fml.common.asm.RuntimeDistCleaner/DISTXFORM]: Attempted to load class com/minecolonies/core/compatibility/jei/GenericRecipeCategory for invalid dist DEDICATED_SERVER
[15Sept2026 11:40:12.128] [main/WARN] [mixin/]: Error loading class: com/minecolonies/core/compatibility/jei/GenericRecipeCategory (java.lang.RuntimeException: Attempted to load class com/minecolonies/core/compatibility/jei/GenericRecipeCategory for invalid dist DEDICATED_SERVER)
[15Sept2026 11:40:12.128] [main/WARN] [mixin/]: @Mixin target com.minecolonies.core.compatibility.jei.GenericRecipeCategory was not found minecolonies_compatibility.mixin.common.json:minecolonies.GenericRecipeCategoryMixin from mod minecolonies_compatibility
[15Sept2026 11:40:12.132] [main/WARN] [mixin/]: Error loading class: appeng/blockentity/networking/CableBusBlockEntity (java.lang.ClassNotFoundException: appeng.blockentity.networking.CableBusBlockEntity)
[15Sept2026 11:40:12.132] [main/WARN] [mixin/]: @Mixin target appeng.blockentity.networking.CableBusBlockEntity was not found minecolonies_compatibility.mixin.common.json:ae.CableBusBlockEntityMixin from mod minecolonies_compatibility
[15Sept2026 11:40:12.133] [main/WARN] [mixin/]: Error loading class: com/lance5057/butchercraft/workstations/butcherblock/ButcherBlockBlockEntity (java.lang.ClassNotFoundException: com.lance5057.butchercraft.workstations.butcherblock.ButcherBlockBlockEntity)
[15Sept2026 11:40:12.133] [main/WARN] [mixin/]: @Mixin target com.lance5057.butchercraft.workstations.butcherblock.ButcherBlockBlockEntity was not found minecolonies_compatibility.mixin.common.json:butchercraft.ButcherBlockBlockEntityAccessor from mod minecolonies_compatibility
[15Sept2026 11:40:12.133] [main/WARN] [mixin/]: Error loading class: com/lance5057/butchercraft/workstations/hook/MeatHookBlockEntity (java.lang.ClassNotFoundException: com.lance5057.butchercraft.workstations.hook.MeatHookBlockEntity)
[15Sept2026 11:40:12.133] [main/WARN] [mixin/]: @Mixin target com.lance5057.butchercraft.workstations.hook.MeatHookBlockEntity was not found minecolonies_compatibility.mixin.common.json:butchercraft.MeatHookBlockEntityAccessor from mod minecolonies_compatibility
[15Sept2026 11:40:12.134] [main/WARN] [mixin/]: Error loading class: com/cobblemon/mod/common/block/BerryBlock (java.lang.ClassNotFoundException: com.cobblemon.mod.common.block.BerryBlock)
[15Sept2026 11:40:12.134] [main/WARN] [mixin/]: @Mixin target com.cobblemon.mod.common.block.BerryBlock was not found minecolonies_compatibility.mixin.common.json:cobblemon.BerryBlockAccessor from mod minecolonies_compatibility
[15Sept2026 11:40:12.135] [main/WARN] [mixin/]: Error loading class: com/mrbysco/oreberriesreplanted/block/OreBerryBushBlock (java.lang.ClassNotFoundException: com.mrbysco.oreberriesreplanted.block.OreBerryBushBlock)
[15Sept2026 11:40:12.135] [main/WARN] [mixin/]: @Mixin target com.mrbysco.oreberriesreplanted.block.OreBerryBushBlock was not found minecolonies_compatibility.mixin.common.json:oreberries.OreBerryBushBlockAccessor from mod minecolonies_compatibility
[15Sept2026 11:40:12.135] [main/WARN] [mixin/]: Error loading class: com/refinedmods/refinedstorage/api/network/impl/autocrafting/AutocraftingNetworkComponentImpl (java.lang.ClassNotFoundException: com.refinedmods.refinedstorage.api.network.impl.autocrafting.AutocraftingNetworkComponentImpl)
[15Sept2026 11:40:12.135] [main/WARN] [mixin/]: @Mixin target com.refinedmods.refinedstorage.api.network.impl.autocrafting.AutocraftingNetworkComponentImpl was not found minecolonies_compatibility.mixin.common.json:refinedstorage.AutocraftingNetworkComponentImplAccessor from mod minecolonies_compatibility
[15Sept2026 11:40:12.136] [main/WARN] [mixin/]: Error loading class: reliquary/item/HandgunItem (java.lang.ClassNotFoundException: reliquary.item.HandgunItem)
[15Sept2026 11:40:12.136] [main/WARN] [mixin/]: @Mixin target reliquary.item.HandgunItem was not found minecolonies_compatibility.mixin.common.json:reliquary.HandgunItemAccessor from mod minecolonies_compatibility
[15Sept2026 11:40:12.136] [main/WARN] [mixin/]: Error loading class: reliquary/entity/shot/NeutralShot (java.lang.ClassNotFoundException: reliquary.entity.shot.NeutralShot)
[15Sept2026 11:40:12.136] [main/WARN] [mixin/]: @Mixin target reliquary.entity.shot.NeutralShot was not found minecolonies_compatibility.mixin.common.json:reliquary.NeutralShotMixin from mod minecolonies_compatibility
[15Sept2026 11:40:12.195] [main/ERROR] [net.neoforged.fml.common.asm.RuntimeDistCleaner/DISTXFORM]: Attempted to load class net/minecraft/client/Minecraft for invalid dist DEDICATED_SERVER
[15Sept2026 11:40:12.195] [main/WARN] [mixin/]: Error loading class: net/minecraft/client/Minecraft (java.lang.RuntimeException: Attempted to load class net/minecraft/client/Minecraft for invalid dist DEDICATED_SERVER)
[15Sept2026 11:40:12.196] [main/WARN] [mixin/]: @Mixin target net.minecraft.client.Minecraft was not found tacztweaks.mixins.json:feature.gameplay.behaviour.bullet_protection.ProtectionEnchantmentMixin from mod tacztweaks
[15Sept2026 11:40:12.199] [main/WARN] [mixin/]: Error loading class: me/xjqsh/lrtactical/util/CustomExplosion (java.lang.ClassNotFoundException: me.xjqsh.lrtactical.util.CustomExplosion)
[15Sept2026 11:40:12.199] [main/WARN] [mixin/]: @Mixin target me.xjqsh.lrtactical.util.CustomExplosion was not found tacztweaks.mixins.json:feature.general.compatibility.sable.lrtactical.CustomExplosionMixin from mod tacztweaks
[15Sept2026 11:40:12.200] [main/WARN] [mixin/]: Error loading class: me/xjqsh/lrtactical/entity/ThrowableItemEntity (java.lang.ClassNotFoundException: me.xjqsh.lrtactical.entity.ThrowableItemEntity)
[15Sept2026 11:40:12.200] [main/WARN] [mixin/]: @Mixin target me.xjqsh.lrtactical.entity.ThrowableItemEntity was not found tacztweaks.mixins.json:feature.general.compatibility.sable.lrtactical.ThrowableItemEntityMixin from mod tacztweaks
[15Sept2026 11:40:12.202] [main/ERROR] [net.neoforged.fml.common.asm.RuntimeDistCleaner/DISTXFORM]: Attempted to load class net/minecraft/client/sounds/SoundEngine for invalid dist DEDICATED_SERVER
[15Sept2026 11:40:12.203] [main/WARN] [mixin/]: Error loading class: net/minecraft/client/sounds/SoundEngine (java.lang.RuntimeException: Attempted to load class net/minecraft/client/sounds/SoundEngine for invalid dist DEDICATED_SERVER)
[15Sept2026 11:40:12.203] [main/WARN] [mixin/]: @Mixin target net.minecraft.client.sounds.SoundEngine was not found tacztweaks.mixins.json:feature.sound_physics_evaluate.SoundEngineMixin from mod tacztweaks
[15Sept2026 11:40:12.327] [main/ERROR] [net.neoforged.fml.common.asm.RuntimeDistCleaner/DISTXFORM]: Attempted to load class net/minecraft/client/renderer/Sheets for invalid dist DEDICATED_SERVER
[15Sept2026 11:40:12.327] [main/WARN] [mixin/]: Error loading class: net/minecraft/client/renderer/Sheets (java.lang.RuntimeException: Attempted to load class net/minecraft/client/renderer/Sheets for invalid dist DEDICATED_SERVER)
[15Sept2026 11:40:12.327] [main/WARN] [mixin/]: @Mixin target net.minecraft.client.renderer.Sheets was not found shouldersurfing.neoforge.compat.mixins.json:iris.SheetsMixin_1_7_0 from mod shouldersurfing
[15Sept2026 11:40:12.367] [main/WARN] [mixin/]: Error loading class: me/jellysquid/mods/sodium/client/gui/SodiumGameOptionPages (java.lang.ClassNotFoundException: me.jellysquid.mods.sodium.client.gui.SodiumGameOptionPages)
[15Sept2026 11:40:12.368] [main/WARN] [mixin/]: Error loading class: net/caffeinemc/sodium/config/user/UserConfigCategories (java.lang.ClassNotFoundException: net.caffeinemc.sodium.config.user.UserConfigCategories)
[15Sept2026 11:40:12.369] [main/WARN] [mixin/]: Error loading class: me/jellysquid/mods/sodium/client/gui/SodiumGameOptionPages (java.lang.ClassNotFoundException: me.jellysquid.mods.sodium.client.gui.SodiumGameOptionPages)
[15Sept2026 11:40:12.369] [main/WARN] [mixin/]: Error loading class: net/caffeinemc/sodium/config/user/UserConfigCategories (java.lang.ClassNotFoundException: net.caffeinemc.sodium.config.user.UserConfigCategories)
[15Sept2026 11:40:12.392] [main/WARN] [mixin/]: Error loading class: org/jetbrains/annotations/ApiStatus$ScheduledForRemoval (java.lang.ClassNotFoundException: org.jetbrains.annotations.ApiStatus$ScheduledForRemoval)
[15Sept2026 11:40:12.400] [main/ERROR] [net.neoforged.fml.common.asm.RuntimeDistCleaner/DISTXFORM]: Attempted to load class net/minecraft/client/multiplayer/ClientLevel for invalid dist DEDICATED_SERVER
[15Sept2026 11:40:12.400] [main/WARN] [mixin/]: Error loading class: net/minecraft/client/multiplayer/ClientLevel (java.lang.RuntimeException: Attempted to load class net/minecraft/client/multiplayer/ClientLevel for invalid dist DEDICATED_SERVER)
[15Sept2026 11:40:12.401] [main/ERROR] [net.neoforged.fml.common.asm.RuntimeDistCleaner/DISTXFORM]: Attempted to load class net/minecraft/client/multiplayer/ClientLevel for invalid dist DEDICATED_SERVER
[15Sept2026 11:40:12.401] [main/WARN] [mixin/]: Error loading class: net/minecraft/client/multiplayer/ClientLevel (java.lang.RuntimeException: Attempted to load class net/minecraft/client/multiplayer/ClientLevel for invalid dist DEDICATED_SERVER)
[15Sept2026 11:40:12.407] [main/ERROR] [net.neoforged.fml.common.asm.RuntimeDistCleaner/DISTXFORM]: Attempted to load class net/minecraft/client/multiplayer/ClientLevel for invalid dist DEDICATED_SERVER
[15Sept2026 11:40:12.408] [main/WARN] [mixin/]: Error loading class: net/minecraft/client/multiplayer/ClientLevel (java.lang.RuntimeException: Attempted to load class net/minecraft/client/multiplayer/ClientLevel for invalid dist DEDICATED_SERVER)
[15Sept2026 11:40:12.409] [main/ERROR] [net.neoforged.fml.common.asm.RuntimeDistCleaner/DISTXFORM]: Attempted to load class net/minecraft/client/multiplayer/ClientLevel for invalid dist DEDICATED_SERVER
[15Sept2026 11:40:12.409] [main/WARN] [mixin/]: Error loading class: net/minecraft/client/multiplayer/ClientLevel (java.lang.RuntimeException: Attempted to load class net/minecraft/client/multiplayer/ClientLevel for invalid dist DEDICATED_SERVER)
[15Sept2026 11:40:12.414] [main/ERROR] [net.neoforged.fml.common.asm.RuntimeDistCleaner/DISTXFORM]: Attempted to load class net/minecraft/client/multiplayer/ClientLevel for invalid dist DEDICATED_SERVER
[15Sept2026 11:40:12.415] [main/WARN] [mixin/]: Error loading class: net/minecraft/client/multiplayer/ClientLevel (java.lang.RuntimeException: Attempted to load class net/minecraft/client/multiplayer/ClientLevel for invalid dist DEDICATED_SERVER)
[15Sept2026 11:40:12.416] [main/ERROR] [net.neoforged.fml.common.asm.RuntimeDistCleaner/DISTXFORM]: Attempted to load class net/minecraft/client/multiplayer/ClientLevel for invalid dist DEDICATED_SERVER
[15Sept2026 11:40:12.416] [main/WARN] [mixin/]: Error loading class: net/minecraft/client/multiplayer/ClientLevel (java.lang.RuntimeException: Attempted to load class net/minecraft/client/multiplayer/ClientLevel for invalid dist DEDICATED_SERVER)
[15Sept2026 11:40:12.463] [main/WARN] [mixin/]: Error loading class: net/minecraft/client/particle/TextureSheetParticle (java.lang.ClassNotFoundException: net.minecraft.client.particle.TextureSheetParticle)
[15Sept2026 11:40:12.538] [main/INFO] [MixinExtras|Service/]: Initializing MixinExtras via com.llamalad7.mixinextras.service.MixinExtrasServiceImpl(version=0.5.4).
[15Sept2026 11:40:12.848] [main/INFO] [net.minecraft.server.Bootstrap/]: ModernFix reached bootstrap stage (8.405 s after launch)
[15Sept2026 11:40:14.360] [main/ERROR] [net.neoforged.fml.common.asm.RuntimeDistCleaner/DISTXFORM]: Attempted to load class net/minecraft/client/multiplayer/ClientLevel for invalid dist DEDICATED_SERVER
[15Sept2026 11:40:14.360] [main/WARN] [mixin/]: Error loading class: net/minecraft/client/multiplayer/ClientLevel (java.lang.RuntimeException: Attempted to load class net/minecraft/client/multiplayer/ClientLevel for invalid dist DEDICATED_SERVER)
[15Sept2026 11:40:14.363] [main/ERROR] [net.neoforged.fml.common.asm.RuntimeDistCleaner/DISTXFORM]: Attempted to load class net/minecraft/client/multiplayer/ClientLevel for invalid dist DEDICATED_SERVER
[15Sept2026 11:40:14.364] [main/WARN] [mixin/]: Error loading class: net/minecraft/client/multiplayer/ClientLevel (java.lang.RuntimeException: Attempted to load class net/minecraft/client/multiplayer/ClientLevel for invalid dist DEDICATED_SERVER)
[15Sept2026 11:40:14.369] [main/ERROR] [net.neoforged.fml.common.asm.RuntimeDistCleaner/DISTXFORM]: Attempted to load class net/minecraft/client/multiplayer/ClientLevel for invalid dist DEDICATED_SERVER
[15Sept2026 11:40:14.369] [main/WARN] [mixin/]: Error loading class: net/minecraft/client/multiplayer/ClientLevel (java.lang.RuntimeException: Attempted to load class net/minecraft/client/multiplayer/ClientLevel for invalid dist DEDICATED_SERVER)
[15Sept2026 11:40:15.691] [main/WARN] [mixin/]: Method overwrite conflict for scheduleRandomTick in corgilib-common.mixins.json:chunk.MixinChunkAccess from mod corgilib, previously written by dev.corgitaco.ohthetreesyoullgrow.mixin.chunk.MixinChunkAccess. Skipping method.
[15Sept2026 11:40:15.691] [main/WARN] [mixin/]: Method overwrite conflict for getScheduledRandomTicks in corgilib-common.mixins.json:chunk.MixinChunkAccess from mod corgilib, previously written by dev.corgitaco.ohthetreesyoullgrow.mixin.chunk.MixinChunkAccess. Skipping method.
[15Sept2026 11:40:17.613] [main/INFO] [net.minecraft.server.Bootstrap/]: Vanilla bootstrap took 4762 milliseconds
[15Sept2026 11:40:17.767] [modloading-worker-0/INFO] [Veil/]: Veil is initializing.
[15Sept2026 11:40:17.778] [modloading-worker-0/INFO] [Create Deco/]: Registering items for Create Deco
[15Sept2026 11:40:17.784] [modloading-worker-0/INFO] [net.neoforged.neoforge.common.NeoForgeMod/NEOFORGE-MOD]: NeoForge mod loading, version 21.1.249, for MC 1.21.1
[15Sept2026 11:40:17.786] [modloading-worker-0/INFO] [net.petemc.undeadnights.UndeadNights/]: Registering Item Groups for undeadnights
[15Sept2026 11:40:17.796] [modloading-worker-0/INFO] [net.petemc.undeadnights.UndeadNights/]: Loading undeadnights horde mobs config
[15Sept2026 11:40:17.797] [modloading-worker-0/INFO] [net.petemc.undeadnights.UndeadNights/]: No target entities specified in horde mob config, no additional entities will be targeted.
[15Sept2026 11:40:17.797] [modloading-worker-0/INFO] [net.petemc.undeadnights.UndeadNights/]: Default horde mob undeadnights:horde_zombie was read from config.
[15Sept2026 11:40:17.798] [modloading-worker-0/INFO] [net.petemc.undeadnights.UndeadNights/]: Horde mob undeadnights:elite_zombie with chance 6% was read from config.
[15Sept2026 11:40:17.798] [modloading-worker-0/INFO] [net.petemc.undeadnights.UndeadNights/]: Horde mob undeadnights:demolition_zombie with chance 1% was read from config.
[15Sept2026 11:40:17.804] [modloading-worker-0/INFO] [Railways/]: Steam 'n' Rails v1.6.13-alpha initializing! Commit hash: dev on Create version: 6.0.10 on platform: Neoforge
[15Sept2026 11:40:17.808] [modloading-worker-0/INFO] [net.petemc.undeadnights.UndeadNights/]: Setting current difficulty level to: Level 1
[15Sept2026 11:40:17.808] [modloading-worker-0/INFO] [net.petemc.undeadnights.UndeadNights/]: Loaded difficulty config with 1 difficulty levels.
[15Sept2026 11:40:17.855] [modloading-worker-0/INFO] [com.jtorleonstudios.libraryferret.LibraryFerret/]: Initialize mod Library Ferret
[15Sept2026 11:40:17.882] [modloading-worker-0/INFO] [com.jtorleonstudios.libraryferret.LibraryFerret/]: Initialized mod Library Ferret
[15Sept2026 11:40:17.918] [modloading-worker-0/INFO] [Create: Blazing Hot/]: Create mod addon Create: Blazing Hot initializing!
[15Sept2026 11:40:17.924] [modloading-worker-0/INFO] [Create Deco/]: Registering blocks for Create Deco
[15Sept2026 11:40:17.937] [modloading-worker-0/INFO] [com.raiiiden.warborn.WARBORN/]: Loaded 2 bundled armor packs with 193 items
[15Sept2026 11:40:17.984] [modloading-worker-0/INFO] [Create Deco/]: Populating connected texture maps...
[15Sept2026 11:40:18.133] [modloading-worker-0/INFO] [STDOUT/]: [yalter.mousetweaks.Logger:Log:6]: [Mouse Tweaks] Disabled because not running on the client.
[15Sept2026 11:40:18.462] [modloading-worker-0/INFO] [com.simibubi.create.Create/]: Create 6.0.10 initializing! Commit hash: ac0c444d9828da3453ae8cc65338e8de063286fb
[15Sept2026 11:40:18.656] [modloading-worker-0/INFO] [Puzzles Lib/]: Constructing components for puzzleslib:common
[15Sept2026 11:40:18.667] [modloading-worker-0/INFO] [xaero.common.HudMod/]: Registering common data for channel xaerominimap:main!
[15Sept2026 11:40:18.681] [modloading-worker-0/INFO] [thedarkcolour.kotlinforforge.neoforge.test.KotlinForForge/]: Kotlin For Forge Enabled!
[15Sept2026 11:40:18.781] [modloading-worker-0/INFO] [xaero.common.HudMod/]: Loading primary common config for channel xaerominimap:main!
[15Sept2026 11:40:18.784] [modloading-worker-0/INFO] [xaero.common.HudMod/]: Loading server config profiles for channel xaerominimap:main!
[15Sept2026 11:40:18.786] [modloading-worker-0/INFO] [xaero.map.WorldMap/]: Registering common data for channel xaeroworldmap:main!
[15Sept2026 11:40:18.795] [modloading-worker-0/INFO] [xaero.map.WorldMap/]: Loading primary common config for channel xaeroworldmap:main!
[15Sept2026 11:40:18.796] [modloading-worker-0/INFO] [xaero.map.WorldMap/]: Loading server config profiles for channel xaeroworldmap:main!
[15Sept2026 11:40:18.801] [modloading-worker-0/WARN] [net.minecraft.server.packs.VanillaPackResourcesBuilder/]: Assets URL 'union:/opt/crafty/servers/0a2d7bc6-6741-4313-a3db-96a8ff596b9a/libraries/net/minecraft/server/1.21.1-20240808.144430/server-1.21.1-20240808.144430-srg.jar%23247!/assets/.mcassetsroot' uses unexpected schema
[15Sept2026 11:40:18.801] [modloading-worker-0/WARN] [net.minecraft.server.packs.VanillaPackResourcesBuilder/]: Assets URL 'union:/opt/crafty/servers/0a2d7bc6-6741-4313-a3db-96a8ff596b9a/libraries/net/minecraft/server/1.21.1-20240808.144430/server-1.21.1-20240808.144430-srg.jar%23247!/data/.mcassetsroot' uses unexpected schema
[15Sept2026 11:40:18.899] [modloading-worker-0/INFO] [de.keksuccino.konkrete.Konkrete/]: [KONKRETE] Loading v1.9.9 in server-side mode on NEOFORGE!
[15Sept2026 11:40:18.899] [modloading-worker-0/INFO] [de.keksuccino.konkrete.Konkrete/]: ---------------------------
[15Sept2026 11:40:18.899] [modloading-worker-0/INFO] [de.keksuccino.konkrete.Konkrete/]: KONKRETE SHIPS AND USES THE FOLLOWING LIBRARIES:
[15Sept2026 11:40:18.899] [modloading-worker-0/INFO] [de.keksuccino.konkrete.Konkrete/]:  
[15Sept2026 11:40:18.899] [modloading-worker-0/INFO] [de.keksuccino.konkrete.Konkrete/]: Open Imaging Copyright © 2014 Dhyan Blum.
[15Sept2026 11:40:18.899] [modloading-worker-0/INFO] [de.keksuccino.konkrete.Konkrete/]: Open Imaging is licensed under Apache-2.0.
[15Sept2026 11:40:18.899] [modloading-worker-0/INFO] [de.keksuccino.konkrete.Konkrete/]:  
[15Sept2026 11:40:18.899] [modloading-worker-0/INFO] [de.keksuccino.konkrete.Konkrete/]: JsonPath Copyright © 2017 Jayway.
[15Sept2026 11:40:18.899] [modloading-worker-0/INFO] [de.keksuccino.konkrete.Konkrete/]: JsonPath is licensed under Apache-2.0.
[15Sept2026 11:40:18.899] [modloading-worker-0/INFO] [de.keksuccino.konkrete.Konkrete/]:  
[15Sept2026 11:40:18.899] [modloading-worker-0/INFO] [de.keksuccino.konkrete.Konkrete/]: Json-smart Copyright © netplex.
[15Sept2026 11:40:18.899] [modloading-worker-0/INFO] [de.keksuccino.konkrete.Konkrete/]: Json-smart is licensed under Apache-2.0.
[15Sept2026 11:40:18.900] [modloading-worker-0/INFO] [de.keksuccino.konkrete.Konkrete/]:  
[15Sept2026 11:40:18.900] [modloading-worker-0/INFO] [de.keksuccino.konkrete.Konkrete/]: Exp4j Copyright © Frank Asseg.
[15Sept2026 11:40:18.900] [modloading-worker-0/INFO] [de.keksuccino.konkrete.Konkrete/]: Exp4j is licensed under Apache-2.0. https://github.com/fasseg/exp4j
[15Sept2026 11:40:18.900] [modloading-worker-0/INFO] [de.keksuccino.konkrete.Konkrete/]: ---------------------------
[15Sept2026 11:40:18.900] [modloading-worker-0/INFO] [de.keksuccino.konkrete.Konkrete/]: [KONKRETE] Server-side modules initialized and ready to use!
[15Sept2026 11:40:19.284] [modloading-worker-0/WARN] [mixin/]: Discarding @Unique public method useItemOn in copycats-common.mixins.json:copycat.step.CopycatStepBlockMixin from mod copycats because it already exists in com.simibubi.create.content.decoration.copycat.CopycatStepBlock
[15Sept2026 11:40:19.291] [modloading-worker-0/WARN] [mixin/]: Discarding @Unique public method onLoad in copycats-common.mixins.json:foundation.copycat.CopycatBlockEntityMixin from mod copycats because it already exists in com.simibubi.create.content.decoration.copycat.CopycatBlockEntity
[15Sept2026 11:40:19.298] [modloading-worker-0/WARN] [mixin/]: Discarding @Unique public method useItemOn in copycats-common.mixins.json:copycat.panel.CopycatPanelBlockMixin from mod copycats because it already exists in com.simibubi.create.content.decoration.copycat.CopycatPanelBlock
[15Sept2026 11:40:19.298] [modloading-worker-0/WARN] [mixin/]: Discarding @Unique public method mirror in copycats-common.mixins.json:copycat.panel.CopycatPanelBlockMixin from mod copycats because it already exists in com.simibubi.create.content.decoration.copycat.CopycatPanelBlock
[15Sept2026 11:40:19.298] [modloading-worker-0/WARN] [mixin/]: Discarding @Unique public method rotate in copycats-common.mixins.json:copycat.panel.CopycatPanelBlockMixin from mod copycats because it already exists in com.simibubi.create.content.decoration.copycat.CopycatPanelBlock
[15Sept2026 11:40:19.361] [modloading-worker-0/INFO] [JamLib/]: Initializing JamLib on NeoForge
[15Sept2026 11:40:19.387] [modloading-worker-0/WARN] [mixin/]: Discarding @Unique public method rotate in copycats-neoforge.mixins.json:foundation.copycat.CopycatBlockMixin from mod copycats because it already exists in com.copycatsplus.copycats.content.copycat.sliding_door.CopycatSlidingDoorBlock
[15Sept2026 11:40:19.387] [modloading-worker-0/WARN] [mixin/]: Discarding @Unique public method mirror in copycats-neoforge.mixins.json:foundation.copycat.CopycatBlockMixin from mod copycats because it already exists in com.copycatsplus.copycats.content.copycat.sliding_door.CopycatSlidingDoorBlock
[15Sept2026 11:40:19.387] [modloading-worker-0/WARN] [mixin/]: Discarding @Unique public method useItemOn in copycats-neoforge.mixins.json:foundation.copycat.CopycatBlockMixin from mod copycats because it already exists in com.copycatsplus.copycats.content.copycat.sliding_door.CopycatSlidingDoorBlock
[15Sept2026 11:40:19.387] [modloading-worker-0/WARN] [mixin/]: Discarding @Unique public method useWithoutItem in copycats-neoforge.mixins.json:foundation.copycat.CopycatBlockMixin from mod copycats because it already exists in com.copycatsplus.copycats.content.copycat.sliding_door.CopycatSlidingDoorBlock
[15Sept2026 11:40:19.391] [modloading-worker-0/INFO] [xaero.lib.XaeroLib/]: Registering common data for channel xaerolib:main!
[15Sept2026 11:40:19.392] [modloading-worker-0/INFO] [xaero.lib.XaeroLib/]: Loading primary common config for channel xaerolib:main!
[15Sept2026 11:40:19.393] [modloading-worker-0/INFO] [xaero.lib.XaeroLib/]: Loading server config profiles for channel xaerolib:main!
[15Sept2026 11:40:19.393] [modloading-worker-0/WARN] [mixin/]: Discarding @Unique public method rotate in copycats-neoforge.mixins.json:foundation.copycat.CopycatBlockMixin from mod copycats because it already exists in com.copycatsplus.copycats.content.copycat.door.CopycatDoorBlock
[15Sept2026 11:40:19.393] [modloading-worker-0/WARN] [mixin/]: Discarding @Unique public method mirror in copycats-neoforge.mixins.json:foundation.copycat.CopycatBlockMixin from mod copycats because it already exists in com.copycatsplus.copycats.content.copycat.door.CopycatDoorBlock
[15Sept2026 11:40:19.393] [modloading-worker-0/WARN] [mixin/]: Discarding @Unique public method useItemOn in copycats-neoforge.mixins.json:foundation.copycat.CopycatBlockMixin from mod copycats because it already exists in com.copycatsplus.copycats.content.copycat.door.CopycatDoorBlock
[15Sept2026 11:40:19.393] [modloading-worker-0/WARN] [mixin/]: Discarding @Unique public method useWithoutItem in copycats-neoforge.mixins.json:foundation.copycat.CopycatBlockMixin from mod copycats because it already exists in com.copycatsplus.copycats.content.copycat.door.CopycatDoorBlock
[15Sept2026 11:40:19.399] [modloading-worker-0/WARN] [mixin/]: Discarding @Unique public method rotate in copycats-neoforge.mixins.json:foundation.copycat.CopycatBlockMixin from mod copycats because it already exists in com.copycatsplus.copycats.content.copycat.fluid_pipe.CopycatGlassFluidPipeBlock
[15Sept2026 11:40:19.399] [modloading-worker-0/WARN] [mixin/]: Discarding @Unique public method mirror in copycats-neoforge.mixins.json:foundation.copycat.CopycatBlockMixin from mod copycats because it already exists in com.copycatsplus.copycats.content.copycat.fluid_pipe.CopycatGlassFluidPipeBlock
[15Sept2026 11:40:19.399] [modloading-worker-0/WARN] [mixin/]: Discarding @Unique public method useItemOn in copycats-neoforge.mixins.json:foundation.copycat.CopycatBlockMixin from mod copycats because it already exists in com.copycatsplus.copycats.content.copycat.fluid_pipe.CopycatGlassFluidPipeBlock
[15Sept2026 11:40:19.399] [modloading-worker-0/WARN] [mixin/]: Discarding @Unique public method useWithoutItem in copycats-neoforge.mixins.json:foundation.copycat.CopycatBlockMixin from mod copycats because it already exists in com.copycatsplus.copycats.content.copycat.fluid_pipe.CopycatGlassFluidPipeBlock
[15Sept2026 11:40:19.404] [modloading-worker-0/INFO] [JamLib/]: Updated config file at /opt/crafty/servers/0a2d7bc6-6741-4313-a3db-96a8ff596b9a/config/rightclickharvest.json5
[15Sept2026 11:40:19.404] [modloading-worker-0/INFO] [Right Click Harvest/]: Initializing Right Click Harvest on NEOFORGE
[15Sept2026 11:40:19.421] [modloading-worker-0/WARN] [mixin/]: Discarding @Unique public method rotate in copycats-neoforge.mixins.json:foundation.copycat.multistate.MultiStateCopycatBlockMixin from mod copycats because it already exists in com.copycatsplus.copycats.foundation.copycat.multistate.MultiStateCopycatBlock
[15Sept2026 11:40:19.421] [modloading-worker-0/WARN] [mixin/]: Discarding @Unique public method mirror in copycats-neoforge.mixins.json:foundation.copycat.multistate.MultiStateCopycatBlockMixin from mod copycats because it already exists in com.copycatsplus.copycats.foundation.copycat.multistate.MultiStateCopycatBlock
[15Sept2026 11:40:19.421] [modloading-worker-0/WARN] [mixin/]: Discarding @Unique public method useItemOn in copycats-neoforge.mixins.json:foundation.copycat.multistate.MultiStateCopycatBlockMixin from mod copycats because it already exists in com.copycatsplus.copycats.foundation.copycat.multistate.MultiStateCopycatBlock
[15Sept2026 11:40:19.421] [modloading-worker-0/WARN] [mixin/]: Discarding @Unique public method useWithoutItem in copycats-neoforge.mixins.json:foundation.copycat.multistate.MultiStateCopycatBlockMixin from mod copycats because it already exists in com.copycatsplus.copycats.foundation.copycat.multistate.MultiStateCopycatBlock
[15Sept2026 11:40:19.442] [modloading-worker-0/WARN] [mixin/]: Discarding @Unique public method rotate in copycats-neoforge.mixins.json:foundation.copycat.CopycatBlockMixin from mod copycats because it already exists in com.copycatsplus.copycats.foundation.copycat.CCCopycatBlock
[15Sept2026 11:40:19.442] [modloading-worker-0/WARN] [mixin/]: Discarding @Unique public method mirror in copycats-neoforge.mixins.json:foundation.copycat.CopycatBlockMixin from mod copycats because it already exists in com.copycatsplus.copycats.foundation.copycat.CCCopycatBlock
[15Sept2026 11:40:19.442] [modloading-worker-0/WARN] [mixin/]: Discarding @Unique public method useItemOn in copycats-neoforge.mixins.json:foundation.copycat.CopycatBlockMixin from mod copycats because it already exists in com.copycatsplus.copycats.foundation.copycat.CCCopycatBlock
[15Sept2026 11:40:19.442] [modloading-worker-0/WARN] [mixin/]: Discarding @Unique public method useWithoutItem in copycats-neoforge.mixins.json:foundation.copycat.CopycatBlockMixin from mod copycats because it already exists in com.copycatsplus.copycats.foundation.copycat.CCCopycatBlock
[15Sept2026 11:40:19.503] [modloading-worker-0/WARN] [mixin/]: Discarding @Unique public method rotate in copycats-neoforge.mixins.json:foundation.copycat.CopycatBlockMixin from mod copycats because it already exists in com.copycatsplus.copycats.content.copycat.button.CopycatButtonBlock
[15Sept2026 11:40:19.503] [modloading-worker-0/WARN] [mixin/]: Discarding @Unique public method mirror in copycats-neoforge.mixins.json:foundation.copycat.CopycatBlockMixin from mod copycats because it already exists in com.copycatsplus.copycats.content.copycat.button.CopycatButtonBlock
[15Sept2026 11:40:19.503] [modloading-worker-0/WARN] [mixin/]: Discarding @Unique public method useItemOn in copycats-neoforge.mixins.json:foundation.copycat.CopycatBlockMixin from mod copycats because it already exists in com.copycatsplus.copycats.content.copycat.button.CopycatButtonBlock
[15Sept2026 11:40:19.503] [modloading-worker-0/WARN] [mixin/]: Discarding @Unique public method useWithoutItem in copycats-neoforge.mixins.json:foundation.copycat.CopycatBlockMixin from mod copycats because it already exists in com.copycatsplus.copycats.content.copycat.button.CopycatButtonBlock
[15Sept2026 11:40:19.521] [modloading-worker-0/WARN] [mixin/]: Discarding @Unique public method rotate in copycats-neoforge.mixins.json:foundation.copycat.CopycatBlockMixin from mod copycats because it already exists in com.copycatsplus.copycats.content.copycat.fence.CopycatFenceBlock
[15Sept2026 11:40:19.521] [modloading-worker-0/WARN] [mixin/]: Discarding @Unique public method mirror in copycats-neoforge.mixins.json:foundation.copycat.CopycatBlockMixin from mod copycats because it already exists in com.copycatsplus.copycats.content.copycat.fence.CopycatFenceBlock
[15Sept2026 11:40:19.521] [modloading-worker-0/WARN] [mixin/]: Discarding @Unique public method useItemOn in copycats-neoforge.mixins.json:foundation.copycat.CopycatBlockMixin from mod copycats because it already exists in com.copycatsplus.copycats.content.copycat.fence.CopycatFenceBlock
[15Sept2026 11:40:19.521] [modloading-worker-0/WARN] [mixin/]: Discarding @Unique public method useWithoutItem in copycats-neoforge.mixins.json:foundation.copycat.CopycatBlockMixin from mod copycats because it already exists in com.copycatsplus.copycats.content.copycat.fence.CopycatFenceBlock
[15Sept2026 11:40:19.529] [modloading-worker-0/WARN] [mixin/]: Discarding @Unique public method rotate in copycats-neoforge.mixins.json:foundation.copycat.CopycatBlockMixin from mod copycats because it already exists in com.copycatsplus.copycats.content.copycat.fence_gate.CopycatFenceGateBlock
[15Sept2026 11:40:19.530] [modloading-worker-0/WARN] [mixin/]: Discarding @Unique public method mirror in copycats-neoforge.mixins.json:foundation.copycat.CopycatBlockMixin from mod copycats because it already exists in com.copycatsplus.copycats.content.copycat.fence_gate.CopycatFenceGateBlock
[15Sept2026 11:40:19.530] [modloading-worker-0/WARN] [mixin/]: Discarding @Unique public method useItemOn in copycats-neoforge.mixins.json:foundation.copycat.CopycatBlockMixin from mod copycats because it already exists in com.copycatsplus.copycats.content.copycat.fence_gate.CopycatFenceGateBlock
[15Sept2026 11:40:19.530] [modloading-worker-0/WARN] [mixin/]: Discarding @Unique public method useWithoutItem in copycats-neoforge.mixins.json:foundation.copycat.CopycatBlockMixin from mod copycats because it already exists in com.copycatsplus.copycats.content.copycat.fence_gate.CopycatFenceGateBlock
[15Sept2026 11:40:19.549] [modloading-worker-0/INFO] [Puzzles Lib/]: Constructing components for magnumtorch:common
[15Sept2026 11:40:19.560] [modloading-worker-0/WARN] [mixin/]: Discarding @Unique public method rotate in copycats-neoforge.mixins.json:foundation.copycat.CopycatBlockMixin from mod copycats because it already exists in com.copycatsplus.copycats.content.copycat.ladder.CopycatLadderBlock
[15Sept2026 11:40:19.560] [modloading-worker-0/WARN] [mixin/]: Discarding @Unique public method mirror in copycats-neoforge.mixins.json:foundation.copycat.CopycatBlockMixin from mod copycats because it already exists in com.copycatsplus.copycats.content.copycat.ladder.CopycatLadderBlock
[15Sept2026 11:40:19.561] [modloading-worker-0/WARN] [mixin/]: Discarding @Unique public method useItemOn in copycats-neoforge.mixins.json:foundation.copycat.CopycatBlockMixin from mod copycats because it already exists in com.copycatsplus.copycats.content.copycat.ladder.CopycatLadderBlock
[15Sept2026 11:40:19.561] [modloading-worker-0/WARN] [mixin/]: Discarding @Unique public method useWithoutItem in copycats-neoforge.mixins.json:foundation.copycat.CopycatBlockMixin from mod copycats because it already exists in com.copycatsplus.copycats.content.copycat.ladder.CopycatLadderBlock
[15Sept2026 11:40:19.569] [modloading-worker-0/WARN] [mixin/]: Discarding @Unique public method rotate in copycats-neoforge.mixins.json:foundation.copycat.CopycatBlockMixin from mod copycats because it already exists in com.copycatsplus.copycats.content.copycat.pressure_plate.CopycatPressurePlateBlock
[15Sept2026 11:40:19.569] [modloading-worker-0/WARN] [mixin/]: Discarding @Unique public method mirror in copycats-neoforge.mixins.json:foundation.copycat.CopycatBlockMixin from mod copycats because it already exists in com.copycatsplus.copycats.content.copycat.pressure_plate.CopycatPressurePlateBlock
[15Sept2026 11:40:19.569] [modloading-worker-0/WARN] [mixin/]: Discarding @Unique public method useItemOn in copycats-neoforge.mixins.json:foundation.copycat.CopycatBlockMixin from mod copycats because it already exists in com.copycatsplus.copycats.content.copycat.pressure_plate.CopycatPressurePlateBlock
[15Sept2026 11:40:19.569] [modloading-worker-0/WARN] [mixin/]: Discarding @Unique public method useWithoutItem in copycats-neoforge.mixins.json:foundation.copycat.CopycatBlockMixin from mod copycats because it already exists in com.copycatsplus.copycats.content.copycat.pressure_plate.CopycatPressurePlateBlock
[15Sept2026 11:40:19.576] [modloading-worker-0/WARN] [mixin/]: Discarding @Unique public method rotate in copycats-neoforge.mixins.json:foundation.copycat.CopycatBlockMixin from mod copycats because it already exists in com.copycatsplus.copycats.content.copycat.pressure_plate.CopycatWeightedPressurePlate
[15Sept2026 11:40:19.576] [modloading-worker-0/WARN] [mixin/]: Discarding @Unique public method mirror in copycats-neoforge.mixins.json:foundation.copycat.CopycatBlockMixin from mod copycats because it already exists in com.copycatsplus.copycats.content.copycat.pressure_plate.CopycatWeightedPressurePlate
[15Sept2026 11:40:19.576] [modloading-worker-0/WARN] [mixin/]: Discarding @Unique public method useItemOn in copycats-neoforge.mixins.json:foundation.copycat.CopycatBlockMixin from mod copycats because it already exists in com.copycatsplus.copycats.content.copycat.pressure_plate.CopycatWeightedPressurePlate
[15Sept2026 11:40:19.576] [modloading-worker-0/WARN] [mixin/]: Discarding @Unique public method useWithoutItem in copycats-neoforge.mixins.json:foundation.copycat.CopycatBlockMixin from mod copycats because it already exists in com.copycatsplus.copycats.content.copycat.pressure_plate.CopycatWeightedPressurePlate
[15Sept2026 11:40:19.598] [modloading-worker-0/WARN] [mixin/]: Discarding @Unique public method rotate in copycats-neoforge.mixins.json:foundation.copycat.CopycatBlockMixin from mod copycats because it already exists in com.copycatsplus.copycats.content.copycat.stairs.CopycatStairsBlock
[15Sept2026 11:40:19.598] [modloading-worker-0/WARN] [mixin/]: Discarding @Unique public method mirror in copycats-neoforge.mixins.json:foundation.copycat.CopycatBlockMixin from mod copycats because it already exists in com.copycatsplus.copycats.content.copycat.stairs.CopycatStairsBlock
[15Sept2026 11:40:19.598] [modloading-worker-0/WARN] [mixin/]: Discarding @Unique public method useItemOn in copycats-neoforge.mixins.json:foundation.copycat.CopycatBlockMixin from mod copycats because it already exists in com.copycatsplus.copycats.content.copycat.stairs.CopycatStairsBlock
[15Sept2026 11:40:19.598] [modloading-worker-0/WARN] [mixin/]: Discarding @Unique public method useWithoutItem in copycats-neoforge.mixins.json:foundation.copycat.CopycatBlockMixin from mod copycats because it already exists in com.copycatsplus.copycats.content.copycat.stairs.CopycatStairsBlock
[15Sept2026 11:40:19.611] [modloading-worker-0/WARN] [mixin/]: Discarding @Unique public method rotate in copycats-neoforge.mixins.json:foundation.copycat.CopycatBlockMixin from mod copycats because it already exists in com.copycatsplus.copycats.content.copycat.trapdoor.CopycatTrapdoorBlock
[15Sept2026 11:40:19.611] [modloading-worker-0/WARN] [mixin/]: Discarding @Unique public method mirror in copycats-neoforge.mixins.json:foundation.copycat.CopycatBlockMixin from mod copycats because it already exists in com.copycatsplus.copycats.content.copycat.trapdoor.CopycatTrapdoorBlock
[15Sept2026 11:40:19.611] [modloading-worker-0/WARN] [mixin/]: Discarding @Unique public method useItemOn in copycats-neoforge.mixins.json:foundation.copycat.CopycatBlockMixin from mod copycats because it already exists in com.copycatsplus.copycats.content.copycat.trapdoor.CopycatTrapdoorBlock
[15Sept2026 11:40:19.611] [modloading-worker-0/WARN] [mixin/]: Discarding @Unique public method useWithoutItem in copycats-neoforge.mixins.json:foundation.copycat.CopycatBlockMixin from mod copycats because it already exists in com.copycatsplus.copycats.content.copycat.trapdoor.CopycatTrapdoorBlock
[15Sept2026 11:40:19.629] [modloading-worker-0/WARN] [mixin/]: Discarding @Unique public method rotate in copycats-neoforge.mixins.json:foundation.copycat.CopycatBlockMixin from mod copycats because it already exists in com.copycatsplus.copycats.content.copycat.wall.CopycatWallBlock
[15Sept2026 11:40:19.629] [modloading-worker-0/WARN] [mixin/]: Discarding @Unique public method mirror in copycats-neoforge.mixins.json:foundation.copycat.CopycatBlockMixin from mod copycats because it already exists in com.copycatsplus.copycats.content.copycat.wall.CopycatWallBlock
[15Sept2026 11:40:19.629] [modloading-worker-0/WARN] [mixin/]: Discarding @Unique public method useItemOn in copycats-neoforge.mixins.json:foundation.copycat.CopycatBlockMixin from mod copycats because it already exists in com.copycatsplus.copycats.content.copycat.wall.CopycatWallBlock
[15Sept2026 11:40:19.629] [modloading-worker-0/WARN] [mixin/]: Discarding @Unique public method useWithoutItem in copycats-neoforge.mixins.json:foundation.copycat.CopycatBlockMixin from mod copycats because it already exists in com.copycatsplus.copycats.content.copycat.wall.CopycatWallBlock
[15Sept2026 11:40:19.659] [modloading-worker-0/WARN] [mixin/]: Discarding @Unique public method rotate in copycats-neoforge.mixins.json:foundation.copycat.CopycatBlockMixin from mod copycats because it already exists in com.copycatsplus.copycats.content.copycat.shaft.CopycatShaftBlock
[15Sept2026 11:40:19.659] [modloading-worker-0/WARN] [mixin/]: Discarding @Unique public method mirror in copycats-neoforge.mixins.json:foundation.copycat.CopycatBlockMixin from mod copycats because it already exists in com.copycatsplus.copycats.content.copycat.shaft.CopycatShaftBlock
[15Sept2026 11:40:19.659] [modloading-worker-0/WARN] [mixin/]: Discarding @Unique public method useItemOn in copycats-neoforge.mixins.json:foundation.copycat.CopycatBlockMixin from mod copycats because it already exists in com.copycatsplus.copycats.content.copycat.shaft.CopycatShaftBlock
[15Sept2026 11:40:19.659] [modloading-worker-0/WARN] [mixin/]: Discarding @Unique public method useWithoutItem in copycats-neoforge.mixins.json:foundation.copycat.CopycatBlockMixin from mod copycats because it already exists in com.copycatsplus.copycats.content.copycat.shaft.CopycatShaftBlock
[15Sept2026 11:40:19.671] [modloading-worker-0/WARN] [mixin/]: Discarding @Unique public method rotate in copycats-neoforge.mixins.json:foundation.copycat.multistate.MultiStateCopycatBlockMixin from mod copycats because it already exists in com.copycatsplus.copycats.content.copycat.cogwheel.CopycatCogWheelBlock
[15Sept2026 11:40:19.671] [modloading-worker-0/WARN] [mixin/]: Discarding @Unique public method mirror in copycats-neoforge.mixins.json:foundation.copycat.multistate.MultiStateCopycatBlockMixin from mod copycats because it already exists in com.copycatsplus.copycats.content.copycat.cogwheel.CopycatCogWheelBlock
[15Sept2026 11:40:19.671] [modloading-worker-0/WARN] [mixin/]: Discarding @Unique public method useItemOn in copycats-neoforge.mixins.json:foundation.copycat.multistate.MultiStateCopycatBlockMixin from mod copycats because it already exists in com.copycatsplus.copycats.content.copycat.cogwheel.CopycatCogWheelBlock
[15Sept2026 11:40:19.671] [modloading-worker-0/WARN] [mixin/]: Discarding @Unique public method useWithoutItem in copycats-neoforge.mixins.json:foundation.copycat.multistate.MultiStateCopycatBlockMixin from mod copycats because it already exists in com.copycatsplus.copycats.content.copycat.cogwheel.CopycatCogWheelBlock
[15Sept2026 11:40:19.673] [modloading-worker-0/INFO] [net.blay09.mods.balm.neoforge.config.NeoForgeBalmConfig/]: Registering config for waystones:common (COMMON) with 34 properties.
[15Sept2026 11:40:19.688] [modloading-worker-0/WARN] [mixin/]: Discarding @Unique public method rotate in copycats-neoforge.mixins.json:foundation.copycat.CopycatBlockMixin from mod copycats because it already exists in com.copycatsplus.copycats.content.copycat.fluid_pipe.CopycatFluidPipeBlock
[15Sept2026 11:40:19.688] [modloading-worker-0/WARN] [mixin/]: Discarding @Unique public method mirror in copycats-neoforge.mixins.json:foundation.copycat.CopycatBlockMixin from mod copycats because it already exists in com.copycatsplus.copycats.content.copycat.fluid_pipe.CopycatFluidPipeBlock
[15Sept2026 11:40:19.688] [modloading-worker-0/WARN] [mixin/]: Discarding @Unique public method useItemOn in copycats-neoforge.mixins.json:foundation.copycat.CopycatBlockMixin from mod copycats because it already exists in com.copycatsplus.copycats.content.copycat.fluid_pipe.CopycatFluidPipeBlock
[15Sept2026 11:40:19.688] [modloading-worker-0/WARN] [mixin/]: Discarding @Unique public method useWithoutItem in copycats-neoforge.mixins.json:foundation.copycat.CopycatBlockMixin from mod copycats because it already exists in com.copycatsplus.copycats.content.copycat.fluid_pipe.CopycatFluidPipeBlock
[15Sept2026 11:40:19.698] [modloading-worker-0/WARN] [mixin/]: Discarding @Unique public method rotate in copycats-neoforge.mixins.json:foundation.copycat.CopycatBlockMixin from mod copycats because it already exists in com.copycatsplus.copycats.content.copycat.pane.CopycatPaneBlock
[15Sept2026 11:40:19.698] [modloading-worker-0/WARN] [mixin/]: Discarding @Unique public method mirror in copycats-neoforge.mixins.json:foundation.copycat.CopycatBlockMixin from mod copycats because it already exists in com.copycatsplus.copycats.content.copycat.pane.CopycatPaneBlock
[15Sept2026 11:40:19.698] [modloading-worker-0/WARN] [mixin/]: Discarding @Unique public method useItemOn in copycats-neoforge.mixins.json:foundation.copycat.CopycatBlockMixin from mod copycats because it already exists in com.copycatsplus.copycats.content.copycat.pane.CopycatPaneBlock
[15Sept2026 11:40:19.698] [modloading-worker-0/WARN] [mixin/]: Discarding @Unique public method useWithoutItem in copycats-neoforge.mixins.json:foundation.copycat.CopycatBlockMixin from mod copycats because it already exists in com.copycatsplus.copycats.content.copycat.pane.CopycatPaneBlock
[15Sept2026 11:40:19.715] [modloading-worker-0/WARN] [mixin/]: Discarding @Unique public method onLoad in copycats-neoforge.mixins.json:foundation.copycat.CopycatBlockEntityMixin from mod copycats because it already exists in com.copycatsplus.copycats.foundation.copycat.CCCopycatBlockEntity
[15Sept2026 11:40:19.718] [modloading-worker-0/WARN] [mixin/]: Discarding @Unique public method onLoad in copycats-neoforge.mixins.json:foundation.copycat.multistate.MultiStateCopycatBlockEntityMixin from mod copycats because it already exists in com.copycatsplus.copycats.foundation.copycat.multistate.MultiStateCopycatBlockEntity
[15Sept2026 11:40:19.719] [modloading-worker-0/INFO] [com.happysg.radar.CreateRadar/]: Initializing Create Radar!
[15Sept2026 11:40:19.731] [modloading-worker-0/WARN] [mixin/]: Discarding @Unique public method onLoad in copycats-neoforge.mixins.json:foundation.copycat.CopycatBlockEntityMixin from mod copycats because it already exists in com.copycatsplus.copycats.content.copycat.shaft.CopycatShaftBlockEntity
[15Sept2026 11:40:19.735] [modloading-worker-0/WARN] [mixin/]: Discarding @Unique public method onLoad in copycats-neoforge.mixins.json:foundation.copycat.multistate.MultiStateCopycatBlockEntityMixin from mod copycats because it already exists in com.copycatsplus.copycats.content.copycat.cogwheel.CopycatCogWheelBlockEntity
[15Sept2026 11:40:19.735] [modloading-worker-0/INFO] [com.happysg.radar.CreateRadar/]: Registering Items!
[15Sept2026 11:40:19.745] [modloading-worker-0/WARN] [mixin/]: Discarding @Unique public method onLoad in copycats-neoforge.mixins.json:foundation.copycat.CopycatBlockEntityMixin from mod copycats because it already exists in com.copycatsplus.copycats.content.copycat.fluid_pipe.CopycatFluidPipeBlockEntity
[15Sept2026 11:40:19.747] [modloading-worker-0/WARN] [mixin/]: Discarding @Unique public method onLoad in copycats-neoforge.mixins.json:foundation.copycat.CopycatBlockEntityMixin from mod copycats because it already exists in com.copycatsplus.copycats.content.copycat.fluid_pipe.CopycatStraightPipeBlockEntity
[15Sept2026 11:40:19.753] [modloading-worker-0/WARN] [mixin/]: Discarding @Unique public method onLoad in copycats-neoforge.mixins.json:foundation.copycat.CopycatBlockEntityMixin from mod copycats because it already exists in com.copycatsplus.copycats.content.copycat.sliding_door.CopycatSlidingDoorBlockEntity
[15Sept2026 11:40:19.823] [modloading-worker-0/INFO] [com.happysg.radar.CreateRadar/]: Registering blocks!
[15Sept2026 11:40:19.838] [modloading-worker-0/INFO] [YetAnotherConfigLib/]: Deserializing YACLConfig from '/opt/crafty/servers/0a2d7bc6-6741-4313-a3db-96a8ff596b9a/config/yacl.json5'
[15Sept2026 11:40:19.847] [modloading-worker-0/WARN] [de.keksuccino.justzoom.JustZoom/]: [JUST ZOOM] Disabling 'Just Zoom' since it's a client-side mod and current environment is server!
[15Sept2026 11:40:19.850] [modloading-worker-0/INFO] [com.happysg.radar.CreateRadar/]: Registering block entity types!
[15Sept2026 11:40:19.852] [modloading-worker-0/INFO] [com.happysg.radar.CreateRadar/]: Registering CreativeTabs!
[15Sept2026 11:40:19.853] [modloading-worker-0/INFO] [com.happysg.radar.CreateRadar/]: Registering Lang!
[15Sept2026 11:40:19.888] [modloading-worker-0/INFO] [Railways/]: Registered bogey styles from railways
[15Sept2026 11:40:20.102] [modloading-worker-0/WARN] [minecolonies/]: |======================================================================================================================================|
[15Sept2026 11:40:20.102] [modloading-worker-0/WARN] [minecolonies/]: |                                                                                                                                      |
[15Sept2026 11:40:20.102] [modloading-worker-0/WARN] [minecolonies/]: | Minecolonies has detected an addon mod that alters Minecolonies core code recklessly: 'Tweaks/Compatibility addon for Minecolonies'. |
[15Sept2026 11:40:20.102] [modloading-worker-0/WARN] [minecolonies/]: |          Please report any bugs or issues you find directly to the authors of this addon, as the Official Minecolonies Team          |
[15Sept2026 11:40:20.102] [modloading-worker-0/WARN] [minecolonies/]: |               will not be able to provide you any support with potential issues that will arise when using this addon.               |
[15Sept2026 11:40:20.102] [modloading-worker-0/WARN] [minecolonies/]: |                                                                                                                                      |
[15Sept2026 11:40:20.102] [modloading-worker-0/WARN] [minecolonies/]: |======================================================================================================================================|
[15Sept2026 11:40:20.169] [modloading-worker-0/INFO] [Railways/]: Registering data fixers
[15Sept2026 11:40:20.470] [modloading-worker-0/INFO] [Create cobblestone NeoForge/]: Create cobblestone NeoForge initializing on platform: NeoForge
[15Sept2026 11:40:20.473] [modloading-worker-0/INFO] [Create cobblestone NeoForge/]: Registering blocks for Create cobblestone NeoForge
[15Sept2026 11:40:20.473] [modloading-worker-0/WARN] [Create cobblestone NeoForge/]: Set generator stress tooltip stress to 8. (config not initialized, this is a common forge problem)
[15Sept2026 11:40:20.476] [modloading-worker-0/INFO] [Create cobblestone NeoForge/]: Registering blockEntities for Create cobblestone NeoForge
[15Sept2026 11:40:20.496] [modloading-worker-0/INFO] [dev.ryanhcode.sable.Sable/]: Sable loaded!
[15Sept2026 11:40:20.517] [modloading-worker-0/INFO] [dev.playcdu.shtreimel.Shtreimel/]: Shtreimel 0.5.0 initialized on NeoForge with Sable 1.2.2
[15Sept2026 11:40:20.517] [modloading-worker-0/INFO] [org.anonymous.sable_tournament.SableTournament/]: Sable Tournament initialized!
[15Sept2026 11:40:20.518] [modloading-worker-0/INFO] [create_bb/]: Registered styles/menu selections for Create: Blocks & Bogies
[15Sept2026 11:40:20.521] [modloading-worker-0/INFO] [create_bb/]: Registered bogie blocks for Create: Blocks & Bogies
[15Sept2026 11:40:20.524] [modloading-worker-0/INFO] [create_bb/]: Registered block entities for Create: Blocks & Bogies
[15Sept2026 11:40:20.529] [modloading-worker-0/INFO] [create_bb/]: Registered partial models for Create: Blocks & Bogies
[15Sept2026 11:40:21.114] [modloading-sync-worker/INFO] [com.drmangotea.tfmg.TFMG/]: [TFMG Remapper] Remapped 0 fluids
[15Sept2026 11:40:22.392] [modloading-sync-worker/INFO] [com.drmangotea.tfmg.TFMG/]: [TFMG Remapper] Remapped 5 blocks
[15Sept2026 11:40:22.747] [modloading-sync-worker/INFO] [com.drmangotea.tfmg.TFMG/]: [TFMG Remapper] Remapped 5 items
[15Sept2026 11:40:23.197] [modloading-sync-worker/INFO] [steve_gall.minecolonies_tweaks.core.common.MineColoniesTweaks/]: CustomToolTypeData Added: minecolonies_tweaks:crossbow
[15Sept2026 11:40:23.197] [modloading-sync-worker/INFO] [steve_gall.minecolonies_tweaks.core.common.MineColoniesTweaks/]: CustomToolTypeData Added: minecolonies_tweaks:gun
[15Sept2026 11:40:23.197] [modloading-sync-worker/INFO] [steve_gall.minecolonies_tweaks.core.common.MineColoniesTweaks/]: CustomToolTypeData Added: minecolonies_tweaks:knife
[15Sept2026 11:40:23.197] [modloading-sync-worker/INFO] [steve_gall.minecolonies_tweaks.core.common.MineColoniesTweaks/]: CustomToolTypeData Added: minecolonies_tweaks:ranger_weapon
[15Sept2026 11:40:23.197] [modloading-sync-worker/INFO] [steve_gall.minecolonies_tweaks.core.common.MineColoniesTweaks/]: CustomToolTypeData Added: minecolonies_tweaks:knight_weapon
[15Sept2026 11:40:23.197] [modloading-sync-worker/INFO] [steve_gall.minecolonies_tweaks.core.common.MineColoniesTweaks/]: CustomToolTypeData Added: minecolonies_tweaks:butcher_tool
[15Sept2026 11:40:23.616] [modloading-worker-0/INFO] [net.petemc.undeadnights.UndeadNights/]: Initializing the UndeadNights Mod (common setup)
[15Sept2026 11:40:23.616] [modloading-worker-0/INFO] [net.mc_orion.copycat_aero.aerocopycats/]: HELLO FROM COMMON SETUP
[15Sept2026 11:40:23.617] [modloading-worker-0/INFO] [voicechat/]: [voicechat] Compatibility version 20
[15Sept2026 11:40:23.619] [modloading-worker-0/INFO] [nadiendev.constructionwand.ConstructionWand/]: ConstructionWand says hello - may the odds be ever in your favor.
[15Sept2026 11:40:23.629] [modloading-worker-0/INFO] [nadiendev.constructionwand.ConstructionWand/]: Sophisticated BackPack integration added
[15Sept2026 11:40:23.629] [modloading-worker-0/INFO] [xaero.lib.XaeroLib/]: Loading XaeroLib common 1/2!
[15Sept2026 11:40:23.637] [modloading-worker-0/INFO] [com.example.stagebox.StageBox/]: StageBox Mod da khoi dong!
[15Sept2026 11:40:23.637] [modloading-worker-0/INFO] [net.levelsfr.createadvancedoptimization.CreateAdvancedOptimization/]: Create: Advanced Optimization v1.3 initialized for Create 6.0.10
[15Sept2026 11:40:23.638] [NeoForge Version Check/INFO] [net.neoforged.fml.VersionChecker/]: [searchables] Starting version check at https://updates.blamejared.com/get?n=searchables&gv=1.21.1&ml=neoforge
[15Sept2026 11:40:23.638] [modloading-worker-0/INFO] [org.anonymous.sable_tournament.SableTournament/]: Common setup complete
[15Sept2026 11:40:23.641] [modloading-worker-0/INFO] [com.jaquadro.minecraft.storagedrawers.ModServices/]: New compacting rule 4 minecraft:clay_ball = 1 minecraft:clay
[15Sept2026 11:40:23.641] [modloading-worker-0/INFO] [com.jaquadro.minecraft.storagedrawers.ModServices/]: New compacting rule 4 minecraft:snowball = 1 minecraft:snow_block
[15Sept2026 11:40:23.642] [modloading-worker-0/INFO] [com.jaquadro.minecraft.storagedrawers.ModServices/]: New compacting rule 4 minecraft:glowstone_dust = 1 minecraft:glowstone
[15Sept2026 11:40:23.642] [modloading-worker-0/INFO] [com.jaquadro.minecraft.storagedrawers.ModServices/]: New compacting rule 4 minecraft:brick = 1 minecraft:bricks
[15Sept2026 11:40:23.642] [modloading-worker-0/INFO] [com.jaquadro.minecraft.storagedrawers.ModServices/]: New compacting rule 4 minecraft:nether_brick = 1 minecraft:nether_bricks
[15Sept2026 11:40:23.642] [modloading-worker-0/INFO] [com.jaquadro.minecraft.storagedrawers.ModServices/]: New compacting rule 9 minecraft:nether_wart = 1 minecraft:nether_wart_block
[15Sept2026 11:40:23.642] [modloading-worker-0/INFO] [com.jaquadro.minecraft.storagedrawers.ModServices/]: New compacting rule 4 minecraft:quartz = 1 minecraft:quartz_block
[15Sept2026 11:40:23.642] [modloading-worker-0/INFO] [com.jaquadro.minecraft.storagedrawers.ModServices/]: New compacting rule 9 minecraft:melon_slice = 1 minecraft:melon
[15Sept2026 11:40:23.642] [modloading-worker-0/INFO] [com.jaquadro.minecraft.storagedrawers.ModServices/]: New compacting rule 9 minecraft:bamboo = 1 minecraft:bamboo_block
[15Sept2026 11:40:23.642] [modloading-worker-0/INFO] [com.jaquadro.minecraft.storagedrawers.ModServices/]: New compacting rule 4 minecraft:clay_ball = 1 minecraft:clay
[15Sept2026 11:40:23.644] [modloading-worker-0/INFO] [com.jaquadro.minecraft.storagedrawers.ModServices/]: New denied storage item storagedrawers:creative_vending_upgrade
[15Sept2026 11:40:23.649] [modloading-worker-0/INFO] [com.jaquadro.minecraft.storagedrawers.ModServices/]: Adding ore conversions for types: c:storage_blocks, c:ingots, c:nuggets
[15Sept2026 11:40:23.649] [modloading-worker-0/INFO] [com.jaquadro.minecraft.storagedrawers.ModServices/]: Adding ore conversions for materials: aluminum, constantan, steel, uranium, invar, tin, lead, silver, platinum, nickel, osmium, bronze, electrum
[15Sept2026 11:40:23.661] [modloading-worker-0/INFO] [voicechat/]: [voicechat] Loading plugins
[15Sept2026 11:40:23.679] [modloading-worker-0/INFO] [voicechat/]: [voicechat] Loaded 1 plugin(s)
[15Sept2026 11:40:23.679] [modloading-worker-0/INFO] [voicechat/]: [voicechat] Initializing plugins
[15Sept2026 11:40:23.683] [modloading-worker-0/INFO] [Sound Physics - General/]: Initializing Simple Voice Chat integration
[15Sept2026 11:40:23.683] [modloading-worker-0/INFO] [voicechat/]: [voicechat] Initialized 1 plugin(s)
[15Sept2026 11:40:23.684] [modloading-worker-0/INFO] [voicechat/]: [voicechat] Registering events for 'sound_physics_remastered'
[15Sept2026 11:40:23.691] [modloading-worker-0/INFO] [create_bb/]: Create: Blocks & Bogies initializing...
[15Sept2026 11:40:23.811] [NeoForge Version Check/INFO] [net.neoforged.fml.VersionChecker/]: [searchables] Found status: BETA Current: 1.0.2 Target: 1.0.2
[15Sept2026 11:40:23.811] [NeoForge Version Check/INFO] [net.neoforged.fml.VersionChecker/]: [crafttweaker] Starting version check at https://updates.blamejared.com/get?n=crafttweaker&gv=1.21.1&ml=neoforge
[15Sept2026 11:40:23.848] [NeoForge Version Check/INFO] [net.neoforged.fml.VersionChecker/]: [crafttweaker] Found status: BETA_OUTDATED Current: 21.0.38 Target: 21.0.39
[15Sept2026 11:40:23.848] [NeoForge Version Check/INFO] [net.neoforged.fml.VersionChecker/]: [voicechat] Starting version check at https://update.maxhenkel.de/neoforge/voicechat
[15Sept2026 11:40:23.886] [modloading-worker-0/INFO] [com.sk89q.worldedit.extension.platform.PlatformManager/]: Got request to register class com.sk89q.worldedit.neoforge.NeoForgePlatform with WorldEdit [com.sk89q.worldedit.extension.platform.PlatformManager@34c031a]
[15Sept2026 11:40:23.887] [modloading-worker-0/INFO] [com.sk89q.worldedit.neoforge.NeoForgeWorldEdit/]: WorldEdit for NeoForge (version 7.3.8+6939-7d32b45) is loaded
[15Sept2026 11:40:24.019] [NeoForge Version Check/INFO] [net.neoforged.fml.VersionChecker/]: [voicechat] Found status: OUTDATED Current: 1.21.1-2.6.22 Target: 1.21.1-2.6.23
[15Sept2026 11:40:24.021] [NeoForge Version Check/INFO] [net.neoforged.fml.VersionChecker/]: [sound_physics_remastered] Starting version check at https://update.maxhenkel.de/neoforge/sound_physics_remastered
[15Sept2026 11:40:24.060] [NeoForge Version Check/INFO] [net.neoforged.fml.VersionChecker/]: [sound_physics_remastered] Found status: BETA Current: 1.21.1-1.5.1 Target: 1.21.1-1.5.1
[15Sept2026 11:40:24.061] [NeoForge Version Check/INFO] [net.neoforged.fml.VersionChecker/]: [puzzleslib] Starting version check at https://raw.githubusercontent.com/Fuzss/modresources/main/update/puzzleslib.json
[15Sept2026 11:40:24.089] [NeoForge Version Check/INFO] [net.neoforged.fml.VersionChecker/]: [puzzleslib] Found status: OUTDATED Current: 21.1.51 Target: 21.1.52
[15Sept2026 11:40:24.089] [NeoForge Version Check/INFO] [net.neoforged.fml.VersionChecker/]: [controlling] Starting version check at https://updates.blamejared.com/get?n=controlling&gv=1.21.1&ml=neoforge
[15Sept2026 11:40:24.121] [modloading-sync-worker/INFO] [com.raiiiden.warborn.common.compat.lso.LSOCompatibilitySetup/]: Initializing LSO compatibility...
[15Sept2026 11:40:24.122] [modloading-sync-worker/INFO] [com.raiiiden.warborn.common.compat.lso.LSOCompatibilityHelper/]: Legendary Survival Overhaul not found — skipping compat.
[15Sept2026 11:40:24.123] [NeoForge Version Check/INFO] [net.neoforged.fml.VersionChecker/]: [controlling] Found status: BETA Current: 19.0.5 Target: 19.0.5
[15Sept2026 11:40:24.123] [NeoForge Version Check/INFO] [net.neoforged.fml.VersionChecker/]: [create_connected] Starting version check at https://raw.githubusercontent.com/hlysine/create_connected/main/update.json
[15Sept2026 11:40:24.131] [NeoForge Version Check/INFO] [net.neoforged.fml.VersionChecker/]: [create_connected] Found status: OUTDATED Current: 1.1.16-mc1.21.1 Target: 1.3.3-mc1.21.1
[15Sept2026 11:40:24.132] [NeoForge Version Check/INFO] [net.neoforged.fml.VersionChecker/]: [chipped] Starting version check at https://api.modrinth.com/updates/BAscRYKm/forge_updates.json
[15Sept2026 11:40:24.177] [modloading-sync-worker/INFO] [tacz/SYNCED_ENTITY_DATA_TAC_COPY]: Registered synced data key tacz:shoot_cool_down for minecraft:living_entity
[15Sept2026 11:40:24.177] [modloading-sync-worker/INFO] [tacz/SYNCED_ENTITY_DATA_TAC_COPY]: Registered synced data key tacz:melee_cool_down for minecraft:living_entity
[15Sept2026 11:40:24.177] [modloading-sync-worker/INFO] [tacz/SYNCED_ENTITY_DATA_TAC_COPY]: Registered synced data key tacz:reload_state for minecraft:living_entity
[15Sept2026 11:40:24.177] [modloading-sync-worker/INFO] [tacz/SYNCED_ENTITY_DATA_TAC_COPY]: Registered synced data key tacz:aiming_progress for minecraft:living_entity
[15Sept2026 11:40:24.177] [modloading-sync-worker/INFO] [tacz/SYNCED_ENTITY_DATA_TAC_COPY]: Registered synced data key tacz:draw_cool_down for minecraft:living_entity
[15Sept2026 11:40:24.178] [modloading-sync-worker/INFO] [tacz/SYNCED_ENTITY_DATA_TAC_COPY]: Registered synced data key tacz:is_aiming for minecraft:living_entity
[15Sept2026 11:40:24.178] [modloading-sync-worker/INFO] [tacz/SYNCED_ENTITY_DATA_TAC_COPY]: Registered synced data key tacz:sprint_time for minecraft:living_entity
[15Sept2026 11:40:24.178] [modloading-sync-worker/INFO] [tacz/SYNCED_ENTITY_DATA_TAC_COPY]: Registered synced data key tacz:is_bolting for minecraft:living_entity
[15Sept2026 11:40:24.178] [modloading-sync-worker/INFO] [tacz/SYNCED_ENTITY_DATA_TAC_COPY]: Registered synced data key tacz:throwable_using for minecraft:living_entity
[15Sept2026 11:40:24.180] [modloading-sync-worker/INFO] [com.happysg.radar.CreateRadar/]: Registering Display Sources!
[15Sept2026 11:40:24.213] [modloading-worker-0/INFO] [xaero.minimap.XaeroMinimap/]: Loading Xaero's Minimap - Stage 1/2 (Server)
[15Sept2026 11:40:24.213] [modloading-worker-0/INFO] [xaero.map.server.WorldMapServer/]: Loading Xaero's World Map - Stage 1/2 (Server)
[15Sept2026 11:40:24.214] [modloading-worker-0/INFO] [xaero.lib.XaeroLib/]: Loading XaeroLib server 1/2!
[15Sept2026 11:40:24.216] [modloading-worker-0/INFO] [DistantHorizons-DistantHorizons-com.seibel.distanthorizons.common.AbstractModInitializer_neoforge/]: Initializing Distant Horizons server, firing DhApiBeforeDhInitEvent event...
[15Sept2026 11:40:24.217] [Structurize IO Worker #0/WARN] [structurize/]: Missing Mod: byg for Pack: Corrupted
[15Sept2026 11:40:24.218] [Structurize IO Worker #0/INFO] [structurize/]: Registered structure pack: Frontier
[15Sept2026 11:40:24.218] [Structurize IO Worker #0/INFO] [structurize/]: Registered structure pack: Tropical
[15Sept2026 11:40:24.218] [Structurize IO Worker #0/INFO] [structurize/]: Registered structure pack: Underwater Base
[15Sept2026 11:40:24.218] [Structurize IO Worker #0/INFO] [structurize/]: Registered structure pack: Crimson Keep
[15Sept2026 11:40:24.218] [Structurize IO Worker #0/INFO] [structurize/]: Registered structure pack: Farthest Frontier
[15Sept2026 11:40:24.218] [Structurize IO Worker #0/WARN] [structurize/]: Missing Mod: quark for Pack: FairyTale
[15Sept2026 11:40:24.218] [Structurize IO Worker #0/INFO] [structurize/]: Registered structure pack: Hive
[15Sept2026 11:40:24.218] [Structurize IO Worker #0/INFO] [structurize/]: Registered structure pack: Functional Fantasy
[15Sept2026 11:40:24.218] [Structurize IO Worker #0/INFO] [structurize/]: Registered structure pack: Steampunk
[15Sept2026 11:40:24.218] [Structurize IO Worker #0/INFO] [structurize/]: Registered structure pack: Antique
[15Sept2026 11:40:24.219] [Structurize IO Worker #0/INFO] [structurize/]: Registered structure pack: High Magic
[15Sept2026 11:40:24.219] [Structurize IO Worker #0/INFO] [structurize/]: Registered structure pack: Aquatica
[15Sept2026 11:40:24.219] [Structurize IO Worker #0/INFO] [structurize/]: Registered structure pack: Minecolonies Original
[15Sept2026 11:40:24.220] [Structurize IO Worker #0/INFO] [structurize/]: Registered structure pack: Lost Mesa City
[15Sept2026 11:40:24.220] [Structurize IO Worker #0/INFO] [structurize/]: Registered structure pack: Dark Oak Treehouse
[15Sept2026 11:40:24.220] [Structurize IO Worker #0/INFO] [structurize/]: Registered structure pack: Urban Birch
[15Sept2026 11:40:24.220] [Structurize IO Worker #0/INFO] [structurize/]: Registered structure pack: Medieval Birch
[15Sept2026 11:40:24.220] [Structurize IO Worker #0/INFO] [structurize/]: Registered structure pack: Colonial
[15Sept2026 11:40:24.220] [Structurize IO Worker #0/INFO] [structurize/]: Registered structure pack: Cavern
[15Sept2026 11:40:24.220] [Structurize IO Worker #0/INFO] [structurize/]: Registered structure pack: Jungle Treehouse
[15Sept2026 11:40:24.220] [Structurize IO Worker #0/INFO] [structurize/]: Registered structure pack: Nordic Spruce
[15Sept2026 11:40:24.220] [Structurize IO Worker #0/INFO] [structurize/]: Registered structure pack: Pagoda
[15Sept2026 11:40:24.220] [Structurize IO Worker #0/INFO] [structurize/]: Registered structure pack: Space Wars
[15Sept2026 11:40:24.220] [Structurize IO Worker #0/INFO] [structurize/]: Registered structure pack: Warped Netherlands
[15Sept2026 11:40:24.220] [Structurize IO Worker #0/INFO] [structurize/]: Registered structure pack: Fortress
[15Sept2026 11:40:24.221] [Structurize IO Worker #0/INFO] [structurize/]: Registered structure pack: Incan
[15Sept2026 11:40:24.221] [Structurize IO Worker #0/INFO] [structurize/]: Registered structure pack: Shire
[15Sept2026 11:40:24.221] [Structurize IO Worker #0/INFO] [structurize/]: Registered structure pack: Medieval Spruce
[15Sept2026 11:40:24.221] [Structurize IO Worker #0/INFO] [structurize/]: Registered structure pack: Ancient Athens
[15Sept2026 11:40:24.221] [Structurize IO Worker #0/INFO] [structurize/]: Registered structure pack: Stalactite Caves
[15Sept2026 11:40:24.221] [Structurize IO Worker #0/INFO] [structurize/]: Registered structure pack: Urban Savanna
[15Sept2026 11:40:24.221] [Structurize IO Worker #0/INFO] [structurize/]: Registered structure pack: Medieval Oak
[15Sept2026 11:40:24.221] [Structurize IO Worker #0/INFO] [structurize/]: Registered structure pack: Medieval Dark Oak
[15Sept2026 11:40:24.221] [Structurize IO Worker #0/INFO] [structurize/]: Registered structure pack: Caledonia
[15Sept2026 11:40:24.221] [Structurize IO Worker #0/INFO] [structurize/]: Registered structure pack: Desert Oasis
[15Sept2026 11:40:24.221] [Structurize IO Worker #0/WARN] [structurize/]: Failed loading packs from main folder path: .
[15Sept2026 11:40:24.222] [Structurize IO Worker #0/WARN] [structurize/]: Failed loading client packs from main folder path: .
[15Sept2026 11:40:24.222] [Structurize IO Worker #0/WARN] [structurize/]: Finished discovering Server Structure packs
[15Sept2026 11:40:24.223] [modloading-worker-0/INFO] [DistantHorizons-DistantHorizons-com.seibel.distanthorizons.core.Initializer/]: Running library validation...
[15Sept2026 11:40:24.269] [NeoForge Version Check/INFO] [net.neoforged.fml.VersionChecker/]: [chipped] Found status: BETA Current: 4.0.2 Target: null
[15Sept2026 11:40:24.269] [NeoForge Version Check/INFO] [net.neoforged.fml.VersionChecker/]: [copycats] Starting version check at https://raw.githubusercontent.com/copycats-plus/copycats/multiloader/update.json
[15Sept2026 11:40:24.276] [NeoForge Version Check/INFO] [net.neoforged.fml.VersionChecker/]: [copycats] Found status: AHEAD Current: 3.0.4+mc.1.21.1-neoforge Target: null
[15Sept2026 11:40:24.276] [NeoForge Version Check/INFO] [net.neoforged.fml.VersionChecker/]: [create] Starting version check at https://api.modrinth.com/updates/create/forge_updates.json?neoforge=only
[15Sept2026 11:40:24.325] [modloading-worker-0/INFO] [DistantHorizons-DistantHorizons-com.seibel.distanthorizons.common.AbstractModInitializer_neoforge/]: Distant Horizons, Version: 3.0.3-b
[15Sept2026 11:40:24.335] [modloading-worker-0/INFO] [DistantHorizons-DistantHorizons-com.seibel.distanthorizons.common.AbstractModInitializer_neoforge/]: Skipping mod compatibility accessor for: [optifine]
[15Sept2026 11:40:24.336] [modloading-worker-0/INFO] [DistantHorizons-DistantHorizons-com.seibel.distanthorizons.core.dependencyInjection.ModAccessorInjector/]: Registered mod compatibility accessor for: [c2me].
[15Sept2026 11:40:24.336] [modloading-worker-0/INFO] [DistantHorizons-DistantHorizons-com.seibel.distanthorizons.core.dependencyInjection.ModAccessorInjector/]: Registered mod compatibility accessor for: [iris].
[15Sept2026 11:40:24.336] [modloading-worker-0/INFO] [DistantHorizons-DistantHorizons-com.seibel.distanthorizons.common.AbstractModInitializer_neoforge/]: Distant Horizons server Initialized, adding event subscribers...
[15Sept2026 11:40:24.337] [modloading-sync-worker/INFO] [xaero.map.server.WorldMapServer/]: Loading Xaero's World Map - Stage 2/2 (Server)
[15Sept2026 11:40:24.338] [modloading-sync-worker/INFO] [xaero.lib.XaeroLib/]: Loading XaeroLib common 2/2!
[15Sept2026 11:40:24.338] [modloading-sync-worker/INFO] [xaero.lib.XaeroLib/]: Loading XaeroLib server 2/2!
[15Sept2026 11:40:24.338] [modloading-sync-worker/INFO] [xaero.minimap.XaeroMinimap/]: Loading Xaero's Minimap - Stage 2/2 (Server)
[15Sept2026 11:40:24.385] [NeoForge Version Check/INFO] [net.neoforged.fml.VersionChecker/]: [create] Found status: OUTDATED Current: 6.0.10 Target: 6.0.10+mc1.21.1
[15Sept2026 11:40:24.385] [NeoForge Version Check/INFO] [net.neoforged.fml.VersionChecker/]: [clumps] Starting version check at https://updates.blamejared.com/get?n=clumps&gv=1.21.1&ml=neoforge
[15Sept2026 11:40:24.419] [NeoForge Version Check/INFO] [net.neoforged.fml.VersionChecker/]: [clumps] Found status: BETA Current: 19.0.0.1 Target: 19.0.0.1
[15Sept2026 11:40:24.419] [NeoForge Version Check/INFO] [net.neoforged.fml.VersionChecker/]: [magnumtorch] Starting version check at https://raw.githubusercontent.com/Fuzss/modresources/main/update/magnumtorch.json
[15Sept2026 11:40:24.450] [modloading-worker-0/INFO] [com.mrh0.createaddition.CreateAddition/]: Create Crafts & Additions Initialized!
[15Sept2026 11:40:24.498] [modloading-worker-0/WARN] [minecolonies/]: Register mappings
[15Sept2026 11:40:24.525] [modloading-worker-0/INFO] [snownee.jade.Jade/]: Start loading plugin from net.blay09.mods.balm.neoforge.compat.hudinfo.NeoForgeJadeModCompat
[15Sept2026 11:40:24.531] [modloading-worker-0/INFO] [snownee.jade.Jade/]: Start loading plugin from com.github.exopandora.shouldersurfing.integration.jade.ShoulderSurfingJadePlugin
[15Sept2026 11:40:24.531] [modloading-worker-0/INFO] [snownee.jade.Jade/]: Start loading plugin from xfacthd.framedblocks.common.compat.jade.FramedJadePlugin
[15Sept2026 11:40:24.532] [modloading-worker-0/INFO] [snownee.jade.Jade/]: Start loading plugin from net.blay09.mods.waystones.compat.JadeIntegration
[15Sept2026 11:40:24.532] [modloading-worker-0/INFO] [snownee.jade.Jade/]: Start loading plugin from snownee.jade.addon.vanilla.VanillaPlugin
[15Sept2026 11:40:24.541] [modloading-worker-0/INFO] [snownee.jade.Jade/]: Start loading plugin from snownee.jade.addon.universal.UniversalPlugin
[15Sept2026 11:40:24.544] [modloading-worker-0/INFO] [snownee.jade.Jade/]: Start loading plugin from snownee.jade.addon.debug.DebugPlugin
[15Sept2026 11:40:24.545] [modloading-worker-0/INFO] [snownee.jade.Jade/]: Start loading plugin from snownee.jade.addon.core.CorePlugin
[15Sept2026 11:40:24.545] [modloading-worker-0/INFO] [snownee.jade.Jade/]: Start loading plugin from snownee.jade.addon.access.AccessibilityPlugin
[15Sept2026 11:40:24.545] [modloading-worker-0/INFO] [snownee.jade.Jade/]: Start loading plugin from com.jaquadro.minecraft.storagedrawers.integration.Waila
[15Sept2026 11:40:24.546] [modloading-worker-0/INFO] [snownee.jade.Jade/]: Start loading plugin from steve_gall.minecolonies_compatibility.module.common.jade.JadePlugin
[15Sept2026 11:40:24.558] [NeoForge Version Check/INFO] [net.neoforged.fml.VersionChecker/]: [magnumtorch] Found status: UP_TO_DATE Current: 21.1.1 Target: null
[15Sept2026 11:40:24.658] [modloading-sync-worker/INFO] [CorgiLib/]: Initializing network...
[15Sept2026 11:40:24.661] [modloading-sync-worker/INFO] [CorgiLib/]: Initialized network!
[15Sept2026 11:40:24.708] [modloading-sync-worker/INFO] [Railways/]: Registering Railways network payloads...
[15Sept2026 11:40:24.709] [modloading-sync-worker/INFO] [Railways/]: Railways network payloads registered successfully
[15Sept2026 11:40:24.766] [modloading-sync-worker/INFO] [Create cobblestone NeoForge/]: Registering packets for Create cobblestone NeoForge
[15Sept2026 11:40:24.887] [main/INFO] [com.mojang.authlib.yggdrasil.YggdrasilAuthenticationService/]: Environment: Environment[sessionHost=https://sessionserver.mojang.com, servicesHost=https://api.minecraftservices.com, name=PROD]
[15Sept2026 11:40:24.912] [main/INFO] [rechiseled/]: 1 chiseling plugins were registered: [rechiseled:datapacks]
[15Sept2026 11:40:25.050] [main/ERROR] [net.minecraft.server.packs.AbstractPackResources/]: Couldn't load fabric:overlays metadata
com.google.gson.JsonParseException: Unknown resource condition key: tectonic:config; Unknown resource condition key: tectonic:config; Unknown resource condition key: tectonic:config
	at MC-BOOTSTRAP/datafixerupper@8.0.16/com.mojang.serialization.DataResult$Error.getOrThrow(DataResult.java:287) ~[datafixerupper-8.0.16.jar%23100!/:?]
	at TRANSFORMER/minecraft@1.21.1/net.minecraft.server.packs.metadata.MetadataSectionType$1.fromJson(MetadataSectionType.java:20) ~[server-1.21.1-20240808.144430-srg.jar%23247!/:?]
	at TRANSFORMER/minecraft@1.21.1/net.minecraft.server.packs.AbstractPackResources.getMetadataFromStream(AbstractPackResources.java:54) ~[server-1.21.1-20240808.144430-srg.jar%23247!/:?]
	at TRANSFORMER/minecraft@1.21.1/net.minecraft.server.packs.AbstractPackResources.getMetadataSection(AbstractPackResources.java:33) ~[server-1.21.1-20240808.144430-srg.jar%23247!/:?]
	at TRANSFORMER/minecraft@1.21.1/net.minecraft.server.packs.repository.Pack.localvar$bbm000$fabric_resource_conditions_api_v1$applyOverlayConditions(Pack.java:536) ~[server-1.21.1-20240808.144430-srg.jar%23247!/:?]
	at TRANSFORMER/minecraft@1.21.1/net.minecraft.server.packs.repository.Pack.readPackMetadata(Pack.java:95) ~[server-1.21.1-20240808.144430-srg.jar%23247!/:?]
	at TRANSFORMER/minecraft@1.21.1/net.minecraft.server.packs.repository.Pack.readMetaAndCreate(Pack.java:40) ~[server-1.21.1-20240808.144430-srg.jar%23247!/:?]
	at TRANSFORMER/tectonic@3.0.22/dev.worldgen.tectonic.TectonicNeoforge.registerEnabledPacks(TectonicNeoforge.java:71) ~[tectonic-3.0.22-neoforge-21.1.jar%23364!/:?]
	at MC-BOOTSTRAP/net.neoforged.bus/net.neoforged.bus.ConsumerEventHandler.invoke(ConsumerEventHandler.java:27) ~[bus-8.0.5.jar%2362!/:?]
	at MC-BOOTSTRAP/net.neoforged.bus/net.neoforged.bus.EventBus.post(EventBus.java:360) ~[bus-8.0.5.jar%2362!/:?]
	at MC-BOOTSTRAP/net.neoforged.bus/net.neoforged.bus.EventBus.post(EventBus.java:342) ~[bus-8.0.5.jar%2362!/:?]
	at MC-BOOTSTRAP/fml_loader@4.0.44/net.neoforged.fml.ModContainer.acceptEvent(ModContainer.java:177) ~[loader-4.0.44.jar%2359!/:4.0]
	at MC-BOOTSTRAP/fml_loader@4.0.44/net.neoforged.fml.ModLoader.lambda$postEvent$13(ModLoader.java:358) ~[loader-4.0.44.jar%2359!/:4.0]
	at java.base/java.lang.Iterable.forEach(Iterable.java:75) ~[?:?]
	at MC-BOOTSTRAP/fml_loader@4.0.44/net.neoforged.fml.ModList.forEachModInOrder(ModList.java:174) ~[loader-4.0.44.jar%2359!/:4.0]
	at MC-BOOTSTRAP/fml_loader@4.0.44/net.neoforged.fml.ModLoader.postEvent(ModLoader.java:358) ~[loader-4.0.44.jar%2359!/:4.0]
	at TRANSFORMER/neoforge@21.1.249/net.neoforged.neoforge.resource.ResourcePackLoader.populatePackRepository(ResourcePackLoader.java:74) ~[neoforge-21.1.249-universal.jar%23248!/:?]
	at TRANSFORMER/minecraft@1.21.1/net.minecraft.server.packs.repository.ServerPacksSource.createPackRepository(ServerPacksSource.java:76) ~[server-1.21.1-20240808.144430-srg.jar%23247!/:?]
	at TRANSFORMER/minecraft@1.21.1/net.minecraft.server.packs.repository.ServerPacksSource.createPackRepository(ServerPacksSource.java:87) ~[server-1.21.1-20240808.144430-srg.jar%23247!/:?]
	at TRANSFORMER/minecraft@1.21.1/net.minecraft.server.Main.main(Main.java:190) ~[server-1.21.1-20240808.144430-srg.jar%23247!/:?]
	at java.base/jdk.internal.reflect.DirectMethodHandleAccessor.invoke(DirectMethodHandleAccessor.java:103) ~[?:?]
	at java.base/java.lang.reflect.Method.invoke(Method.java:580) ~[?:?]
	at MC-BOOTSTRAP/fml_loader@4.0.44/net.neoforged.fml.loading.targets.CommonLaunchHandler.runTarget(CommonLaunchHandler.java:136) ~[loader-4.0.44.jar%2359!/:4.0]
	at MC-BOOTSTRAP/fml_loader@4.0.44/net.neoforged.fml.loading.targets.CommonLaunchHandler.serverService(CommonLaunchHandler.java:128) ~[loader-4.0.44.jar%2359!/:4.0]
	at MC-BOOTSTRAP/fml_loader@4.0.44/net.neoforged.fml.loading.targets.CommonServerLaunchHandler.runService(CommonServerLaunchHandler.java:32) ~[loader-4.0.44.jar%2359!/:4.0]
	at MC-BOOTSTRAP/fml_loader@4.0.44/net.neoforged.fml.loading.targets.CommonLaunchHandler.lambda$launchService$4(CommonLaunchHandler.java:118) ~[loader-4.0.44.jar%2359!/:4.0]
	at MC-BOOTSTRAP/cpw.mods.modlauncher@11.0.5/cpw.mods.modlauncher.LaunchServiceHandlerDecorator.launch(LaunchServiceHandlerDecorator.java:30) [modlauncher-11.0.5.jar%2364!/:?]
	at MC-BOOTSTRAP/cpw.mods.modlauncher@11.0.5/cpw.mods.modlauncher.LaunchServiceHandler.launch(LaunchServiceHandler.java:53) [modlauncher-11.0.5.jar%2364!/:?]
	at MC-BOOTSTRAP/cpw.mods.modlauncher@11.0.5/cpw.mods.modlauncher.LaunchServiceHandler.launch(LaunchServiceHandler.java:71) [modlauncher-11.0.5.jar%2364!/:?]
	at MC-BOOTSTRAP/cpw.mods.modlauncher@11.0.5/cpw.mods.modlauncher.Launcher.run(Launcher.java:103) [modlauncher-11.0.5.jar%2364!/:?]
	at MC-BOOTSTRAP/cpw.mods.modlauncher@11.0.5/cpw.mods.modlauncher.Launcher.main(Launcher.java:74) [modlauncher-11.0.5.jar%2364!/:?]
	at MC-BOOTSTRAP/cpw.mods.modlauncher@11.0.5/cpw.mods.modlauncher.BootstrapLaunchConsumer.accept(BootstrapLaunchConsumer.java:26) [modlauncher-11.0.5.jar%2364!/:?]
	at MC-BOOTSTRAP/cpw.mods.modlauncher@11.0.5/cpw.mods.modlauncher.BootstrapLaunchConsumer.accept(BootstrapLaunchConsumer.java:23) [modlauncher-11.0.5.jar%2364!/:?]
	at cpw.mods.bootstraplauncher@2.0.2/cpw.mods.bootstraplauncher.BootstrapLauncher.run(BootstrapLauncher.java:210) [bootstraplauncher-2.0.2.jar:?]
	at cpw.mods.bootstraplauncher@2.0.2/cpw.mods.bootstraplauncher.BootstrapLauncher.main(BootstrapLauncher.java:69) [bootstraplauncher-2.0.2.jar:?]
[15Sept2026 11:40:25.517] [main/INFO] [com.simibubi.create.Create/]: Created 213 recipes which will be injected into the game
[15Sept2026 11:40:25.521] [main/INFO] [com.simibubi.create.Create/]: Created 12 tags which will be injected into the game
[15Sept2026 11:40:25.528] [main/INFO] [plus.dragons.createdragonsplus.data.runtime.RuntimePackResources/]: Starting provider [plus.dragons.createdragonsplus.data.internal.CDPRuntimeRecipeProvider@a96a299] for runtime resource [create_dragons_plus:runtime]
[15Sept2026 11:40:25.545] [main/INFO] [plus.dragons.createdragonsplus.data.runtime.RuntimePackResources/]: plus.dragons.createdragonsplus.data.internal.CDPRuntimeRecipeProvider@a96a299 finished after 17 ms
[15Sept2026 11:40:25.548] [main/INFO] [plus.dragons.createdragonsplus.data.runtime.RuntimePackResources/]: Starting provider [plus.dragons.createcentralkitchen.data.CCKBlockTags@e6b89cb] for runtime resource [create_central_kitchen:runtime]
[15Sept2026 11:40:25.550] [main/INFO] [plus.dragons.createdragonsplus.data.runtime.RuntimePackResources/]: plus.dragons.createcentralkitchen.data.CCKBlockTags@e6b89cb finished after 2 ms
[15Sept2026 11:40:25.550] [main/INFO] [plus.dragons.createdragonsplus.data.runtime.RuntimePackResources/]: Starting provider [plus.dragons.createcentralkitchen.data.CCKItemTags@6ea9efde] for runtime resource [create_central_kitchen:runtime]
[15Sept2026 11:40:25.551] [main/INFO] [plus.dragons.createdragonsplus.data.runtime.RuntimePackResources/]: plus.dragons.createcentralkitchen.data.CCKItemTags@6ea9efde finished after 0 ms
[15Sept2026 11:40:25.616] [main/INFO] [tacz/GunPackFinder]: Start scanning for gun packs in /opt/crafty/servers/0a2d7bc6-6741-4313-a3db-96a8ff596b9a/tacz
[15Sept2026 11:40:25.618] [main/INFO] [tacz/GunPackFinder]: - tacz_default_gun, Main namespace: tacz
[15Sept2026 11:40:25.618] [main/INFO] [tacz/GunPackFinder]: Found 1 possible gunpack(s) and added them to resource set.
[15Sept2026 11:40:25.811] [main/ERROR] [net.minecraft.Util/]: Invalid path in pack: midgard:worldgen/placed_feature/snowy_taiga/snowy_taiga_small_spike_pine_tree_1 copy.json, ignoring
[15Sept2026 11:40:25.886] [main/INFO] [bettervillage/]: StructureSet modified for minecraft:village : Now using custom village configuration (can be disabled in the better villages config: boolean.villages.enabled_custom_config).
[15Sept2026 11:40:26.464] [Worker-Main-5/ERROR] [net.minecraft.world.level.storage.loot.LootDataType/]: Couldn't parse element ResourceKey[minecraft:root / minecraft:loot_table]:railways:blocks/track_twilightforest_darkwood - Unknown registry key in ResourceKey[minecraft:root / minecraft:item]: railways:track_twilightforest_darkwood
[15Sept2026 11:40:26.466] [Worker-Main-5/ERROR] [net.minecraft.world.level.storage.loot.LootDataType/]: Couldn't parse element ResourceKey[minecraft:root / minecraft:loot_table]:railways:blocks/track_byg_embur - Unknown registry key in ResourceKey[minecraft:root / minecraft:item]: railways:track_byg_embur
[15Sept2026 11:40:26.468] [Worker-Main-5/ERROR] [net.minecraft.world.level.storage.loot.LootDataType/]: Couldn't parse element ResourceKey[minecraft:root / minecraft:loot_table]:railways:blocks/track_byg_nightshade_narrow - Unknown registry key in ResourceKey[minecraft:root / minecraft:item]: railways:track_byg_nightshade_narrow
[15Sept2026 11:40:26.473] [Worker-Main-5/ERROR] [net.minecraft.world.level.storage.loot.LootDataType/]: Couldn't parse element ResourceKey[minecraft:root / minecraft:loot_table]:railways:blocks/track_tfc_chestnut - Unknown registry key in ResourceKey[minecraft:root / minecraft:item]: railways:track_tfc_chestnut
[15Sept2026 11:40:26.475] [Worker-Main-5/ERROR] [net.minecraft.world.level.storage.loot.LootDataType/]: Couldn't parse element ResourceKey[minecraft:root / minecraft:loot_table]:railways:blocks/track_byg_jacaranda_wide - Unknown registry key in ResourceKey[minecraft:root / minecraft:item]: railways:track_byg_jacaranda_wide
[15Sept2026 11:40:26.484] [Worker-Main-5/ERROR] [net.minecraft.world.level.storage.loot.LootDataType/]: Couldn't parse element ResourceKey[minecraft:root / minecraft:loot_table]:railways:blocks/track_natures_spirit_joshua_narrow - Unknown registry key in ResourceKey[minecraft:root / minecraft:item]: railways:track_natures_spirit_joshua_narrow
[15Sept2026 11:40:26.487] [Worker-Main-5/ERROR] [net.minecraft.world.level.storage.loot.LootDataType/]: Couldn't parse element ResourceKey[minecraft:root / minecraft:loot_table]:railways:blocks/track_byg_rainbow_eucalyptus_narrow - Unknown registry key in ResourceKey[minecraft:root / minecraft:item]: railways:track_byg_rainbow_eucalyptus_narrow
[15Sept2026 11:40:26.488] [Worker-Main-5/ERROR] [net.minecraft.world.level.storage.loot.LootDataType/]: Couldn't parse element ResourceKey[minecraft:root / minecraft:loot_table]:railways:blocks/track_blue_skies_maple - Unknown registry key in ResourceKey[minecraft:root / minecraft:item]: railways:track_blue_skies_maple
[15Sept2026 11:40:26.489] [Worker-Main-5/ERROR] [net.minecraft.world.level.storage.loot.LootDataType/]: Couldn't parse element ResourceKey[minecraft:root / minecraft:loot_table]:railways:blocks/track_tfc_oak - Unknown registry key in ResourceKey[minecraft:root / minecraft:item]: railways:track_tfc_oak
[15Sept2026 11:40:26.490] [Worker-Main-5/ERROR] [net.minecraft.world.level.storage.loot.LootDataType/]: Couldn't parse element ResourceKey[minecraft:root / minecraft:loot_table]:railways:blocks/track_create_dd_smoked - Unknown registry key in ResourceKey[minecraft:root / minecraft:item]: railways:track_create_dd_smoked
[15Sept2026 11:40:26.490] [Worker-Main-5/ERROR] [net.minecraft.world.level.storage.loot.LootDataType/]: Couldn't parse element ResourceKey[minecraft:root / minecraft:loot_table]:railways:blocks/track_hexcasting_edified_narrow - Unknown registry key in ResourceKey[minecraft:root / minecraft:item]: railways:track_hexcasting_edified_narrow
[15Sept2026 11:40:26.495] [Worker-Main-5/ERROR] [net.minecraft.world.level.storage.loot.LootDataType/]: Couldn't parse element ResourceKey[minecraft:root / minecraft:loot_table]:railways:blocks/track_biomesoplenty_palm - Unknown registry key in ResourceKey[minecraft:root / minecraft:item]: railways:track_biomesoplenty_palm
[15Sept2026 11:40:26.496] [Worker-Main-5/ERROR] [net.minecraft.world.level.storage.loot.LootDataType/]: Couldn't parse element ResourceKey[minecraft:root / minecraft:loot_table]:railways:blocks/track_tfc_white_cedar - Unknown registry key in ResourceKey[minecraft:root / minecraft:item]: railways:track_tfc_white_cedar
[15Sept2026 11:40:26.497] [Worker-Main-5/ERROR] [net.minecraft.world.level.storage.loot.LootDataType/]: Couldn't parse element ResourceKey[minecraft:root / minecraft:loot_table]:railways:blocks/track_tfc_sycamore - Unknown registry key in ResourceKey[minecraft:root / minecraft:item]: railways:track_tfc_sycamore
[15Sept2026 11:40:26.498] [Worker-Main-5/ERROR] [net.minecraft.world.level.storage.loot.LootDataType/]: Couldn't parse element ResourceKey[minecraft:root / minecraft:loot_table]:railways:blocks/track_twilightforest_timewood - Unknown registry key in ResourceKey[minecraft:root / minecraft:item]: railways:track_twilightforest_timewood
[15Sept2026 11:40:26.501] [Worker-Main-5/ERROR] [net.minecraft.world.level.storage.loot.LootDataType/]: Couldn't parse element ResourceKey[minecraft:root / minecraft:loot_table]:railways:blocks/track_natures_spirit_cypress_wide - Unknown registry key in ResourceKey[minecraft:root / minecraft:item]: railways:track_natures_spirit_cypress_wide
[15Sept2026 11:40:26.502] [Worker-Main-5/ERROR] [net.minecraft.world.level.storage.loot.LootDataType/]: Couldn't parse element ResourceKey[minecraft:root / minecraft:loot_table]:railways:blocks/track_tfc_birch_wide - Unknown registry key in ResourceKey[minecraft:root / minecraft:item]: railways:track_tfc_birch_wide
[15Sept2026 11:40:26.507] [Worker-Main-5/ERROR] [net.minecraft.world.level.storage.loot.LootDataType/]: Couldn't parse element ResourceKey[minecraft:root / minecraft:loot_table]:midgard:blocks/aspen_wall_sign - Unknown registry key in ResourceKey[minecraft:root / minecraft:item]: midgard:aspen_sign
[15Sept2026 11:40:26.513] [Worker-Main-5/ERROR] [net.minecraft.world.level.storage.loot.LootDataType/]: Couldn't parse element ResourceKey[minecraft:root / minecraft:loot_table]:railways:blocks/track_twilightforest_transwood_narrow - Unknown registry key in ResourceKey[minecraft:root / minecraft:item]: railways:track_twilightforest_transwood_narrow
[15Sept2026 11:40:26.513] [Worker-Main-5/ERROR] [net.minecraft.world.level.storage.loot.LootDataType/]: Couldn't parse element ResourceKey[minecraft:root / minecraft:loot_table]:railways:blocks/track_blue_skies_maple_narrow - Unknown registry key in ResourceKey[minecraft:root / minecraft:item]: railways:track_blue_skies_maple_narrow
[15Sept2026 11:40:26.521] [Worker-Main-5/ERROR] [net.minecraft.world.level.storage.loot.LootDataType/]: Couldn't parse element ResourceKey[minecraft:root / minecraft:loot_table]:railways:blocks/track_byg_pine - Unknown registry key in ResourceKey[minecraft:root / minecraft:item]: railways:track_byg_pine
[15Sept2026 11:40:26.524] [Worker-Main-5/ERROR] [net.minecraft.world.level.storage.loot.LootDataType/]: Couldn't parse element ResourceKey[minecraft:root / minecraft:loot_table]:railways:blocks/track_natures_spirit_olive_narrow - Unknown registry key in ResourceKey[minecraft:root / minecraft:item]: railways:track_natures_spirit_olive_narrow
[15Sept2026 11:40:26.525] [Worker-Main-5/ERROR] [net.minecraft.world.level.storage.loot.LootDataType/]: Couldn't parse element ResourceKey[minecraft:root / minecraft:loot_table]:railways:blocks/track_biomesoplenty_magic_narrow - Unknown registry key in ResourceKey[minecraft:root / minecraft:item]: railways:track_biomesoplenty_magic_narrow
[15Sept2026 11:40:26.526] [Worker-Main-5/ERROR] [net.minecraft.world.level.storage.loot.LootDataType/]: Couldn't parse element ResourceKey[minecraft:root / minecraft:loot_table]:railways:blocks/track_biomesoplenty_hellbark_wide - Unknown registry key in ResourceKey[minecraft:root / minecraft:item]: railways:track_biomesoplenty_hellbark_wide
[15Sept2026 11:40:26.526] [Worker-Main-5/ERROR] [net.minecraft.world.level.storage.loot.LootDataType/]: Couldn't parse element ResourceKey[minecraft:root / minecraft:loot_table]:railways:blocks/track_tfc_birch_narrow - Unknown registry key in ResourceKey[minecraft:root / minecraft:item]: railways:track_tfc_birch_narrow
[15Sept2026 11:40:26.527] [Worker-Main-5/ERROR] [net.minecraft.world.level.storage.loot.LootDataType/]: Couldn't parse element ResourceKey[minecraft:root / minecraft:loot_table]:railways:blocks/track_tfc_mangrove_narrow - Unknown registry key in ResourceKey[minecraft:root / minecraft:item]: railways:track_tfc_mangrove_narrow
[15Sept2026 11:40:26.528] [Worker-Main-5/ERROR] [net.minecraft.world.level.storage.loot.LootDataType/]: Couldn't parse element ResourceKey[minecraft:root / minecraft:loot_table]:railways:blocks/track_natures_spirit_willow - Unknown registry key in ResourceKey[minecraft:root / minecraft:item]: railways:track_natures_spirit_willow
[15Sept2026 11:40:26.528] [Worker-Main-5/ERROR] [net.minecraft.world.level.storage.loot.LootDataType/]: Couldn't parse element ResourceKey[minecraft:root / minecraft:loot_table]:railways:blocks/track_twilightforest_twilight_oak_wide - Unknown registry key in ResourceKey[minecraft:root / minecraft:item]: railways:track_twilightforest_twilight_oak_wide
[15Sept2026 11:40:26.528] [Worker-Main-5/ERROR] [net.minecraft.world.level.storage.loot.LootDataType/]: Couldn't parse element ResourceKey[minecraft:root / minecraft:loot_table]:railways:blocks/track_byg_sythian_wide - Unknown registry key in ResourceKey[minecraft:root / minecraft:item]: railways:track_byg_sythian_wide
[15Sept2026 11:40:26.530] [Worker-Main-5/ERROR] [net.minecraft.world.level.storage.loot.LootDataType/]: Couldn't parse element ResourceKey[minecraft:root / minecraft:loot_table]:railways:blocks/track_byg_palm_narrow - Unknown registry key in ResourceKey[minecraft:root / minecraft:item]: railways:track_byg_palm_narrow
[15Sept2026 11:40:26.532] [Worker-Main-5/ERROR] [net.minecraft.world.level.storage.loot.LootDataType/]: Couldn't parse element ResourceKey[minecraft:root / minecraft:loot_table]:railways:blocks/track_twilightforest_minewood_narrow - Unknown registry key in ResourceKey[minecraft:root / minecraft:item]: railways:track_twilightforest_minewood_narrow
[15Sept2026 11:40:26.536] [Worker-Main-5/ERROR] [net.minecraft.world.level.storage.loot.LootDataType/]: Couldn't parse element ResourceKey[minecraft:root / minecraft:loot_table]:railways:blocks/track_biomesoplenty_fir_narrow - Unknown registry key in ResourceKey[minecraft:root / minecraft:item]: railways:track_biomesoplenty_fir_narrow
[15Sept2026 11:40:26.536] [Worker-Main-5/ERROR] [net.minecraft.world.level.storage.loot.LootDataType/]: Couldn't parse element ResourceKey[minecraft:root / minecraft:loot_table]:railways:blocks/track_tfc_acacia_wide - Unknown registry key in ResourceKey[minecraft:root / minecraft:item]: railways:track_tfc_acacia_wide
[15Sept2026 11:40:26.537] [Worker-Main-5/ERROR] [net.minecraft.world.level.storage.loot.LootDataType/]: Couldn't parse element ResourceKey[minecraft:root / minecraft:loot_table]:railways:blocks/track_byg_ether_narrow - Unknown registry key in ResourceKey[minecraft:root / minecraft:item]: railways:track_byg_ether_narrow
[15Sept2026 11:40:26.537] [Worker-Main-5/ERROR] [net.minecraft.world.level.storage.loot.LootDataType/]: Couldn't parse element ResourceKey[minecraft:root / minecraft:loot_table]:railways:blocks/track_natures_spirit_wisteria - Unknown registry key in ResourceKey[minecraft:root / minecraft:item]: railways:track_natures_spirit_wisteria
[15Sept2026 11:40:26.540] [Worker-Main-5/ERROR] [net.minecraft.world.level.storage.loot.LootDataType/]: Couldn't parse element ResourceKey[minecraft:root / minecraft:loot_table]:railways:blocks/track_tfc_hickory - Unknown registry key in ResourceKey[minecraft:root / minecraft:item]: railways:track_tfc_hickory
[15Sept2026 11:40:26.541] [Worker-Main-5/ERROR] [net.minecraft.world.level.storage.loot.LootDataType/]: Couldn't parse element ResourceKey[minecraft:root / minecraft:loot_table]:railways:blocks/track_byg_fir_wide - Unknown registry key in ResourceKey[minecraft:root / minecraft:item]: railways:track_byg_fir_wide
[15Sept2026 11:40:26.543] [Worker-Main-5/ERROR] [net.minecraft.world.level.storage.loot.LootDataType/]: Couldn't parse element ResourceKey[minecraft:root / minecraft:loot_table]:railways:blocks/track_byg_zelkova - Unknown registry key in ResourceKey[minecraft:root / minecraft:item]: railways:track_byg_zelkova
[15Sept2026 11:40:26.543] [Worker-Main-5/ERROR] [net.minecraft.world.level.storage.loot.LootDataType/]: Couldn't parse element ResourceKey[minecraft:root / minecraft:loot_table]:railways:blocks/track_blue_skies_bluebright_wide - Unknown registry key in ResourceKey[minecraft:root / minecraft:item]: railways:track_blue_skies_bluebright_wide
[15Sept2026 11:40:26.544] [Worker-Main-5/ERROR] [net.minecraft.world.level.storage.loot.LootDataType/]: Couldn't parse element ResourceKey[minecraft:root / minecraft:loot_table]:railways:blocks/track_tfc_hickory_wide - Unknown registry key in ResourceKey[minecraft:root / minecraft:item]: railways:track_tfc_hickory_wide
[15Sept2026 11:40:26.544] [Worker-Main-5/ERROR] [net.minecraft.world.level.storage.loot.LootDataType/]: Couldn't parse element ResourceKey[minecraft:root / minecraft:loot_table]:midgard:blocks/aspen_sign - Unknown registry key in ResourceKey[minecraft:root / minecraft:item]: midgard:aspen_sign
[15Sept2026 11:40:26.546] [Worker-Main-5/ERROR] [net.minecraft.world.level.storage.loot.LootDataType/]: Couldn't parse element ResourceKey[minecraft:root / minecraft:loot_table]:railways:blocks/track_hexcasting_edified - Unknown registry key in ResourceKey[minecraft:root / minecraft:item]: railways:track_hexcasting_edified
[15Sept2026 11:40:26.547] [Worker-Main-5/ERROR] [net.minecraft.world.level.storage.loot.LootDataType/]: Couldn't parse element ResourceKey[minecraft:root / minecraft:loot_table]:railways:blocks/track_twilightforest_darkwood_narrow - Unknown registry key in ResourceKey[minecraft:root / minecraft:item]: railways:track_twilightforest_darkwood_narrow
[15Sept2026 11:40:26.549] [Worker-Main-5/ERROR] [net.minecraft.world.level.storage.loot.LootDataType/]: Couldn't parse element ResourceKey[minecraft:root / minecraft:loot_table]:railways:blocks/track_natures_spirit_olive - Unknown registry key in ResourceKey[minecraft:root / minecraft:item]: railways:track_natures_spirit_olive
[15Sept2026 11:40:26.550] [Worker-Main-5/ERROR] [net.minecraft.world.level.storage.loot.LootDataType/]: Couldn't parse element ResourceKey[minecraft:root / minecraft:loot_table]:railways:blocks/track_twilightforest_canopy - Unknown registry key in ResourceKey[minecraft:root / minecraft:item]: railways:track_twilightforest_canopy
[15Sept2026 11:40:26.552] [Worker-Main-5/ERROR] [net.minecraft.world.level.storage.loot.LootDataType/]: Couldn't parse element ResourceKey[minecraft:root / minecraft:loot_table]:railways:blocks/track_byg_cypress_wide - Unknown registry key in ResourceKey[minecraft:root / minecraft:item]: railways:track_byg_cypress_wide
[15Sept2026 11:40:26.554] [Worker-Main-5/ERROR] [net.minecraft.world.level.storage.loot.LootDataType/]: Couldn't parse element ResourceKey[minecraft:root / minecraft:loot_table]:railways:blocks/track_byg_mahogany_wide - Unknown registry key in ResourceKey[minecraft:root / minecraft:item]: railways:track_byg_mahogany_wide
[15Sept2026 11:40:26.555] [Worker-Main-5/ERROR] [net.minecraft.world.level.storage.loot.LootDataType/]: Couldn't parse element ResourceKey[minecraft:root / minecraft:loot_table]:railways:blocks/track_biomesoplenty_dead_wide - Unknown registry key in ResourceKey[minecraft:root / minecraft:item]: railways:track_biomesoplenty_dead_wide
[15Sept2026 11:40:26.557] [Worker-Main-5/ERROR] [net.minecraft.world.level.storage.loot.LootDataType/]: Couldn't parse element ResourceKey[minecraft:root / minecraft:loot_table]:railways:blocks/track_tfc_maple_narrow - Unknown registry key in ResourceKey[minecraft:root / minecraft:item]: railways:track_tfc_maple_narrow
[15Sept2026 11:40:26.559] [Worker-Main-5/ERROR] [net.minecraft.world.level.storage.loot.LootDataType/]: Couldn't parse element ResourceKey[minecraft:root / minecraft:loot_table]:railways:blocks/track_blue_skies_dusk_wide - Unknown registry key in ResourceKey[minecraft:root / minecraft:item]: railways:track_blue_skies_dusk_wide
[15Sept2026 11:40:26.560] [Worker-Main-5/ERROR] [net.minecraft.world.level.storage.loot.LootDataType/]: Couldn't parse element ResourceKey[minecraft:root / minecraft:loot_table]:railways:blocks/track_blue_skies_frostbright_wide - Unknown registry key in ResourceKey[minecraft:root / minecraft:item]: railways:track_blue_skies_frostbright_wide
[15Sept2026 11:40:26.565] [Worker-Main-5/ERROR] [net.minecraft.world.level.storage.loot.LootDataType/]: Couldn't parse element ResourceKey[minecraft:root / minecraft:loot_table]:midgard:blocks/pine_sign - Unknown registry key in ResourceKey[minecraft:root / minecraft:item]: midgard:pine_sign
[15Sept2026 11:40:26.565] [Worker-Main-5/ERROR] [net.minecraft.world.level.storage.loot.LootDataType/]: Couldn't parse element ResourceKey[minecraft:root / minecraft:loot_table]:railways:blocks/track_byg_fir - Unknown registry key in ResourceKey[minecraft:root / minecraft:item]: railways:track_byg_fir
[15Sept2026 11:40:26.565] [Worker-Main-5/ERROR] [net.minecraft.world.level.storage.loot.LootDataType/]: Couldn't parse element ResourceKey[minecraft:root / minecraft:loot_table]:railways:blocks/track_natures_spirit_aspen_narrow - Unknown registry key in ResourceKey[minecraft:root / minecraft:item]: railways:track_natures_spirit_aspen_narrow
[15Sept2026 11:40:26.567] [Worker-Main-5/ERROR] [net.minecraft.world.level.storage.loot.LootDataType/]: Couldn't parse element ResourceKey[minecraft:root / minecraft:loot_table]:railways:blocks/track_tfc_ash - Unknown registry key in ResourceKey[minecraft:root / minecraft:item]: railways:track_tfc_ash
[15Sept2026 11:40:26.573] [Worker-Main-5/ERROR] [net.minecraft.world.level.storage.loot.LootDataType/]: Couldn't parse element ResourceKey[minecraft:root / minecraft:loot_table]:railways:blocks/track_tfc_sequoia - Unknown registry key in ResourceKey[minecraft:root / minecraft:item]: railways:track_tfc_sequoia
[15Sept2026 11:40:26.574] [Worker-Main-5/ERROR] [net.minecraft.world.level.storage.loot.LootDataType/]: Couldn't parse element ResourceKey[minecraft:root / minecraft:loot_table]:railways:blocks/track_tfc_maple_wide - Unknown registry key in ResourceKey[minecraft:root / minecraft:item]: railways:track_tfc_maple_wide
[15Sept2026 11:40:26.574] [Worker-Main-5/ERROR] [net.minecraft.world.level.storage.loot.LootDataType/]: Couldn't parse element ResourceKey[minecraft:root / minecraft:loot_table]:railways:blocks/track_blue_skies_lunar - Unknown registry key in ResourceKey[minecraft:root / minecraft:item]: railways:track_blue_skies_lunar
[15Sept2026 11:40:26.575] [Worker-Main-5/ERROR] [net.minecraft.world.level.storage.loot.LootDataType/]: Couldn't parse element ResourceKey[minecraft:root / minecraft:loot_table]:railways:blocks/track_byg_lament - Unknown registry key in ResourceKey[minecraft:root / minecraft:item]: railways:track_byg_lament
[15Sept2026 11:40:26.577] [Worker-Main-5/ERROR] [net.minecraft.world.level.storage.loot.LootDataType/]: Couldn't parse element ResourceKey[minecraft:root / minecraft:loot_table]:railways:blocks/track_create_dd_smoked_wide - Unknown registry key in ResourceKey[minecraft:root / minecraft:item]: railways:track_create_dd_smoked_wide
[15Sept2026 11:40:26.578] [Worker-Main-5/ERROR] [net.minecraft.world.level.storage.loot.LootDataType/]: Couldn't parse element ResourceKey[minecraft:root / minecraft:loot_table]:railways:blocks/track_biomesoplenty_willow_wide - Unknown registry key in ResourceKey[minecraft:root / minecraft:item]: railways:track_biomesoplenty_willow_wide
[15Sept2026 11:40:26.578] [Worker-Main-5/ERROR] [net.minecraft.world.level.storage.loot.LootDataType/]: Couldn't parse element ResourceKey[minecraft:root / minecraft:loot_table]:railways:blocks/track_natures_spirit_ghaf_narrow - Unknown registry key in ResourceKey[minecraft:root / minecraft:item]: railways:track_natures_spirit_ghaf_narrow
[15Sept2026 11:40:26.579] [Worker-Main-5/ERROR] [net.minecraft.world.level.storage.loot.LootDataType/]: Couldn't parse element ResourceKey[minecraft:root / minecraft:loot_table]:railways:blocks/track_byg_witch_hazel - Unknown registry key in ResourceKey[minecraft:root / minecraft:item]: railways:track_byg_witch_hazel
[15Sept2026 11:40:26.582] [Worker-Main-5/ERROR] [net.minecraft.world.level.storage.loot.LootDataType/]: Couldn't parse element ResourceKey[minecraft:root / minecraft:loot_table]:railways:blocks/track_twilightforest_twilight_oak_narrow - Unknown registry key in ResourceKey[minecraft:root / minecraft:item]: railways:track_twilightforest_twilight_oak_narrow
[15Sept2026 11:40:26.585] [Worker-Main-5/ERROR] [net.minecraft.world.level.storage.loot.LootDataType/]: Couldn't parse element ResourceKey[minecraft:root / minecraft:loot_table]:railways:blocks/track_tfc_birch - Unknown registry key in ResourceKey[minecraft:root / minecraft:item]: railways:track_tfc_birch
[15Sept2026 11:40:26.588] [Worker-Main-5/ERROR] [net.minecraft.world.level.storage.loot.LootDataType/]: Couldn't parse element ResourceKey[minecraft:root / minecraft:loot_table]:railways:blocks/track_byg_witch_hazel_narrow - Unknown registry key in ResourceKey[minecraft:root / minecraft:item]: railways:track_byg_witch_hazel_narrow
[15Sept2026 11:40:26.588] [Worker-Main-5/ERROR] [net.minecraft.world.level.storage.loot.LootDataType/]: Couldn't parse element ResourceKey[minecraft:root / minecraft:loot_table]:railways:blocks/track_biomesoplenty_mahogany_narrow - Unknown registry key in ResourceKey[minecraft:root / minecraft:item]: railways:track_biomesoplenty_mahogany_narrow
[15Sept2026 11:40:26.589] [Worker-Main-5/ERROR] [net.minecraft.world.level.storage.loot.LootDataType/]: Couldn't parse element ResourceKey[minecraft:root / minecraft:loot_table]:railways:blocks/track_natures_spirit_joshua_wide - Unknown registry key in ResourceKey[minecraft:root / minecraft:item]: railways:track_natures_spirit_joshua_wide
[15Sept2026 11:40:26.590] [Worker-Main-5/ERROR] [net.minecraft.world.level.storage.loot.LootDataType/]: Couldn't parse element ResourceKey[minecraft:root / minecraft:loot_table]:railways:blocks/track_twilightforest_sortingwood_wide - Unknown registry key in ResourceKey[minecraft:root / minecraft:item]: railways:track_twilightforest_sortingwood_wide
[15Sept2026 11:40:26.590] [Worker-Main-5/ERROR] [net.minecraft.world.level.storage.loot.LootDataType/]: Couldn't parse element ResourceKey[minecraft:root / minecraft:loot_table]:railways:blocks/track_byg_green_enchanted_wide - Unknown registry key in ResourceKey[minecraft:root / minecraft:item]: railways:track_byg_green_enchanted_wide
[15Sept2026 11:40:26.591] [Worker-Main-5/ERROR] [net.minecraft.world.level.storage.loot.LootDataType/]: Couldn't parse element ResourceKey[minecraft:root / minecraft:loot_table]:railways:blocks/track_create_dd_rose_wide - Unknown registry key in ResourceKey[minecraft:root / minecraft:item]: railways:track_create_dd_rose_wide
[15Sept2026 11:40:26.593] [Worker-Main-5/ERROR] [net.minecraft.world.level.storage.loot.LootDataType/]: Couldn't parse element ResourceKey[minecraft:root / minecraft:loot_table]:railways:blocks/track_byg_ether_wide - Unknown registry key in ResourceKey[minecraft:root / minecraft:item]: railways:track_byg_ether_wide
[15Sept2026 11:40:26.593] [Worker-Main-5/ERROR] [net.minecraft.world.level.storage.loot.LootDataType/]: Couldn't parse element ResourceKey[minecraft:root / minecraft:loot_table]:railways:blocks/track_byg_mahogany_narrow - Unknown registry key in ResourceKey[minecraft:root / minecraft:item]: railways:track_byg_mahogany_narrow
[15Sept2026 11:40:26.594] [Worker-Main-5/ERROR] [net.minecraft.world.level.storage.loot.LootDataType/]: Couldn't parse element ResourceKey[minecraft:root / minecraft:loot_table]:railways:blocks/track_byg_ebony - Unknown registry key in ResourceKey[minecraft:root / minecraft:item]: railways:track_byg_ebony
[15Sept2026 11:40:26.594] [Worker-Main-5/ERROR] [net.minecraft.world.level.storage.loot.LootDataType/]: Couldn't parse element ResourceKey[minecraft:root / minecraft:loot_table]:railways:blocks/track_tfc_rosewood - Unknown registry key in ResourceKey[minecraft:root / minecraft:item]: railways:track_tfc_rosewood
[15Sept2026 11:40:26.594] [Worker-Main-5/ERROR] [net.minecraft.world.level.storage.loot.LootDataType/]: Couldn't parse element ResourceKey[minecraft:root / minecraft:loot_table]:railways:blocks/track_create_dd_rubber_narrow - Unknown registry key in ResourceKey[minecraft:root / minecraft:item]: railways:track_create_dd_rubber_narrow
[15Sept2026 11:40:26.595] [Worker-Main-5/ERROR] [net.minecraft.world.level.storage.loot.LootDataType/]: Couldn't parse element ResourceKey[minecraft:root / minecraft:loot_table]:railways:blocks/track_byg_nightshade - Unknown registry key in ResourceKey[minecraft:root / minecraft:item]: railways:track_byg_nightshade
[15Sept2026 11:40:26.596] [Worker-Main-5/ERROR] [net.minecraft.world.level.storage.loot.LootDataType/]: Couldn't parse element ResourceKey[minecraft:root / minecraft:loot_table]:railways:blocks/track_byg_cika_narrow - Unknown registry key in ResourceKey[minecraft:root / minecraft:item]: railways:track_byg_cika_narrow
[15Sept2026 11:40:26.597] [Worker-Main-5/ERROR] [net.minecraft.world.level.storage.loot.LootDataType/]: Couldn't parse element ResourceKey[minecraft:root / minecraft:loot_table]:midgard:blocks/pine_wall_sign - Unknown registry key in ResourceKey[minecraft:root / minecraft:item]: midgard:pine_sign
[15Sept2026 11:40:26.597] [Worker-Main-5/ERROR] [net.minecraft.world.level.storage.loot.LootDataType/]: Couldn't parse element ResourceKey[minecraft:root / minecraft:loot_table]:railways:blocks/track_biomesoplenty_willow - Unknown registry key in ResourceKey[minecraft:root / minecraft:item]: railways:track_biomesoplenty_willow
[15Sept2026 11:40:26.598] [Worker-Main-5/ERROR] [net.minecraft.world.level.storage.loot.LootDataType/]: Couldn't parse element ResourceKey[minecraft:root / minecraft:loot_table]:railways:blocks/track_byg_nightshade_wide - Unknown registry key in ResourceKey[minecraft:root / minecraft:item]: railways:track_byg_nightshade_wide
[15Sept2026 11:40:26.598] [Worker-Main-5/ERROR] [net.minecraft.world.level.storage.loot.LootDataType/]: Couldn't parse element ResourceKey[minecraft:root / minecraft:loot_table]:railways:blocks/track_byg_lament_narrow - Unknown registry key in ResourceKey[minecraft:root / minecraft:item]: railways:track_byg_lament_narrow
[15Sept2026 11:40:26.599] [Worker-Main-5/ERROR] [net.minecraft.world.level.storage.loot.LootDataType/]: Couldn't parse element ResourceKey[minecraft:root / minecraft:loot_table]:railways:blocks/track_twilightforest_mangrove_narrow - Unknown registry key in ResourceKey[minecraft:root / minecraft:item]: railways:track_twilightforest_mangrove_narrow
[15Sept2026 11:40:26.606] [Worker-Main-5/ERROR] [net.minecraft.world.level.storage.loot.LootDataType/]: Couldn't parse element ResourceKey[minecraft:root / minecraft:loot_table]:tracks:blocks/track_drive_wheel - Not a valid resource location: Tracks:track_drive_wheel Non [a-z0-9_.-] character in namespace of location: Tracks:track_drive_wheel; Not a valid resource location: Tracks:blocks/track_drive_wheel Non [a-z0-9_.-] character in namespace of location: Tracks:blocks/track_drive_wheel
[15Sept2026 11:40:26.607] [Worker-Main-5/ERROR] [net.minecraft.world.level.storage.loot.LootDataType/]: Couldn't parse element ResourceKey[minecraft:root / minecraft:loot_table]:railways:blocks/track_byg_redwood_narrow - Unknown registry key in ResourceKey[minecraft:root / minecraft:item]: railways:track_byg_redwood_narrow
[15Sept2026 11:40:26.607] [Worker-Main-5/ERROR] [net.minecraft.world.level.storage.loot.LootDataType/]: Couldn't parse element ResourceKey[minecraft:root / minecraft:loot_table]:railways:blocks/track_tfc_willow_narrow - Unknown registry key in ResourceKey[minecraft:root / minecraft:item]: railways:track_tfc_willow_narrow
[15Sept2026 11:40:26.608] [Worker-Main-5/ERROR] [net.minecraft.world.level.storage.loot.LootDataType/]: Couldn't parse element ResourceKey[minecraft:root / minecraft:loot_table]:railways:blocks/track_twilightforest_minewood_wide - Unknown registry key in ResourceKey[minecraft:root / minecraft:item]: railways:track_twilightforest_minewood_wide
[15Sept2026 11:40:26.608] [Worker-Main-5/ERROR] [net.minecraft.world.level.storage.loot.LootDataType/]: Couldn't parse element ResourceKey[minecraft:root / minecraft:loot_table]:railways:blocks/track_tfc_douglas_fir - Unknown registry key in ResourceKey[minecraft:root / minecraft:item]: railways:track_tfc_douglas_fir
[15Sept2026 11:40:26.609] [Worker-Main-5/ERROR] [net.minecraft.world.level.storage.loot.LootDataType/]: Couldn't parse element ResourceKey[minecraft:root / minecraft:loot_table]:railways:blocks/track_byg_ebony_wide - Unknown registry key in ResourceKey[minecraft:root / minecraft:item]: railways:track_byg_ebony_wide
[15Sept2026 11:40:26.610] [Worker-Main-5/ERROR] [net.minecraft.world.level.storage.loot.LootDataType/]: Couldn't parse element ResourceKey[minecraft:root / minecraft:loot_table]:railways:blocks/track_natures_spirit_fir_wide - Unknown registry key in ResourceKey[minecraft:root / minecraft:item]: railways:track_natures_spirit_fir_wide
[15Sept2026 11:40:26.611] [Worker-Main-5/ERROR] [net.minecraft.world.level.storage.loot.LootDataType/]: Couldn't parse element ResourceKey[minecraft:root / minecraft:loot_table]:railways:blocks/track_twilightforest_sortingwood - Unknown registry key in ResourceKey[minecraft:root / minecraft:item]: railways:track_twilightforest_sortingwood
[15Sept2026 11:40:26.613] [Worker-Main-5/ERROR] [net.minecraft.world.level.storage.loot.LootDataType/]: Couldn't parse element ResourceKey[minecraft:root / minecraft:loot_table]:railways:blocks/track_byg_jacaranda_narrow - Unknown registry key in ResourceKey[minecraft:root / minecraft:item]: railways:track_byg_jacaranda_narrow
[15Sept2026 11:40:26.613] [Worker-Main-5/ERROR] [net.minecraft.world.level.storage.loot.LootDataType/]: Couldn't parse element ResourceKey[minecraft:root / minecraft:loot_table]:railways:blocks/track_byg_green_enchanted - Unknown registry key in ResourceKey[minecraft:root / minecraft:item]: railways:track_byg_green_enchanted
[15Sept2026 11:40:26.613] [Worker-Main-5/ERROR] [net.minecraft.world.level.storage.loot.LootDataType/]: Couldn't parse element ResourceKey[minecraft:root / minecraft:loot_table]:railways:blocks/track_byg_white_mangrove - Unknown registry key in ResourceKey[minecraft:root / minecraft:item]: railways:track_byg_white_mangrove
[15Sept2026 11:40:26.614] [Worker-Main-5/ERROR] [net.minecraft.world.level.storage.loot.LootDataType/]: Couldn't parse element ResourceKey[minecraft:root / minecraft:loot_table]:railways:blocks/track_natures_spirit_aspen - Unknown registry key in ResourceKey[minecraft:root / minecraft:item]: railways:track_natures_spirit_aspen
[15Sept2026 11:40:26.614] [Worker-Main-5/ERROR] [net.minecraft.world.level.storage.loot.LootDataType/]: Couldn't parse element ResourceKey[minecraft:root / minecraft:loot_table]:railways:blocks/track_tfc_oak_wide - Unknown registry key in ResourceKey[minecraft:root / minecraft:item]: railways:track_tfc_oak_wide
[15Sept2026 11:40:26.615] [Worker-Main-5/ERROR] [net.minecraft.world.level.storage.loot.LootDataType/]: Couldn't parse element ResourceKey[minecraft:root / minecraft:loot_table]:railways:blocks/track_natures_spirit_cypress_narrow - Unknown registry key in ResourceKey[minecraft:root / minecraft:item]: railways:track_natures_spirit_cypress_narrow
[15Sept2026 11:40:26.616] [Worker-Main-5/ERROR] [net.minecraft.world.level.storage.loot.LootDataType/]: Couldn't parse element ResourceKey[minecraft:root / minecraft:loot_table]:midgard:blocks/conifer_topsoil - Unknown registry key in ResourceKey[minecraft:root / minecraft:item]: midgard:conifer_topsoil
[15Sept2026 11:40:26.616] [Worker-Main-5/ERROR] [net.minecraft.world.level.storage.loot.LootDataType/]: Couldn't parse element ResourceKey[minecraft:root / minecraft:loot_table]:railways:blocks/track_biomesoplenty_umbran_narrow - Unknown registry key in ResourceKey[minecraft:root / minecraft:item]: railways:track_biomesoplenty_umbran_narrow
[15Sept2026 11:40:26.616] [Worker-Main-5/ERROR] [net.minecraft.world.level.storage.loot.LootDataType/]: Couldn't parse element ResourceKey[minecraft:root / minecraft:loot_table]:railways:blocks/track_tfc_chestnut_wide - Unknown registry key in ResourceKey[minecraft:root / minecraft:item]: railways:track_tfc_chestnut_wide
[15Sept2026 11:40:26.617] [Worker-Main-5/ERROR] [net.minecraft.world.level.storage.loot.LootDataType/]: Couldn't parse element ResourceKey[minecraft:root / minecraft:loot_table]:railways:blocks/track_natures_spirit_willow_narrow - Unknown registry key in ResourceKey[minecraft:root / minecraft:item]: railways:track_natures_spirit_willow_narrow
[15Sept2026 11:40:26.617] [Worker-Main-5/ERROR] [net.minecraft.world.level.storage.loot.LootDataType/]: Couldn't parse element ResourceKey[minecraft:root / minecraft:loot_table]:railways:blocks/track_blue_skies_bluebright - Unknown registry key in ResourceKey[minecraft:root / minecraft:item]: railways:track_blue_skies_bluebright
[15Sept2026 11:40:26.617] [Worker-Main-5/ERROR] [net.minecraft.world.level.storage.loot.LootDataType/]: Couldn't parse element ResourceKey[minecraft:root / minecraft:loot_table]:railways:blocks/track_biomesoplenty_mahogany - Unknown registry key in ResourceKey[minecraft:root / minecraft:item]: railways:track_biomesoplenty_mahogany
[15Sept2026 11:40:26.620] [Worker-Main-5/ERROR] [net.minecraft.world.level.storage.loot.LootDataType/]: Couldn't parse element ResourceKey[minecraft:root / minecraft:loot_table]:railways:blocks/track_natures_spirit_redwood - Unknown registry key in ResourceKey[minecraft:root / minecraft:item]: railways:track_natures_spirit_redwood
[15Sept2026 11:40:26.621] [Worker-Main-5/ERROR] [net.minecraft.world.level.storage.loot.LootDataType/]: Couldn't parse element ResourceKey[minecraft:root / minecraft:loot_table]:railways:blocks/track_tfc_palm_wide - Unknown registry key in ResourceKey[minecraft:root / minecraft:item]: railways:track_tfc_palm_wide
[15Sept2026 11:40:26.621] [Worker-Main-5/ERROR] [net.minecraft.world.level.storage.loot.LootDataType/]: Couldn't parse element ResourceKey[minecraft:root / minecraft:loot_table]:railways:blocks/track_byg_baobab_narrow - Unknown registry key in ResourceKey[minecraft:root / minecraft:item]: railways:track_byg_baobab_narrow
[15Sept2026 11:40:26.621] [Worker-Main-5/ERROR] [net.minecraft.world.level.storage.loot.LootDataType/]: Couldn't parse element ResourceKey[minecraft:root / minecraft:loot_table]:railways:blocks/track_twilightforest_canopy_narrow - Unknown registry key in ResourceKey[minecraft:root / minecraft:item]: railways:track_twilightforest_canopy_narrow
[15Sept2026 11:40:26.626] [Worker-Main-5/ERROR] [net.minecraft.world.level.storage.loot.LootDataType/]: Couldn't parse element ResourceKey[minecraft:root / minecraft:loot_table]:railways:blocks/track_byg_blue_enchanted_wide - Unknown registry key in ResourceKey[minecraft:root / minecraft:item]: railways:track_byg_blue_enchanted_wide
[15Sept2026 11:40:26.627] [Worker-Main-5/ERROR] [net.minecraft.world.level.storage.loot.LootDataType/]: Couldn't parse element ResourceKey[minecraft:root / minecraft:loot_table]:midgard:blocks/maple_wall_hanging_sign - Unknown registry key in ResourceKey[minecraft:root / minecraft:item]: midgard:maple_hanging_sign
[15Sept2026 11:40:26.629] [Worker-Main-5/ERROR] [net.minecraft.world.level.storage.loot.LootDataType/]: Couldn't parse element ResourceKey[minecraft:root / minecraft:loot_table]:railways:blocks/track_tfc_kapok_narrow - Unknown registry key in ResourceKey[minecraft:root / minecraft:item]: railways:track_tfc_kapok_narrow
[15Sept2026 11:40:26.632] [Worker-Main-5/ERROR] [net.minecraft.world.level.storage.loot.LootDataType/]: Couldn't parse element ResourceKey[minecraft:root / minecraft:loot_table]:railways:blocks/track_tfc_spruce_wide - Unknown registry key in ResourceKey[minecraft:root / minecraft:item]: railways:track_tfc_spruce_wide
[15Sept2026 11:40:26.633] [Worker-Main-5/ERROR] [net.minecraft.world.level.storage.loot.LootDataType/]: Couldn't parse element ResourceKey[minecraft:root / minecraft:loot_table]:railways:blocks/track_biomesoplenty_umbran_wide - Unknown registry key in ResourceKey[minecraft:root / minecraft:item]: railways:track_biomesoplenty_umbran_wide
[15Sept2026 11:40:26.634] [Worker-Main-5/ERROR] [net.minecraft.world.level.storage.loot.LootDataType/]: Couldn't parse element ResourceKey[minecraft:root / minecraft:loot_table]:railways:blocks/track_tfc_spruce_narrow - Unknown registry key in ResourceKey[minecraft:root / minecraft:item]: railways:track_tfc_spruce_narrow
[15Sept2026 11:40:26.635] [Worker-Main-5/ERROR] [net.minecraft.world.level.storage.loot.LootDataType/]: Couldn't parse element ResourceKey[minecraft:root / minecraft:loot_table]:railways:blocks/track_tfc_douglas_fir_wide - Unknown registry key in ResourceKey[minecraft:root / minecraft:item]: railways:track_tfc_douglas_fir_wide
[15Sept2026 11:40:26.636] [Worker-Main-5/ERROR] [net.minecraft.world.level.storage.loot.LootDataType/]: Couldn't parse element ResourceKey[minecraft:root / minecraft:loot_table]:railways:blocks/track_byg_witch_hazel_wide - Unknown registry key in ResourceKey[minecraft:root / minecraft:item]: railways:track_byg_witch_hazel_wide
[15Sept2026 11:40:26.637] [Worker-Main-5/ERROR] [net.minecraft.world.level.storage.loot.LootDataType/]: Couldn't parse element ResourceKey[minecraft:root / minecraft:loot_table]:railways:blocks/track_byg_willow_narrow - Unknown registry key in ResourceKey[minecraft:root / minecraft:item]: railways:track_byg_willow_narrow
[15Sept2026 11:40:26.637] [Worker-Main-5/ERROR] [net.minecraft.world.level.storage.loot.LootDataType/]: Couldn't parse element ResourceKey[minecraft:root / minecraft:loot_table]:railways:blocks/track_byg_palm_wide - Unknown registry key in ResourceKey[minecraft:root / minecraft:item]: railways:track_byg_palm_wide
[15Sept2026 11:40:26.638] [Worker-Main-5/ERROR] [net.minecraft.world.level.storage.loot.LootDataType/]: Couldn't parse element ResourceKey[minecraft:root / minecraft:loot_table]:railways:blocks/track_byg_pine_wide - Unknown registry key in ResourceKey[minecraft:root / minecraft:item]: railways:track_byg_pine_wide
[15Sept2026 11:40:26.638] [Worker-Main-5/ERROR] [net.minecraft.world.level.storage.loot.LootDataType/]: Couldn't parse element ResourceKey[minecraft:root / minecraft:loot_table]:railways:blocks/track_byg_maple_wide - Unknown registry key in ResourceKey[minecraft:root / minecraft:item]: railways:track_byg_maple_wide
[15Sept2026 11:40:26.640] [Worker-Main-5/ERROR] [net.minecraft.world.level.storage.loot.LootDataType/]: Couldn't parse element ResourceKey[minecraft:root / minecraft:loot_table]:railways:blocks/track_natures_spirit_ghaf - Unknown registry key in ResourceKey[minecraft:root / minecraft:item]: railways:track_natures_spirit_ghaf
[15Sept2026 11:40:26.640] [Worker-Main-5/ERROR] [net.minecraft.world.level.storage.loot.LootDataType/]: Couldn't parse element ResourceKey[minecraft:root / minecraft:loot_table]:railways:blocks/track_tfc_palm - Unknown registry key in ResourceKey[minecraft:root / minecraft:item]: railways:track_tfc_palm
[15Sept2026 11:40:26.642] [Worker-Main-5/ERROR] [net.minecraft.world.level.storage.loot.LootDataType/]: Couldn't parse element ResourceKey[minecraft:root / minecraft:loot_table]:railways:blocks/track_tfc_white_cedar_wide - Unknown registry key in ResourceKey[minecraft:root / minecraft:item]: railways:track_tfc_white_cedar_wide
[15Sept2026 11:40:26.644] [Worker-Main-5/ERROR] [net.minecraft.world.level.storage.loot.LootDataType/]: Couldn't parse element ResourceKey[minecraft:root / minecraft:loot_table]:railways:blocks/track_twilightforest_minewood - Unknown registry key in ResourceKey[minecraft:root / minecraft:item]: railways:track_twilightforest_minewood
[15Sept2026 11:40:26.646] [Worker-Main-5/ERROR] [net.minecraft.world.level.storage.loot.LootDataType/]: Couldn't parse element ResourceKey[minecraft:root / minecraft:loot_table]:railways:blocks/track_byg_pine_narrow - Unknown registry key in ResourceKey[minecraft:root / minecraft:item]: railways:track_byg_pine_narrow
[15Sept2026 11:40:26.647] [Worker-Main-5/ERROR] [net.minecraft.world.level.storage.loot.LootDataType/]: Couldn't parse element ResourceKey[minecraft:root / minecraft:loot_table]:railways:blocks/track_tfc_spruce - Unknown registry key in ResourceKey[minecraft:root / minecraft:item]: railways:track_tfc_spruce
[15Sept2026 11:40:26.649] [Worker-Main-5/ERROR] [net.minecraft.world.level.storage.loot.LootDataType/]: Couldn't parse element ResourceKey[minecraft:root / minecraft:loot_table]:railways:blocks/track_tfc_pine_wide - Unknown registry key in ResourceKey[minecraft:root / minecraft:item]: railways:track_tfc_pine_wide
[15Sept2026 11:40:26.650] [Worker-Main-5/ERROR] [net.minecraft.world.level.storage.loot.LootDataType/]: Couldn't parse element ResourceKey[minecraft:root / minecraft:loot_table]:railways:blocks/track_byg_redwood - Unknown registry key in ResourceKey[minecraft:root / minecraft:item]: railways:track_byg_redwood
[15Sept2026 11:40:26.650] [Worker-Main-5/ERROR] [net.minecraft.world.level.storage.loot.LootDataType/]: Couldn't parse element ResourceKey[minecraft:root / minecraft:loot_table]:railways:blocks/track_create_dd_rubber_wide - Unknown registry key in ResourceKey[minecraft:root / minecraft:item]: railways:track_create_dd_rubber_wide
[15Sept2026 11:40:26.651] [Worker-Main-5/ERROR] [net.minecraft.world.level.storage.loot.LootDataType/]: Couldn't parse element ResourceKey[minecraft:root / minecraft:loot_table]:railways:blocks/track_natures_spirit_ghaf_wide - Unknown registry key in ResourceKey[minecraft:root / minecraft:item]: railways:track_natures_spirit_ghaf_wide
[15Sept2026 11:40:26.652] [Worker-Main-5/ERROR] [net.minecraft.world.level.storage.loot.LootDataType/]: Couldn't parse element ResourceKey[minecraft:root / minecraft:loot_table]:railways:blocks/track_natures_spirit_palo_verde - Unknown registry key in ResourceKey[minecraft:root / minecraft:item]: railways:track_natures_spirit_palo_verde
[15Sept2026 11:40:26.652] [Worker-Main-5/ERROR] [net.minecraft.world.level.storage.loot.LootDataType/]: Couldn't parse element ResourceKey[minecraft:root / minecraft:loot_table]:railways:blocks/track_biomesoplenty_palm_wide - Unknown registry key in ResourceKey[minecraft:root / minecraft:item]: railways:track_biomesoplenty_palm_wide
[15Sept2026 11:40:26.653] [Worker-Main-5/ERROR] [net.minecraft.world.level.storage.loot.LootDataType/]: Couldn't parse element ResourceKey[minecraft:root / minecraft:loot_table]:railways:blocks/track_blue_skies_lunar_narrow - Unknown registry key in ResourceKey[minecraft:root / minecraft:item]: railways:track_blue_skies_lunar_narrow
[15Sept2026 11:40:26.654] [Worker-Main-5/ERROR] [net.minecraft.world.level.storage.loot.LootDataType/]: Couldn't parse element ResourceKey[minecraft:root / minecraft:loot_table]:railways:blocks/track_biomesoplenty_magic - Unknown registry key in ResourceKey[minecraft:root / minecraft:item]: railways:track_biomesoplenty_magic
[15Sept2026 11:40:26.655] [Worker-Main-5/ERROR] [net.minecraft.world.level.storage.loot.LootDataType/]: Couldn't parse element ResourceKey[minecraft:root / minecraft:loot_table]:railways:blocks/track_blue_skies_starlit_wide - Unknown registry key in ResourceKey[minecraft:root / minecraft:item]: railways:track_blue_skies_starlit_wide
[15Sept2026 11:40:26.656] [Worker-Main-5/ERROR] [net.minecraft.world.level.storage.loot.LootDataType/]: Couldn't parse element ResourceKey[minecraft:root / minecraft:loot_table]:railways:blocks/track_byg_cika - Unknown registry key in ResourceKey[minecraft:root / minecraft:item]: railways:track_byg_cika
[15Sept2026 11:40:26.656] [Worker-Main-5/ERROR] [net.minecraft.world.level.storage.loot.LootDataType/]: Couldn't parse element ResourceKey[minecraft:root / minecraft:loot_table]:railways:blocks/track_biomesoplenty_palm_narrow - Unknown registry key in ResourceKey[minecraft:root / minecraft:item]: railways:track_biomesoplenty_palm_narrow
[15Sept2026 11:40:26.657] [Worker-Main-5/ERROR] [net.minecraft.world.level.storage.loot.LootDataType/]: Couldn't parse element ResourceKey[minecraft:root / minecraft:loot_table]:railways:blocks/track_biomesoplenty_jacaranda_narrow - Unknown registry key in ResourceKey[minecraft:root / minecraft:item]: railways:track_biomesoplenty_jacaranda_narrow
[15Sept2026 11:40:26.658] [Worker-Main-5/ERROR] [net.minecraft.world.level.storage.loot.LootDataType/]: Couldn't parse element ResourceKey[minecraft:root / minecraft:loot_table]:railways:blocks/track_quark_azalea_wide - Unknown registry key in ResourceKey[minecraft:root / minecraft:item]: railways:track_quark_azalea_wide
[15Sept2026 11:40:26.658] [Worker-Main-5/ERROR] [net.minecraft.world.level.storage.loot.LootDataType/]: Couldn't parse element ResourceKey[minecraft:root / minecraft:loot_table]:railways:blocks/track_natures_spirit_joshua - Unknown registry key in ResourceKey[minecraft:root / minecraft:item]: railways:track_natures_spirit_joshua
[15Sept2026 11:40:26.660] [Worker-Main-5/ERROR] [net.minecraft.world.level.storage.loot.LootDataType/]: Couldn't parse element ResourceKey[minecraft:root / minecraft:loot_table]:railways:blocks/track_biomesoplenty_redwood_wide - Unknown registry key in ResourceKey[minecraft:root / minecraft:item]: railways:track_biomesoplenty_redwood_wide
[15Sept2026 11:40:26.661] [Worker-Main-5/ERROR] [net.minecraft.world.level.storage.loot.LootDataType/]: Couldn't parse element ResourceKey[minecraft:root / minecraft:loot_table]:railways:blocks/track_natures_spirit_maple_narrow - Unknown registry key in ResourceKey[minecraft:root / minecraft:item]: railways:track_natures_spirit_maple_narrow
[15Sept2026 11:40:26.661] [Worker-Main-5/ERROR] [net.minecraft.world.level.storage.loot.LootDataType/]: Couldn't parse element ResourceKey[minecraft:root / minecraft:loot_table]:railways:blocks/track_biomesoplenty_willow_narrow - Unknown registry key in ResourceKey[minecraft:root / minecraft:item]: railways:track_biomesoplenty_willow_narrow
[15Sept2026 11:40:26.665] [Worker-Main-5/ERROR] [net.minecraft.world.level.storage.loot.LootDataType/]: Couldn't parse element ResourceKey[minecraft:root / minecraft:loot_table]:railways:blocks/track_tfc_pine_narrow - Unknown registry key in ResourceKey[minecraft:root / minecraft:item]: railways:track_tfc_pine_narrow
[15Sept2026 11:40:26.666] [Worker-Main-5/ERROR] [net.minecraft.world.level.storage.loot.LootDataType/]: Couldn't parse element ResourceKey[minecraft:root / minecraft:loot_table]:railways:blocks/track_tfc_acacia - Unknown registry key in ResourceKey[minecraft:root / minecraft:item]: railways:track_tfc_acacia
[15Sept2026 11:40:26.667] [Worker-Main-5/ERROR] [net.minecraft.world.level.storage.loot.LootDataType/]: Couldn't parse element ResourceKey[minecraft:root / minecraft:loot_table]:railways:blocks/track_byg_rainbow_eucalyptus_wide - Unknown registry key in ResourceKey[minecraft:root / minecraft:item]: railways:track_byg_rainbow_eucalyptus_wide
[15Sept2026 11:40:26.668] [Worker-Main-5/ERROR] [net.minecraft.world.level.storage.loot.LootDataType/]: Couldn't parse element ResourceKey[minecraft:root / minecraft:loot_table]:railways:blocks/track_blue_skies_starlit - Unknown registry key in ResourceKey[minecraft:root / minecraft:item]: railways:track_blue_skies_starlit
[15Sept2026 11:40:26.669] [Worker-Main-5/ERROR] [net.minecraft.world.level.storage.loot.LootDataType/]: Couldn't parse element ResourceKey[minecraft:root / minecraft:loot_table]:railways:blocks/track_quark_ancient_wide - Unknown registry key in ResourceKey[minecraft:root / minecraft:item]: railways:track_quark_ancient_wide
[15Sept2026 11:40:26.669] [Worker-Main-5/ERROR] [net.minecraft.world.level.storage.loot.LootDataType/]: Couldn't parse element ResourceKey[minecraft:root / minecraft:loot_table]:railways:blocks/track_byg_white_mangrove_narrow - Unknown registry key in ResourceKey[minecraft:root / minecraft:item]: railways:track_byg_white_mangrove_narrow
[15Sept2026 11:40:26.670] [Worker-Main-5/ERROR] [net.minecraft.world.level.storage.loot.LootDataType/]: Couldn't parse element ResourceKey[minecraft:root / minecraft:loot_table]:railways:blocks/track_byg_green_enchanted_narrow - Unknown registry key in ResourceKey[minecraft:root / minecraft:item]: railways:track_byg_green_enchanted_narrow
[15Sept2026 11:40:26.670] [Worker-Main-5/ERROR] [net.minecraft.world.level.storage.loot.LootDataType/]: Couldn't parse element ResourceKey[minecraft:root / minecraft:loot_table]:railways:blocks/track_quark_ancient_narrow - Unknown registry key in ResourceKey[minecraft:root / minecraft:item]: railways:track_quark_ancient_narrow
[15Sept2026 11:40:26.670] [Worker-Main-5/ERROR] [net.minecraft.world.level.storage.loot.LootDataType/]: Couldn't parse element ResourceKey[minecraft:root / minecraft:loot_table]:railways:blocks/track_quark_azalea_narrow - Unknown registry key in ResourceKey[minecraft:root / minecraft:item]: railways:track_quark_azalea_narrow
[15Sept2026 11:40:26.670] [Worker-Main-5/ERROR] [net.minecraft.world.level.storage.loot.LootDataType/]: Couldn't parse element ResourceKey[minecraft:root / minecraft:loot_table]:railways:blocks/track_blue_skies_frostbright - Unknown registry key in ResourceKey[minecraft:root / minecraft:item]: railways:track_blue_skies_frostbright
[15Sept2026 11:40:26.671] [Worker-Main-5/ERROR] [net.minecraft.world.level.storage.loot.LootDataType/]: Couldn't parse element ResourceKey[minecraft:root / minecraft:loot_table]:railways:blocks/track_biomesoplenty_jacaranda_wide - Unknown registry key in ResourceKey[minecraft:root / minecraft:item]: railways:track_biomesoplenty_jacaranda_wide
[15Sept2026 11:40:26.671] [Worker-Main-5/ERROR] [net.minecraft.world.level.storage.loot.LootDataType/]: Couldn't parse element ResourceKey[minecraft:root / minecraft:loot_table]:railways:blocks/track_natures_spirit_palo_verde_narrow - Unknown registry key in ResourceKey[minecraft:root / minecraft:item]: railways:track_natures_spirit_palo_verde_narrow
[15Sept2026 11:40:26.672] [Worker-Main-5/ERROR] [net.minecraft.world.level.storage.loot.LootDataType/]: Couldn't parse element ResourceKey[minecraft:root / minecraft:loot_table]:railways:blocks/track_tfc_sycamore_wide - Unknown registry key in ResourceKey[minecraft:root / minecraft:item]: railways:track_tfc_sycamore_wide
[15Sept2026 11:40:26.673] [Worker-Main-5/ERROR] [net.minecraft.world.level.storage.loot.LootDataType/]: Couldn't parse element ResourceKey[minecraft:root / minecraft:loot_table]:railways:blocks/track_tfc_hickory_narrow - Unknown registry key in ResourceKey[minecraft:root / minecraft:item]: railways:track_tfc_hickory_narrow
[15Sept2026 11:40:26.673] [Worker-Main-5/ERROR] [net.minecraft.world.level.storage.loot.LootDataType/]: Couldn't parse element ResourceKey[minecraft:root / minecraft:loot_table]:railways:blocks/track_byg_white_mangrove_wide - Unknown registry key in ResourceKey[minecraft:root / minecraft:item]: railways:track_byg_white_mangrove_wide
[15Sept2026 11:40:26.674] [Worker-Main-5/ERROR] [net.minecraft.world.level.storage.loot.LootDataType/]: Couldn't parse element ResourceKey[minecraft:root / minecraft:loot_table]:railways:blocks/track_blue_skies_lunar_wide - Unknown registry key in ResourceKey[minecraft:root / minecraft:item]: railways:track_blue_skies_lunar_wide
[15Sept2026 11:40:26.675] [Worker-Main-5/ERROR] [net.minecraft.world.level.storage.loot.LootDataType/]: Couldn't parse element ResourceKey[minecraft:root / minecraft:loot_table]:railways:blocks/track_twilightforest_transwood_wide - Unknown registry key in ResourceKey[minecraft:root / minecraft:item]: railways:track_twilightforest_transwood_wide
[15Sept2026 11:40:26.676] [Worker-Main-5/ERROR] [net.minecraft.world.level.storage.loot.LootDataType/]: Couldn't parse element ResourceKey[minecraft:root / minecraft:loot_table]:railways:blocks/track_tfc_blackwood_wide - Unknown registry key in ResourceKey[minecraft:root / minecraft:item]: railways:track_tfc_blackwood_wide
[15Sept2026 11:40:26.677] [Worker-Main-5/ERROR] [net.minecraft.world.level.storage.loot.LootDataType/]: Couldn't parse element ResourceKey[minecraft:root / minecraft:loot_table]:railways:blocks/track_byg_maple_narrow - Unknown registry key in ResourceKey[minecraft:root / minecraft:item]: railways:track_byg_maple_narrow
[15Sept2026 11:40:26.677] [Worker-Main-5/ERROR] [net.minecraft.world.level.storage.loot.LootDataType/]: Couldn't parse element ResourceKey[minecraft:root / minecraft:loot_table]:railways:blocks/track_byg_embur_wide - Unknown registry key in ResourceKey[minecraft:root / minecraft:item]: railways:track_byg_embur_wide
[15Sept2026 11:40:26.680] [Worker-Main-5/ERROR] [net.minecraft.world.level.storage.loot.LootDataType/]: Couldn't parse element ResourceKey[minecraft:root / minecraft:loot_table]:railways:blocks/track_blue_skies_dusk_narrow - Unknown registry key in ResourceKey[minecraft:root / minecraft:item]: railways:track_blue_skies_dusk_narrow
[15Sept2026 11:40:26.680] [Worker-Main-5/ERROR] [net.minecraft.world.level.storage.loot.LootDataType/]: Couldn't parse element ResourceKey[minecraft:root / minecraft:loot_table]:railways:blocks/track_byg_sythian_narrow - Unknown registry key in ResourceKey[minecraft:root / minecraft:item]: railways:track_byg_sythian_narrow
[15Sept2026 11:40:26.680] [Worker-Main-5/ERROR] [net.minecraft.world.level.storage.loot.LootDataType/]: Couldn't parse element ResourceKey[minecraft:root / minecraft:loot_table]:railways:blocks/track_byg_redwood_wide - Unknown registry key in ResourceKey[minecraft:root / minecraft:item]: railways:track_byg_redwood_wide
[15Sept2026 11:40:26.683] [Worker-Main-5/ERROR] [net.minecraft.world.level.storage.loot.LootDataType/]: Couldn't parse element ResourceKey[minecraft:root / minecraft:loot_table]:railways:blocks/track_byg_fir_narrow - Unknown registry key in ResourceKey[minecraft:root / minecraft:item]: railways:track_byg_fir_narrow
[15Sept2026 11:40:26.684] [Worker-Main-5/ERROR] [net.minecraft.world.level.storage.loot.LootDataType/]: Couldn't parse element ResourceKey[minecraft:root / minecraft:loot_table]:railways:blocks/track_tfc_aspen_wide - Unknown registry key in ResourceKey[minecraft:root / minecraft:item]: railways:track_tfc_aspen_wide
[15Sept2026 11:40:26.684] [Worker-Main-5/ERROR] [net.minecraft.world.level.storage.loot.LootDataType/]: Couldn't parse element ResourceKey[minecraft:root / minecraft:loot_table]:midgard:blocks/pine_wall_hanging_sign - Unknown registry key in ResourceKey[minecraft:root / minecraft:item]: midgard:pine_hanging_sign
[15Sept2026 11:40:26.684] [Worker-Main-5/ERROR] [net.minecraft.world.level.storage.loot.LootDataType/]: Couldn't parse element ResourceKey[minecraft:root / minecraft:loot_table]:railways:blocks/track_natures_spirit_sugi - Unknown registry key in ResourceKey[minecraft:root / minecraft:item]: railways:track_natures_spirit_sugi
[15Sept2026 11:40:26.686] [Worker-Main-5/ERROR] [net.minecraft.world.level.storage.loot.LootDataType/]: Couldn't parse element ResourceKey[minecraft:root / minecraft:loot_table]:railways:blocks/track_byg_willow_wide - Unknown registry key in ResourceKey[minecraft:root / minecraft:item]: railways:track_byg_willow_wide
[15Sept2026 11:40:26.686] [Worker-Main-5/ERROR] [net.minecraft.world.level.storage.loot.LootDataType/]: Couldn't parse element ResourceKey[minecraft:root / minecraft:loot_table]:railways:blocks/track_tfc_oak_narrow - Unknown registry key in ResourceKey[minecraft:root / minecraft:item]: railways:track_tfc_oak_narrow
[15Sept2026 11:40:26.688] [Worker-Main-5/ERROR] [net.minecraft.world.level.storage.loot.LootDataType/]: Couldn't parse element ResourceKey[minecraft:root / minecraft:loot_table]:railways:blocks/track_create_dd_spirit - Unknown registry key in ResourceKey[minecraft:root / minecraft:item]: railways:track_create_dd_spirit
[15Sept2026 11:40:26.688] [Worker-Main-5/ERROR] [net.minecraft.world.level.storage.loot.LootDataType/]: Couldn't parse element ResourceKey[minecraft:root / minecraft:loot_table]:railways:blocks/track_tfc_maple - Unknown registry key in ResourceKey[minecraft:root / minecraft:item]: railways:track_tfc_maple
[15Sept2026 11:40:26.689] [Worker-Main-5/ERROR] [net.minecraft.world.level.storage.loot.LootDataType/]: Couldn't parse element ResourceKey[minecraft:root / minecraft:loot_table]:railways:blocks/track_byg_zelkova_narrow - Unknown registry key in ResourceKey[minecraft:root / minecraft:item]: railways:track_byg_zelkova_narrow
[15Sept2026 11:40:26.690] [Worker-Main-5/ERROR] [net.minecraft.world.level.storage.loot.LootDataType/]: Couldn't parse element ResourceKey[minecraft:root / minecraft:loot_table]:railways:blocks/track_byg_cika_wide - Unknown registry key in ResourceKey[minecraft:root / minecraft:item]: railways:track_byg_cika_wide
[15Sept2026 11:40:26.690] [Worker-Main-5/ERROR] [net.minecraft.world.level.storage.loot.LootDataType/]: Couldn't parse element ResourceKey[minecraft:root / minecraft:loot_table]:railways:blocks/track_byg_holly_narrow - Unknown registry key in ResourceKey[minecraft:root / minecraft:item]: railways:track_byg_holly_narrow
[15Sept2026 11:40:26.691] [Worker-Main-5/ERROR] [net.minecraft.world.level.storage.loot.LootDataType/]: Couldn't parse element ResourceKey[minecraft:root / minecraft:loot_table]:railways:blocks/track_tfc_ash_narrow - Unknown registry key in ResourceKey[minecraft:root / minecraft:item]: railways:track_tfc_ash_narrow
[15Sept2026 11:40:26.691] [Worker-Main-5/ERROR] [net.minecraft.world.level.storage.loot.LootDataType/]: Couldn't parse element ResourceKey[minecraft:root / minecraft:loot_table]:railways:blocks/track_byg_skyris - Unknown registry key in ResourceKey[minecraft:root / minecraft:item]: railways:track_byg_skyris
[15Sept2026 11:40:26.697] [Worker-Main-5/ERROR] [net.minecraft.world.level.storage.loot.LootDataType/]: Couldn't parse element ResourceKey[minecraft:root / minecraft:loot_table]:railways:blocks/track_natures_spirit_maple - Unknown registry key in ResourceKey[minecraft:root / minecraft:item]: railways:track_natures_spirit_maple
[15Sept2026 11:40:26.697] [Worker-Main-5/ERROR] [net.minecraft.world.level.storage.loot.LootDataType/]: Couldn't parse element ResourceKey[minecraft:root / minecraft:loot_table]:railways:blocks/track_create_dd_spirit_narrow - Unknown registry key in ResourceKey[minecraft:root / minecraft:item]: railways:track_create_dd_spirit_narrow
[15Sept2026 11:40:26.698] [Worker-Main-5/ERROR] [net.minecraft.world.level.storage.loot.LootDataType/]: Couldn't parse element ResourceKey[minecraft:root / minecraft:loot_table]:railways:blocks/track_quark_ancient - Unknown registry key in ResourceKey[minecraft:root / minecraft:item]: railways:track_quark_ancient
[15Sept2026 11:40:26.699] [Worker-Main-5/ERROR] [net.minecraft.world.level.storage.loot.LootDataType/]: Couldn't parse element ResourceKey[minecraft:root / minecraft:loot_table]:railways:blocks/track_create_dd_rubber - Unknown registry key in ResourceKey[minecraft:root / minecraft:item]: railways:track_create_dd_rubber
[15Sept2026 11:40:26.701] [Worker-Main-5/ERROR] [net.minecraft.world.level.storage.loot.LootDataType/]: Couldn't parse element ResourceKey[minecraft:root / minecraft:loot_table]:railways:blocks/track_byg_mahogany - Unknown registry key in ResourceKey[minecraft:root / minecraft:item]: railways:track_byg_mahogany
[15Sept2026 11:40:26.702] [Worker-Main-5/ERROR] [net.minecraft.world.level.storage.loot.LootDataType/]: Couldn't parse element ResourceKey[minecraft:root / minecraft:loot_table]:railways:blocks/track_tfc_sequoia_wide - Unknown registry key in ResourceKey[minecraft:root / minecraft:item]: railways:track_tfc_sequoia_wide
[15Sept2026 11:40:26.712] [Worker-Main-5/ERROR] [net.minecraft.world.level.storage.loot.LootDataType/]: Couldn't parse element ResourceKey[minecraft:root / minecraft:loot_table]:railways:blocks/track_twilightforest_mangrove_wide - Unknown registry key in ResourceKey[minecraft:root / minecraft:item]: railways:track_twilightforest_mangrove_wide
[15Sept2026 11:40:26.712] [Worker-Main-5/ERROR] [net.minecraft.world.level.storage.loot.LootDataType/]: Couldn't parse element ResourceKey[minecraft:root / minecraft:loot_table]:railways:blocks/track_byg_baobab_wide - Unknown registry key in ResourceKey[minecraft:root / minecraft:item]: railways:track_byg_baobab_wide
[15Sept2026 11:40:26.714] [Worker-Main-5/ERROR] [net.minecraft.world.level.storage.loot.LootDataType/]: Couldn't parse element ResourceKey[minecraft:root / minecraft:loot_table]:railways:blocks/track_natures_spirit_palo_verde_wide - Unknown registry key in ResourceKey[minecraft:root / minecraft:item]: railways:track_natures_spirit_palo_verde_wide
[15Sept2026 11:40:26.714] [Worker-Main-5/ERROR] [net.minecraft.world.level.storage.loot.LootDataType/]: Couldn't parse element ResourceKey[minecraft:root / minecraft:loot_table]:railways:blocks/track_tfc_blackwood_narrow - Unknown registry key in ResourceKey[minecraft:root / minecraft:item]: railways:track_tfc_blackwood_narrow
[15Sept2026 11:40:26.714] [Worker-Main-5/ERROR] [net.minecraft.world.level.storage.loot.LootDataType/]: Couldn't parse element ResourceKey[minecraft:root / minecraft:loot_table]:railways:blocks/track_natures_spirit_fir - Unknown registry key in ResourceKey[minecraft:root / minecraft:item]: railways:track_natures_spirit_fir
[15Sept2026 11:40:26.714] [Worker-Main-5/ERROR] [net.minecraft.world.level.storage.loot.LootDataType/]: Couldn't parse element ResourceKey[minecraft:root / minecraft:loot_table]:railways:blocks/track_byg_imparius_narrow - Unknown registry key in ResourceKey[minecraft:root / minecraft:item]: railways:track_byg_imparius_narrow
[15Sept2026 11:40:26.716] [Worker-Main-5/ERROR] [net.minecraft.world.level.storage.loot.LootDataType/]: Couldn't parse element ResourceKey[minecraft:root / minecraft:loot_table]:railways:blocks/track_biomesoplenty_dead - Unknown registry key in ResourceKey[minecraft:root / minecraft:item]: railways:track_biomesoplenty_dead
[15Sept2026 11:40:26.716] [Worker-Main-5/ERROR] [net.minecraft.world.level.storage.loot.LootDataType/]: Couldn't parse element ResourceKey[minecraft:root / minecraft:loot_table]:railways:blocks/track_tfc_mangrove - Unknown registry key in ResourceKey[minecraft:root / minecraft:item]: railways:track_tfc_mangrove
[15Sept2026 11:40:26.717] [Worker-Main-5/ERROR] [net.minecraft.world.level.storage.loot.LootDataType/]: Couldn't parse element ResourceKey[minecraft:root / minecraft:loot_table]:railways:blocks/track_tfc_palm_narrow - Unknown registry key in ResourceKey[minecraft:root / minecraft:item]: railways:track_tfc_palm_narrow
[15Sept2026 11:40:26.717] [Worker-Main-5/ERROR] [net.minecraft.world.level.storage.loot.LootDataType/]: Couldn't parse element ResourceKey[minecraft:root / minecraft:loot_table]:railways:blocks/track_tfc_kapok_wide - Unknown registry key in ResourceKey[minecraft:root / minecraft:item]: railways:track_tfc_kapok_wide
[15Sept2026 11:40:26.717] [Worker-Main-5/ERROR] [net.minecraft.world.level.storage.loot.LootDataType/]: Couldn't parse element ResourceKey[minecraft:root / minecraft:loot_table]:railways:blocks/track_byg_blue_enchanted_narrow - Unknown registry key in ResourceKey[minecraft:root / minecraft:item]: railways:track_byg_blue_enchanted_narrow
[15Sept2026 11:40:26.719] [Worker-Main-5/ERROR] [net.minecraft.world.level.storage.loot.LootDataType/]: Couldn't parse element ResourceKey[minecraft:root / minecraft:loot_table]:railways:blocks/track_byg_imparius_wide - Unknown registry key in ResourceKey[minecraft:root / minecraft:item]: railways:track_byg_imparius_wide
[15Sept2026 11:40:26.721] [Worker-Main-5/ERROR] [net.minecraft.world.level.storage.loot.LootDataType/]: Couldn't parse element ResourceKey[minecraft:root / minecraft:loot_table]:railways:blocks/track_biomesoplenty_umbran - Unknown registry key in ResourceKey[minecraft:root / minecraft:item]: railways:track_biomesoplenty_umbran
[15Sept2026 11:40:26.721] [Worker-Main-5/ERROR] [net.minecraft.world.level.storage.loot.LootDataType/]: Couldn't parse element ResourceKey[minecraft:root / minecraft:loot_table]:railways:blocks/track_byg_palm - Unknown registry key in ResourceKey[minecraft:root / minecraft:item]: railways:track_byg_palm
[15Sept2026 11:40:26.724] [Worker-Main-5/ERROR] [net.minecraft.world.level.storage.loot.LootDataType/]: Couldn't parse element ResourceKey[minecraft:root / minecraft:loot_table]:midgard:blocks/maple_hanging_sign - Unknown registry key in ResourceKey[minecraft:root / minecraft:item]: midgard:maple_hanging_sign
[15Sept2026 11:40:26.724] [Worker-Main-5/ERROR] [net.minecraft.world.level.storage.loot.LootDataType/]: Couldn't parse element ResourceKey[minecraft:root / minecraft:loot_table]:railways:blocks/track_tfc_white_cedar_narrow - Unknown registry key in ResourceKey[minecraft:root / minecraft:item]: railways:track_tfc_white_cedar_narrow
[15Sept2026 11:40:26.725] [Worker-Main-5/ERROR] [net.minecraft.world.level.storage.loot.LootDataType/]: Couldn't parse element ResourceKey[minecraft:root / minecraft:loot_table]:railways:blocks/track_byg_rainbow_eucalyptus - Unknown registry key in ResourceKey[minecraft:root / minecraft:item]: railways:track_byg_rainbow_eucalyptus
[15Sept2026 11:40:26.726] [Worker-Main-5/ERROR] [net.minecraft.world.level.storage.loot.LootDataType/]: Couldn't parse element ResourceKey[minecraft:root / minecraft:loot_table]:railways:blocks/track_twilightforest_darkwood_wide - Unknown registry key in ResourceKey[minecraft:root / minecraft:item]: railways:track_twilightforest_darkwood_wide
[15Sept2026 11:40:26.726] [Worker-Main-5/ERROR] [net.minecraft.world.level.storage.loot.LootDataType/]: Couldn't parse element ResourceKey[minecraft:root / minecraft:loot_table]:railways:blocks/track_tfc_mangrove_wide - Unknown registry key in ResourceKey[minecraft:root / minecraft:item]: railways:track_tfc_mangrove_wide
[15Sept2026 11:40:26.726] [Worker-Main-5/ERROR] [net.minecraft.world.level.storage.loot.LootDataType/]: Couldn't parse element ResourceKey[minecraft:root / minecraft:loot_table]:midgard:blocks/aspen_hanging_sign - Unknown registry key in ResourceKey[minecraft:root / minecraft:item]: midgard:aspen_hanging_sign
[15Sept2026 11:40:26.727] [Worker-Main-5/ERROR] [net.minecraft.world.level.storage.loot.LootDataType/]: Couldn't parse element ResourceKey[minecraft:root / minecraft:loot_table]:railways:blocks/track_natures_spirit_wisteria_narrow - Unknown registry key in ResourceKey[minecraft:root / minecraft:item]: railways:track_natures_spirit_wisteria_narrow
[15Sept2026 11:40:26.728] [Worker-Main-5/ERROR] [net.minecraft.world.level.storage.loot.LootDataType/]: Couldn't parse element ResourceKey[minecraft:root / minecraft:loot_table]:railways:blocks/track_byg_holly - Unknown registry key in ResourceKey[minecraft:root / minecraft:item]: railways:track_byg_holly
[15Sept2026 11:40:26.730] [Worker-Main-5/ERROR] [net.minecraft.world.level.storage.loot.LootDataType/]: Couldn't parse element ResourceKey[minecraft:root / minecraft:loot_table]:tracks:blocks/suspension_track - Not a valid resource location: Tracks:suspension_track Non [a-z0-9_.-] character in namespace of location: Tracks:suspension_track; Not a valid resource location: Tracks:blocks/suspension_track Non [a-z0-9_.-] character in namespace of location: Tracks:blocks/suspension_track
[15Sept2026 11:40:26.730] [Worker-Main-5/ERROR] [net.minecraft.world.level.storage.loot.LootDataType/]: Couldn't parse element ResourceKey[minecraft:root / minecraft:loot_table]:railways:blocks/track_natures_spirit_aspen_wide - Unknown registry key in ResourceKey[minecraft:root / minecraft:item]: railways:track_natures_spirit_aspen_wide
[15Sept2026 11:40:26.730] [Worker-Main-5/ERROR] [net.minecraft.world.level.storage.loot.LootDataType/]: Couldn't parse element ResourceKey[minecraft:root / minecraft:loot_table]:railways:blocks/track_byg_ebony_narrow - Unknown registry key in ResourceKey[minecraft:root / minecraft:item]: railways:track_byg_ebony_narrow
[15Sept2026 11:40:26.730] [Worker-Main-5/ERROR] [net.minecraft.world.level.storage.loot.LootDataType/]: Couldn't parse element ResourceKey[minecraft:root / minecraft:loot_table]:railways:blocks/track_byg_holly_wide - Unknown registry key in ResourceKey[minecraft:root / minecraft:item]: railways:track_byg_holly_wide
[15Sept2026 11:40:26.731] [Worker-Main-5/ERROR] [net.minecraft.world.level.storage.loot.LootDataType/]: Couldn't parse element ResourceKey[minecraft:root / minecraft:loot_table]:railways:blocks/track_natures_spirit_redwood_narrow - Unknown registry key in ResourceKey[minecraft:root / minecraft:item]: railways:track_natures_spirit_redwood_narrow
[15Sept2026 11:40:26.732] [Worker-Main-5/ERROR] [net.minecraft.world.level.storage.loot.LootDataType/]: Couldn't parse element ResourceKey[minecraft:root / minecraft:loot_table]:railways:blocks/track_natures_spirit_willow_wide - Unknown registry key in ResourceKey[minecraft:root / minecraft:item]: railways:track_natures_spirit_willow_wide
[15Sept2026 11:40:26.733] [Worker-Main-5/ERROR] [net.minecraft.world.level.storage.loot.LootDataType/]: Couldn't parse element ResourceKey[minecraft:root / minecraft:loot_table]:railways:blocks/track_byg_cypress - Unknown registry key in ResourceKey[minecraft:root / minecraft:item]: railways:track_byg_cypress
[15Sept2026 11:40:26.734] [Worker-Main-5/ERROR] [net.minecraft.world.level.storage.loot.LootDataType/]: Couldn't parse element ResourceKey[minecraft:root / minecraft:loot_table]:railways:blocks/track_byg_sythian - Unknown registry key in ResourceKey[minecraft:root / minecraft:item]: railways:track_byg_sythian
[15Sept2026 11:40:26.735] [Worker-Main-5/ERROR] [net.minecraft.world.level.storage.loot.LootDataType/]: Couldn't parse element ResourceKey[minecraft:root / minecraft:loot_table]:railways:blocks/track_biomesoplenty_fir - Unknown registry key in ResourceKey[minecraft:root / minecraft:item]: railways:track_biomesoplenty_fir
[15Sept2026 11:40:26.736] [Worker-Main-5/ERROR] [net.minecraft.world.level.storage.loot.LootDataType/]: Couldn't parse element ResourceKey[minecraft:root / minecraft:loot_table]:railways:blocks/track_twilightforest_timewood_narrow - Unknown registry key in ResourceKey[minecraft:root / minecraft:item]: railways:track_twilightforest_timewood_narrow
[15Sept2026 11:40:26.738] [Worker-Main-5/ERROR] [net.minecraft.world.level.storage.loot.LootDataType/]: Couldn't parse element ResourceKey[minecraft:root / minecraft:loot_table]:railways:blocks/track_byg_skyris_wide - Unknown registry key in ResourceKey[minecraft:root / minecraft:item]: railways:track_byg_skyris_wide
[15Sept2026 11:40:26.739] [Worker-Main-5/ERROR] [net.minecraft.world.level.storage.loot.LootDataType/]: Couldn't parse element ResourceKey[minecraft:root / minecraft:loot_table]:railways:blocks/track_biomesoplenty_jacaranda - Unknown registry key in ResourceKey[minecraft:root / minecraft:item]: railways:track_biomesoplenty_jacaranda
[15Sept2026 11:40:26.739] [Worker-Main-5/ERROR] [net.minecraft.world.level.storage.loot.LootDataType/]: Couldn't parse element ResourceKey[minecraft:root / minecraft:loot_table]:railways:blocks/track_biomesoplenty_hellbark - Unknown registry key in ResourceKey[minecraft:root / minecraft:item]: railways:track_biomesoplenty_hellbark
[15Sept2026 11:40:26.741] [Worker-Main-5/ERROR] [net.minecraft.world.level.storage.loot.LootDataType/]: Couldn't parse element ResourceKey[minecraft:root / minecraft:loot_table]:railways:blocks/track_byg_bulbis_narrow - Unknown registry key in ResourceKey[minecraft:root / minecraft:item]: railways:track_byg_bulbis_narrow
[15Sept2026 11:40:26.743] [Worker-Main-5/ERROR] [net.minecraft.world.level.storage.loot.LootDataType/]: Couldn't parse element ResourceKey[minecraft:root / minecraft:loot_table]:railways:blocks/track_tfc_chestnut_narrow - Unknown registry key in ResourceKey[minecraft:root / minecraft:item]: railways:track_tfc_chestnut_narrow
[15Sept2026 11:40:26.744] [Worker-Main-5/ERROR] [net.minecraft.world.level.storage.loot.LootDataType/]: Couldn't parse element ResourceKey[minecraft:root / minecraft:loot_table]:railways:blocks/track_byg_skyris_narrow - Unknown registry key in ResourceKey[minecraft:root / minecraft:item]: railways:track_byg_skyris_narrow
[15Sept2026 11:40:26.744] [Worker-Main-5/ERROR] [net.minecraft.world.level.storage.loot.LootDataType/]: Couldn't parse element ResourceKey[minecraft:root / minecraft:loot_table]:railways:blocks/track_tfc_willow_wide - Unknown registry key in ResourceKey[minecraft:root / minecraft:item]: railways:track_tfc_willow_wide
[15Sept2026 11:40:26.745] [Worker-Main-5/ERROR] [net.minecraft.world.level.storage.loot.LootDataType/]: Couldn't parse element ResourceKey[minecraft:root / minecraft:loot_table]:railways:blocks/track_create_dd_rose - Unknown registry key in ResourceKey[minecraft:root / minecraft:item]: railways:track_create_dd_rose
[15Sept2026 11:40:26.746] [Worker-Main-5/ERROR] [net.minecraft.world.level.storage.loot.LootDataType/]: Couldn't parse element ResourceKey[minecraft:root / minecraft:loot_table]:railways:blocks/track_tfc_acacia_narrow - Unknown registry key in ResourceKey[minecraft:root / minecraft:item]: railways:track_tfc_acacia_narrow
[15Sept2026 11:40:26.746] [Worker-Main-5/ERROR] [net.minecraft.world.level.storage.loot.LootDataType/]: Couldn't parse element ResourceKey[minecraft:root / minecraft:loot_table]:midgard:blocks/pine_hanging_sign - Unknown registry key in ResourceKey[minecraft:root / minecraft:item]: midgard:pine_hanging_sign
[15Sept2026 11:40:26.746] [Worker-Main-5/ERROR] [net.minecraft.world.level.storage.loot.LootDataType/]: Couldn't parse element ResourceKey[minecraft:root / minecraft:loot_table]:railways:blocks/track_byg_aspen_wide - Unknown registry key in ResourceKey[minecraft:root / minecraft:item]: railways:track_byg_aspen_wide
[15Sept2026 11:40:26.747] [Worker-Main-5/ERROR] [net.minecraft.world.level.storage.loot.LootDataType/]: Couldn't parse element ResourceKey[minecraft:root / minecraft:loot_table]:railways:blocks/track_byg_willow - Unknown registry key in ResourceKey[minecraft:root / minecraft:item]: railways:track_byg_willow
[15Sept2026 11:40:26.747] [Worker-Main-5/ERROR] [net.minecraft.world.level.storage.loot.LootDataType/]: Couldn't parse element ResourceKey[minecraft:root / minecraft:loot_table]:railways:blocks/track_byg_bulbis_wide - Unknown registry key in ResourceKey[minecraft:root / minecraft:item]: railways:track_byg_bulbis_wide
[15Sept2026 11:40:26.748] [Worker-Main-5/ERROR] [net.minecraft.world.level.storage.loot.LootDataType/]: Couldn't parse element ResourceKey[minecraft:root / minecraft:loot_table]:railways:blocks/track_twilightforest_mangrove - Unknown registry key in ResourceKey[minecraft:root / minecraft:item]: railways:track_twilightforest_mangrove
[15Sept2026 11:40:26.749] [Worker-Main-5/ERROR] [net.minecraft.world.level.storage.loot.LootDataType/]: Couldn't parse element ResourceKey[minecraft:root / minecraft:loot_table]:railways:blocks/track_natures_spirit_wisteria_wide - Unknown registry key in ResourceKey[minecraft:root / minecraft:item]: railways:track_natures_spirit_wisteria_wide
[15Sept2026 11:40:26.749] [Worker-Main-5/ERROR] [net.minecraft.world.level.storage.loot.LootDataType/]: Couldn't parse element ResourceKey[minecraft:root / minecraft:loot_table]:railways:blocks/track_biomesoplenty_mahogany_wide - Unknown registry key in ResourceKey[minecraft:root / minecraft:item]: railways:track_biomesoplenty_mahogany_wide
[15Sept2026 11:40:26.749] [Worker-Main-5/ERROR] [net.minecraft.world.level.storage.loot.LootDataType/]: Couldn't parse element ResourceKey[minecraft:root / minecraft:loot_table]:railways:blocks/track_byg_imparius - Unknown registry key in ResourceKey[minecraft:root / minecraft:item]: railways:track_byg_imparius
[15Sept2026 11:40:26.750] [Worker-Main-5/ERROR] [net.minecraft.world.level.storage.loot.LootDataType/]: Couldn't parse element ResourceKey[minecraft:root / minecraft:loot_table]:railways:blocks/track_biomesoplenty_magic_wide - Unknown registry key in ResourceKey[minecraft:root / minecraft:item]: railways:track_biomesoplenty_magic_wide
[15Sept2026 11:40:26.751] [Worker-Main-5/ERROR] [net.minecraft.world.level.storage.loot.LootDataType/]: Couldn't parse element ResourceKey[minecraft:root / minecraft:loot_table]:railways:blocks/track_byg_aspen - Unknown registry key in ResourceKey[minecraft:root / minecraft:item]: railways:track_byg_aspen
[15Sept2026 11:40:26.754] [Worker-Main-5/ERROR] [net.minecraft.world.level.storage.loot.LootDataType/]: Couldn't parse element ResourceKey[minecraft:root / minecraft:loot_table]:railways:blocks/track_tfc_rosewood_wide - Unknown registry key in ResourceKey[minecraft:root / minecraft:item]: railways:track_tfc_rosewood_wide
[15Sept2026 11:40:26.755] [Worker-Main-5/ERROR] [net.minecraft.world.level.storage.loot.LootDataType/]: Couldn't parse element ResourceKey[minecraft:root / minecraft:loot_table]:railways:blocks/track_natures_spirit_cypress - Unknown registry key in ResourceKey[minecraft:root / minecraft:item]: railways:track_natures_spirit_cypress
[15Sept2026 11:40:26.756] [Worker-Main-5/ERROR] [net.minecraft.world.level.storage.loot.LootDataType/]: Couldn't parse element ResourceKey[minecraft:root / minecraft:loot_table]:railways:blocks/track_create_dd_rose_narrow - Unknown registry key in ResourceKey[minecraft:root / minecraft:item]: railways:track_create_dd_rose_narrow
[15Sept2026 11:40:26.758] [Worker-Main-5/ERROR] [net.minecraft.world.level.storage.loot.LootDataType/]: Couldn't parse element ResourceKey[minecraft:root / minecraft:loot_table]:railways:blocks/track_biomesoplenty_dead_narrow - Unknown registry key in ResourceKey[minecraft:root / minecraft:item]: railways:track_biomesoplenty_dead_narrow
[15Sept2026 11:40:26.759] [Worker-Main-5/ERROR] [net.minecraft.world.level.storage.loot.LootDataType/]: Couldn't parse element ResourceKey[minecraft:root / minecraft:loot_table]:railways:blocks/track_blue_skies_dusk - Unknown registry key in ResourceKey[minecraft:root / minecraft:item]: railways:track_blue_skies_dusk
[15Sept2026 11:40:26.760] [Worker-Main-5/ERROR] [net.minecraft.world.level.storage.loot.LootDataType/]: Couldn't parse element ResourceKey[minecraft:root / minecraft:loot_table]:railways:blocks/track_tfc_kapok - Unknown registry key in ResourceKey[minecraft:root / minecraft:item]: railways:track_tfc_kapok
[15Sept2026 11:40:26.761] [Worker-Main-5/ERROR] [net.minecraft.world.level.storage.loot.LootDataType/]: Couldn't parse element ResourceKey[minecraft:root / minecraft:loot_table]:railways:blocks/track_blue_skies_frostbright_narrow - Unknown registry key in ResourceKey[minecraft:root / minecraft:item]: railways:track_blue_skies_frostbright_narrow
[15Sept2026 11:40:26.762] [Worker-Main-5/ERROR] [net.minecraft.world.level.storage.loot.LootDataType/]: Couldn't parse element ResourceKey[minecraft:root / minecraft:loot_table]:railways:blocks/track_tfc_blackwood - Unknown registry key in ResourceKey[minecraft:root / minecraft:item]: railways:track_tfc_blackwood
[15Sept2026 11:40:26.762] [Worker-Main-5/ERROR] [net.minecraft.world.level.storage.loot.LootDataType/]: Couldn't parse element ResourceKey[minecraft:root / minecraft:loot_table]:railways:blocks/track_quark_blossom_narrow - Unknown registry key in ResourceKey[minecraft:root / minecraft:item]: railways:track_quark_blossom_narrow
[15Sept2026 11:40:26.763] [Worker-Main-5/ERROR] [net.minecraft.world.level.storage.loot.LootDataType/]: Couldn't parse element ResourceKey[minecraft:root / minecraft:loot_table]:railways:blocks/track_tfc_ash_wide - Unknown registry key in ResourceKey[minecraft:root / minecraft:item]: railways:track_tfc_ash_wide
[15Sept2026 11:40:26.763] [Worker-Main-5/ERROR] [net.minecraft.world.level.storage.loot.LootDataType/]: Couldn't parse element ResourceKey[minecraft:root / minecraft:loot_table]:railways:blocks/track_blue_skies_bluebright_narrow - Unknown registry key in ResourceKey[minecraft:root / minecraft:item]: railways:track_blue_skies_bluebright_narrow
[15Sept2026 11:40:26.764] [Worker-Main-5/ERROR] [net.minecraft.world.level.storage.loot.LootDataType/]: Couldn't parse element ResourceKey[minecraft:root / minecraft:loot_table]:railways:blocks/track_byg_embur_narrow - Unknown registry key in ResourceKey[minecraft:root / minecraft:item]: railways:track_byg_embur_narrow
[15Sept2026 11:40:26.767] [Worker-Main-5/ERROR] [net.minecraft.world.level.storage.loot.LootDataType/]: Couldn't parse element ResourceKey[minecraft:root / minecraft:loot_table]:minecolonies_compatibility:blocks/citizen_grid - Unknown registry key in ResourceKey[minecraft:root / minecraft:item]: minecolonies_compatibility:citizen_grid
[15Sept2026 11:40:26.768] [Worker-Main-5/ERROR] [net.minecraft.world.level.storage.loot.LootDataType/]: Couldn't parse element ResourceKey[minecraft:root / minecraft:loot_table]:railways:blocks/track_twilightforest_twilight_oak - Unknown registry key in ResourceKey[minecraft:root / minecraft:item]: railways:track_twilightforest_twilight_oak
[15Sept2026 11:40:26.768] [Worker-Main-5/ERROR] [net.minecraft.world.level.storage.loot.LootDataType/]: Couldn't parse element ResourceKey[minecraft:root / minecraft:loot_table]:railways:blocks/track_tfc_rosewood_narrow - Unknown registry key in ResourceKey[minecraft:root / minecraft:item]: railways:track_tfc_rosewood_narrow
[15Sept2026 11:40:26.771] [Worker-Main-5/ERROR] [net.minecraft.world.level.storage.loot.LootDataType/]: Couldn't parse element ResourceKey[minecraft:root / minecraft:loot_table]:railways:blocks/track_byg_jacaranda - Unknown registry key in ResourceKey[minecraft:root / minecraft:item]: railways:track_byg_jacaranda
[15Sept2026 11:40:26.772] [Worker-Main-5/ERROR] [net.minecraft.world.level.storage.loot.LootDataType/]: Couldn't parse element ResourceKey[minecraft:root / minecraft:loot_table]:railways:blocks/track_biomesoplenty_redwood - Unknown registry key in ResourceKey[minecraft:root / minecraft:item]: railways:track_biomesoplenty_redwood
[15Sept2026 11:40:26.774] [Worker-Main-5/ERROR] [net.minecraft.world.level.storage.loot.LootDataType/]: Couldn't parse element ResourceKey[minecraft:root / minecraft:loot_table]:railways:blocks/track_blue_skies_starlit_narrow - Unknown registry key in ResourceKey[minecraft:root / minecraft:item]: railways:track_blue_skies_starlit_narrow
[15Sept2026 11:40:26.775] [Worker-Main-5/ERROR] [net.minecraft.world.level.storage.loot.LootDataType/]: Couldn't parse element ResourceKey[minecraft:root / minecraft:loot_table]:railways:blocks/track_tfc_aspen - Unknown registry key in ResourceKey[minecraft:root / minecraft:item]: railways:track_tfc_aspen
[15Sept2026 11:40:26.775] [Worker-Main-5/ERROR] [net.minecraft.world.level.storage.loot.LootDataType/]: Couldn't parse element ResourceKey[minecraft:root / minecraft:loot_table]:railways:blocks/track_tfc_pine - Unknown registry key in ResourceKey[minecraft:root / minecraft:item]: railways:track_tfc_pine
[15Sept2026 11:40:26.776] [Worker-Main-5/ERROR] [net.minecraft.world.level.storage.loot.LootDataType/]: Couldn't parse element ResourceKey[minecraft:root / minecraft:loot_table]:railways:blocks/track_byg_zelkova_wide - Unknown registry key in ResourceKey[minecraft:root / minecraft:item]: railways:track_byg_zelkova_wide
[15Sept2026 11:40:26.778] [Worker-Main-5/ERROR] [net.minecraft.world.level.storage.loot.LootDataType/]: Couldn't parse element ResourceKey[minecraft:root / minecraft:loot_table]:railways:blocks/track_tfc_willow - Unknown registry key in ResourceKey[minecraft:root / minecraft:item]: railways:track_tfc_willow
[15Sept2026 11:40:26.778] [Worker-Main-5/ERROR] [net.minecraft.world.level.storage.loot.LootDataType/]: Couldn't parse element ResourceKey[minecraft:root / minecraft:loot_table]:railways:blocks/track_hexcasting_edified_wide - Unknown registry key in ResourceKey[minecraft:root / minecraft:item]: railways:track_hexcasting_edified_wide
[15Sept2026 11:40:26.779] [Worker-Main-5/ERROR] [net.minecraft.world.level.storage.loot.LootDataType/]: Couldn't parse element ResourceKey[minecraft:root / minecraft:loot_table]:railways:blocks/track_byg_baobab - Unknown registry key in ResourceKey[minecraft:root / minecraft:item]: railways:track_byg_baobab
[15Sept2026 11:40:26.779] [Worker-Main-5/ERROR] [net.minecraft.world.level.storage.loot.LootDataType/]: Couldn't parse element ResourceKey[minecraft:root / minecraft:loot_table]:railways:blocks/track_natures_spirit_fir_narrow - Unknown registry key in ResourceKey[minecraft:root / minecraft:item]: railways:track_natures_spirit_fir_narrow
[15Sept2026 11:40:26.779] [Worker-Main-5/ERROR] [net.minecraft.world.level.storage.loot.LootDataType/]: Couldn't parse element ResourceKey[minecraft:root / minecraft:loot_table]:railways:blocks/track_natures_spirit_sugi_narrow - Unknown registry key in ResourceKey[minecraft:root / minecraft:item]: railways:track_natures_spirit_sugi_narrow
[15Sept2026 11:40:26.780] [Worker-Main-5/ERROR] [net.minecraft.world.level.storage.loot.LootDataType/]: Couldn't parse element ResourceKey[minecraft:root / minecraft:loot_table]:railways:blocks/track_biomesoplenty_fir_wide - Unknown registry key in ResourceKey[minecraft:root / minecraft:item]: railways:track_biomesoplenty_fir_wide
[15Sept2026 11:40:26.780] [Worker-Main-5/ERROR] [net.minecraft.world.level.storage.loot.LootDataType/]: Couldn't parse element ResourceKey[minecraft:root / minecraft:loot_table]:railways:blocks/track_byg_maple - Unknown registry key in ResourceKey[minecraft:root / minecraft:item]: railways:track_byg_maple
[15Sept2026 11:40:26.781] [Worker-Main-5/ERROR] [net.minecraft.world.level.storage.loot.LootDataType/]: Couldn't parse element ResourceKey[minecraft:root / minecraft:loot_table]:railways:blocks/track_byg_lament_wide - Unknown registry key in ResourceKey[minecraft:root / minecraft:item]: railways:track_byg_lament_wide
[15Sept2026 11:40:26.783] [Worker-Main-5/ERROR] [net.minecraft.world.level.storage.loot.LootDataType/]: Couldn't parse element ResourceKey[minecraft:root / minecraft:loot_table]:railways:blocks/track_byg_blue_enchanted - Unknown registry key in ResourceKey[minecraft:root / minecraft:item]: railways:track_byg_blue_enchanted
[15Sept2026 11:40:26.783] [Worker-Main-5/ERROR] [net.minecraft.world.level.storage.loot.LootDataType/]: Couldn't parse element ResourceKey[minecraft:root / minecraft:loot_table]:railways:blocks/track_natures_spirit_maple_wide - Unknown registry key in ResourceKey[minecraft:root / minecraft:item]: railways:track_natures_spirit_maple_wide
[15Sept2026 11:40:26.785] [Worker-Main-5/ERROR] [net.minecraft.world.level.storage.loot.LootDataType/]: Couldn't parse element ResourceKey[minecraft:root / minecraft:loot_table]:midgard:blocks/aspen_wall_hanging_sign - Unknown registry key in ResourceKey[minecraft:root / minecraft:item]: midgard:aspen_hanging_sign
[15Sept2026 11:40:26.786] [Worker-Main-5/ERROR] [net.minecraft.world.level.storage.loot.LootDataType/]: Couldn't parse element ResourceKey[minecraft:root / minecraft:loot_table]:railways:blocks/track_natures_spirit_olive_wide - Unknown registry key in ResourceKey[minecraft:root / minecraft:item]: railways:track_natures_spirit_olive_wide
[15Sept2026 11:40:26.786] [Worker-Main-5/ERROR] [net.minecraft.world.level.storage.loot.LootDataType/]: Couldn't parse element ResourceKey[minecraft:root / minecraft:loot_table]:railways:blocks/track_natures_spirit_sugi_wide - Unknown registry key in ResourceKey[minecraft:root / minecraft:item]: railways:track_natures_spirit_sugi_wide
[15Sept2026 11:40:26.787] [Worker-Main-5/ERROR] [net.minecraft.world.level.storage.loot.LootDataType/]: Couldn't parse element ResourceKey[minecraft:root / minecraft:loot_table]:railways:blocks/track_byg_aspen_narrow - Unknown registry key in ResourceKey[minecraft:root / minecraft:item]: railways:track_byg_aspen_narrow
[15Sept2026 11:40:26.787] [Worker-Main-5/ERROR] [net.minecraft.world.level.storage.loot.LootDataType/]: Couldn't parse element ResourceKey[minecraft:root / minecraft:loot_table]:railways:blocks/track_tfc_sequoia_narrow - Unknown registry key in ResourceKey[minecraft:root / minecraft:item]: railways:track_tfc_sequoia_narrow
[15Sept2026 11:40:26.787] [Worker-Main-5/ERROR] [net.minecraft.world.level.storage.loot.LootDataType/]: Couldn't parse element ResourceKey[minecraft:root / minecraft:loot_table]:railways:blocks/track_twilightforest_sortingwood_narrow - Unknown registry key in ResourceKey[minecraft:root / minecraft:item]: railways:track_twilightforest_sortingwood_narrow
[15Sept2026 11:40:26.787] [Worker-Main-5/ERROR] [net.minecraft.world.level.storage.loot.LootDataType/]: Couldn't parse element ResourceKey[minecraft:root / minecraft:loot_table]:railways:blocks/track_tfc_douglas_fir_narrow - Unknown registry key in ResourceKey[minecraft:root / minecraft:item]: railways:track_tfc_douglas_fir_narrow
[15Sept2026 11:40:26.788] [Worker-Main-5/ERROR] [net.minecraft.world.level.storage.loot.LootDataType/]: Couldn't parse element ResourceKey[minecraft:root / minecraft:loot_table]:railways:blocks/track_biomesoplenty_hellbark_narrow - Unknown registry key in ResourceKey[minecraft:root / minecraft:item]: railways:track_biomesoplenty_hellbark_narrow
[15Sept2026 11:40:26.789] [Worker-Main-5/ERROR] [net.minecraft.world.level.storage.loot.LootDataType/]: Couldn't parse element ResourceKey[minecraft:root / minecraft:loot_table]:midgard:blocks/maple_wall_sign - Unknown registry key in ResourceKey[minecraft:root / minecraft:item]: midgard:maple_sign
[15Sept2026 11:40:26.791] [Worker-Main-5/ERROR] [net.minecraft.world.level.storage.loot.LootDataType/]: Couldn't parse element ResourceKey[minecraft:root / minecraft:loot_table]:railways:blocks/track_natures_spirit_redwood_wide - Unknown registry key in ResourceKey[minecraft:root / minecraft:item]: railways:track_natures_spirit_redwood_wide
[15Sept2026 11:40:26.792] [Worker-Main-5/ERROR] [net.minecraft.world.level.storage.loot.LootDataType/]: Couldn't parse element ResourceKey[minecraft:root / minecraft:loot_table]:railways:blocks/track_tfc_sycamore_narrow - Unknown registry key in ResourceKey[minecraft:root / minecraft:item]: railways:track_tfc_sycamore_narrow
[15Sept2026 11:40:26.792] [Worker-Main-5/ERROR] [net.minecraft.world.level.storage.loot.LootDataType/]: Couldn't parse element ResourceKey[minecraft:root / minecraft:loot_table]:railways:blocks/track_tfc_aspen_narrow - Unknown registry key in ResourceKey[minecraft:root / minecraft:item]: railways:track_tfc_aspen_narrow
[15Sept2026 11:40:26.792] [Worker-Main-5/ERROR] [net.minecraft.world.level.storage.loot.LootDataType/]: Couldn't parse element ResourceKey[minecraft:root / minecraft:loot_table]:railways:blocks/track_create_dd_spirit_wide - Unknown registry key in ResourceKey[minecraft:root / minecraft:item]: railways:track_create_dd_spirit_wide
[15Sept2026 11:40:26.792] [Worker-Main-5/ERROR] [net.minecraft.world.level.storage.loot.LootDataType/]: Couldn't parse element ResourceKey[minecraft:root / minecraft:loot_table]:railways:blocks/track_quark_blossom_wide - Unknown registry key in ResourceKey[minecraft:root / minecraft:item]: railways:track_quark_blossom_wide
[15Sept2026 11:40:26.792] [Worker-Main-5/ERROR] [net.minecraft.world.level.storage.loot.LootDataType/]: Couldn't parse element ResourceKey[minecraft:root / minecraft:loot_table]:railways:blocks/track_twilightforest_canopy_wide - Unknown registry key in ResourceKey[minecraft:root / minecraft:item]: railways:track_twilightforest_canopy_wide
[15Sept2026 11:40:26.793] [Worker-Main-5/ERROR] [net.minecraft.world.level.storage.loot.LootDataType/]: Couldn't parse element ResourceKey[minecraft:root / minecraft:loot_table]:railways:blocks/track_byg_ether - Unknown registry key in ResourceKey[minecraft:root / minecraft:item]: railways:track_byg_ether
[15Sept2026 11:40:26.794] [Worker-Main-5/ERROR] [net.minecraft.world.level.storage.loot.LootDataType/]: Couldn't parse element ResourceKey[minecraft:root / minecraft:loot_table]:railways:blocks/track_quark_blossom - Unknown registry key in ResourceKey[minecraft:root / minecraft:item]: railways:track_quark_blossom
[15Sept2026 11:40:26.795] [Worker-Main-5/ERROR] [net.minecraft.world.level.storage.loot.LootDataType/]: Couldn't parse element ResourceKey[minecraft:root / minecraft:loot_table]:tracks:blocks/track_mount - Not a valid resource location: Tracks:track_mount Non [a-z0-9_.-] character in namespace of location: Tracks:track_mount; Not a valid resource location: Tracks:blocks/track_mount Non [a-z0-9_.-] character in namespace of location: Tracks:blocks/track_mount
[15Sept2026 11:40:26.796] [Worker-Main-5/ERROR] [net.minecraft.world.level.storage.loot.LootDataType/]: Couldn't parse element ResourceKey[minecraft:root / minecraft:loot_table]:railways:blocks/track_byg_bulbis - Unknown registry key in ResourceKey[minecraft:root / minecraft:item]: railways:track_byg_bulbis
[15Sept2026 11:40:26.796] [Worker-Main-5/ERROR] [net.minecraft.world.level.storage.loot.LootDataType/]: Couldn't parse element ResourceKey[minecraft:root / minecraft:loot_table]:railways:blocks/track_byg_cypress_narrow - Unknown registry key in ResourceKey[minecraft:root / minecraft:item]: railways:track_byg_cypress_narrow
[15Sept2026 11:40:26.796] [Worker-Main-5/ERROR] [net.minecraft.world.level.storage.loot.LootDataType/]: Couldn't parse element ResourceKey[minecraft:root / minecraft:loot_table]:midgard:blocks/maple_sign - Unknown registry key in ResourceKey[minecraft:root / minecraft:item]: midgard:maple_sign
[15Sept2026 11:40:26.797] [Worker-Main-5/ERROR] [net.minecraft.world.level.storage.loot.LootDataType/]: Couldn't parse element ResourceKey[minecraft:root / minecraft:loot_table]:railways:blocks/track_blue_skies_maple_wide - Unknown registry key in ResourceKey[minecraft:root / minecraft:item]: railways:track_blue_skies_maple_wide
[15Sept2026 11:40:26.798] [Worker-Main-5/ERROR] [net.minecraft.world.level.storage.loot.LootDataType/]: Couldn't parse element ResourceKey[minecraft:root / minecraft:loot_table]:railways:blocks/track_quark_azalea - Unknown registry key in ResourceKey[minecraft:root / minecraft:item]: railways:track_quark_azalea
[15Sept2026 11:40:26.798] [Worker-Main-5/ERROR] [net.minecraft.world.level.storage.loot.LootDataType/]: Couldn't parse element ResourceKey[minecraft:root / minecraft:loot_table]:railways:blocks/track_twilightforest_timewood_wide - Unknown registry key in ResourceKey[minecraft:root / minecraft:item]: railways:track_twilightforest_timewood_wide
[15Sept2026 11:40:26.799] [Worker-Main-5/ERROR] [net.minecraft.world.level.storage.loot.LootDataType/]: Couldn't parse element ResourceKey[minecraft:root / minecraft:loot_table]:railways:blocks/track_twilightforest_transwood - Unknown registry key in ResourceKey[minecraft:root / minecraft:item]: railways:track_twilightforest_transwood
[15Sept2026 11:40:26.800] [Worker-Main-5/ERROR] [net.minecraft.world.level.storage.loot.LootDataType/]: Couldn't parse element ResourceKey[minecraft:root / minecraft:loot_table]:railways:blocks/track_biomesoplenty_redwood_narrow - Unknown registry key in ResourceKey[minecraft:root / minecraft:item]: railways:track_biomesoplenty_redwood_narrow
[15Sept2026 11:40:26.800] [Worker-Main-5/ERROR] [net.minecraft.world.level.storage.loot.LootDataType/]: Couldn't parse element ResourceKey[minecraft:root / minecraft:loot_table]:railways:blocks/track_create_dd_smoked_narrow - Unknown registry key in ResourceKey[minecraft:root / minecraft:item]: railways:track_create_dd_smoked_narrow
[15Sept2026 11:40:27.042] [Worker-Main-5/INFO] [com.sk89q.worldedit.extension.platform.PlatformCommandManager/]: Registering commands with com.sk89q.worldedit.neoforge.NeoForgePlatform
[15Sept2026 11:40:27.396] [Worker-Main-5/ERROR] [net.minecraft.tags.TagLoader/]: Couldn't read tag list minecraft:mineable/axe from minecraft:tags/block/mineable/axe.json in data pack mod/tracks
java.lang.IllegalStateException: Failed to parse either. First: Failed to deserialize object: Entry must be an object!; Second: Failed to parse either. First: Not a valid resource location: Tracks:track_mount Non [a-z0-9_.-] character in namespace of location: Tracks:track_mount; Second: Not a JSON object: "Tracks:track_mount"
	at MC-BOOTSTRAP/datafixerupper@8.0.16/com.mojang.serialization.DataResult$Error.getOrThrow(DataResult.java:287) ~[datafixerupper-8.0.16.jar%23100!/:?]
	at MC-BOOTSTRAP/datafixerupper@8.0.16/com.mojang.serialization.DataResult.getOrThrow(DataResult.java:81) ~[datafixerupper-8.0.16.jar%23100!/:?]
	at TRANSFORMER/minecraft@1.21.1/net.minecraft.tags.TagLoader.load(TagLoader.java:53) ~[server-1.21.1-20240808.144430-srg.jar%23247!/:?]
	at TRANSFORMER/minecraft@1.21.1/net.minecraft.tags.TagLoader.loadAndBuild(TagLoader.java:118) ~[server-1.21.1-20240808.144430-srg.jar%23247!/:?]
	at TRANSFORMER/minecraft@1.21.1/net.minecraft.tags.TagManager.lambda$createLoader$3(TagManager.java:46) ~[server-1.21.1-20240808.144430-srg.jar%23247!/:?]
	at java.base/java.util.concurrent.CompletableFuture$AsyncSupply.run(CompletableFuture.java:1768) [?:?]
	at java.base/java.util.concurrent.CompletableFuture$AsyncSupply.exec(CompletableFuture.java:1760) [?:?]
	at java.base/java.util.concurrent.ForkJoinTask.doExec(ForkJoinTask.java:387) [?:?]
	at java.base/java.util.concurrent.ForkJoinPool$WorkQueue.topLevelExec(ForkJoinPool.java:1312) [?:?]
	at java.base/java.util.concurrent.ForkJoinPool.scan(ForkJoinPool.java:1843) [?:?]
	at java.base/java.util.concurrent.ForkJoinPool.runWorker(ForkJoinPool.java:1808) [?:?]
	at java.base/java.util.concurrent.ForkJoinWorkerThread.run(ForkJoinWorkerThread.java:188) [?:?]
[15Sept2026 11:40:27.442] [Worker-Main-5/ERROR] [net.minecraft.tags.TagLoader/]: Couldn't read tag list minecraft:mineable/pickaxe from minecraft:tags/block/mineable/pickaxe.json in data pack mod/tracks
java.lang.IllegalStateException: Failed to parse either. First: Failed to deserialize object: Entry must be an object!; Second: Failed to parse either. First: Not a valid resource location: Tracks:track_drive_wheel Non [a-z0-9_.-] character in namespace of location: Tracks:track_drive_wheel; Second: Not a JSON object: "Tracks:track_drive_wheel"; Failed to parse either. First: Failed to deserialize object: Entry must be an object!; Second: Failed to parse either. First: Not a valid resource location: Tracks:suspension_track Non [a-z0-9_.-] character in namespace of location: Tracks:suspension_track; Second: Not a JSON object: "Tracks:suspension_track"; Failed to parse either. First: Failed to deserialize object: Entry must be an object!; Second: Failed to parse either. First: Not a valid resource location: Tracks:track_mount Non [a-z0-9_.-] character in namespace of location: Tracks:track_mount; Second: Not a JSON object: "Tracks:track_mount"
	at MC-BOOTSTRAP/datafixerupper@8.0.16/com.mojang.serialization.DataResult$Error.getOrThrow(DataResult.java:287) ~[datafixerupper-8.0.16.jar%23100!/:?]
	at MC-BOOTSTRAP/datafixerupper@8.0.16/com.mojang.serialization.DataResult.getOrThrow(DataResult.java:81) ~[datafixerupper-8.0.16.jar%23100!/:?]
	at TRANSFORMER/minecraft@1.21.1/net.minecraft.tags.TagLoader.load(TagLoader.java:53) ~[server-1.21.1-20240808.144430-srg.jar%23247!/:?]
	at TRANSFORMER/minecraft@1.21.1/net.minecraft.tags.TagLoader.loadAndBuild(TagLoader.java:118) ~[server-1.21.1-20240808.144430-srg.jar%23247!/:?]
	at TRANSFORMER/minecraft@1.21.1/net.minecraft.tags.TagManager.lambda$createLoader$3(TagManager.java:46) ~[server-1.21.1-20240808.144430-srg.jar%23247!/:?]
	at java.base/java.util.concurrent.CompletableFuture$AsyncSupply.run(CompletableFuture.java:1768) [?:?]
	at java.base/java.util.concurrent.CompletableFuture$AsyncSupply.exec(CompletableFuture.java:1760) [?:?]
	at java.base/java.util.concurrent.ForkJoinTask.doExec(ForkJoinTask.java:387) [?:?]
	at java.base/java.util.concurrent.ForkJoinPool$WorkQueue.topLevelExec(ForkJoinPool.java:1312) [?:?]
	at java.base/java.util.concurrent.ForkJoinPool.scan(ForkJoinPool.java:1843) [?:?]
	at java.base/java.util.concurrent.ForkJoinPool.runWorker(ForkJoinPool.java:1808) [?:?]
	at java.base/java.util.concurrent.ForkJoinWorkerThread.run(ForkJoinWorkerThread.java:188) [?:?]
[15Sept2026 11:40:27.538] [Worker-Main-5/ERROR] [net.minecraft.tags.TagLoader/]: Couldn't read tag list create:safe_nbt from create:tags/block/safe_nbt.json in data pack mod/tracks
java.lang.IllegalStateException: Failed to parse either. First: Failed to deserialize object: Entry must be an object!; Second: Failed to parse either. First: Not a valid resource location: Tracks:track_drive_wheel Non [a-z0-9_.-] character in namespace of location: Tracks:track_drive_wheel; Second: Not a JSON object: "Tracks:track_drive_wheel"; Failed to parse either. First: Failed to deserialize object: Entry must be an object!; Second: Failed to parse either. First: Not a valid resource location: Tracks:suspension_track Non [a-z0-9_.-] character in namespace of location: Tracks:suspension_track; Second: Not a JSON object: "Tracks:suspension_track"; Failed to parse either. First: Failed to deserialize object: Entry must be an object!; Second: Failed to parse either. First: Not a valid resource location: Tracks:track_mount Non [a-z0-9_.-] character in namespace of location: Tracks:track_mount; Second: Not a JSON object: "Tracks:track_mount"
	at MC-BOOTSTRAP/datafixerupper@8.0.16/com.mojang.serialization.DataResult$Error.getOrThrow(DataResult.java:287) ~[datafixerupper-8.0.16.jar%23100!/:?]
	at MC-BOOTSTRAP/datafixerupper@8.0.16/com.mojang.serialization.DataResult.getOrThrow(DataResult.java:81) ~[datafixerupper-8.0.16.jar%23100!/:?]
	at TRANSFORMER/minecraft@1.21.1/net.minecraft.tags.TagLoader.load(TagLoader.java:53) ~[server-1.21.1-20240808.144430-srg.jar%23247!/:?]
	at TRANSFORMER/minecraft@1.21.1/net.minecraft.tags.TagLoader.loadAndBuild(TagLoader.java:118) ~[server-1.21.1-20240808.144430-srg.jar%23247!/:?]
	at TRANSFORMER/minecraft@1.21.1/net.minecraft.tags.TagManager.lambda$createLoader$3(TagManager.java:46) ~[server-1.21.1-20240808.144430-srg.jar%23247!/:?]
	at java.base/java.util.concurrent.CompletableFuture$AsyncSupply.run(CompletableFuture.java:1768) [?:?]
	at java.base/java.util.concurrent.CompletableFuture$AsyncSupply.exec(CompletableFuture.java:1760) [?:?]
	at java.base/java.util.concurrent.ForkJoinTask.doExec(ForkJoinTask.java:387) [?:?]
	at java.base/java.util.concurrent.ForkJoinPool$WorkQueue.topLevelExec(ForkJoinPool.java:1312) [?:?]
	at java.base/java.util.concurrent.ForkJoinPool.scan(ForkJoinPool.java:1843) [?:?]
	at java.base/java.util.concurrent.ForkJoinPool.runWorker(ForkJoinPool.java:1808) [?:?]
	at java.base/java.util.concurrent.ForkJoinWorkerThread.run(ForkJoinWorkerThread.java:188) [?:?]
[15Sept2026 11:40:27.858] [main/ERROR] [net.minecraft.world.item.crafting.RecipeManager/]: Parsing error loading recipe midgard:malachite_from_block: com.google.gson.JsonParseException: Failed to parse either. First: Not a json array: {"item":"midgard:malachite_block"}; Second: No key tag in MapLike[{"item":"midgard:malachite_block"}]; Unknown registry key in ResourceKey[minecraft:root / minecraft:item]: midgard:malachite_block; No ingredients for shapeless recipe; Unknown registry key in ResourceKey[minecraft:root / minecraft:item]: midgard:malachite
[15Sept2026 11:40:27.879] [main/ERROR] [net.minecraft.world.item.crafting.RecipeManager/]: Parsing error loading recipe createdeco:placard: com.google.gson.JsonParseException: Failed to parse either. First: Not a json array: {"id":"minecraft:white_dye"}; Second: No key tag in MapLike[{"id":"minecraft:white_dye"}]; No key item in MapLike[{"id":"minecraft:white_dye"}]
[15Sept2026 11:40:27.930] [main/ERROR] [net.minecraft.world.item.crafting.RecipeManager/]: Parsing error loading recipe s_a_b:glassarmor: com.google.gson.JsonParseException: Unknown registry key in ResourceKey[minecraft:root / minecraft:item]: s_a_b:deleted_mod_element
[15Sept2026 11:40:27.946] [main/ERROR] [net.minecraft.world.item.crafting.RecipeManager/]: Parsing error loading recipe midgard:malachite_block: com.google.gson.JsonParseException: Unknown registry key in ResourceKey[minecraft:root / minecraft:item]: midgard:malachite_block; Map entry '#' : Failed to parse either. First: Not a json array: {"item":"midgard:malachite"}; Second: No key tag in MapLike[{"item":"midgard:malachite"}]; Unknown registry key in ResourceKey[minecraft:root / minecraft:item]: midgard:malachite
[15Sept2026 11:40:27.985] [main/INFO] [net.minecraft.world.item.crafting.RecipeManager/]: Loaded 10841 recipes
[15Sept2026 11:40:28.295] [main/INFO] [net.minecraft.advancements.AdvancementTree/]: Loaded 8319 advancements
[15Sept2026 11:40:28.301] [main/INFO] [Curios API/]: Loaded 14 curio slots
[15Sept2026 11:40:28.304] [main/INFO] [Curios API/]: Loaded 2 curio entities
[15Sept2026 11:40:28.414] [main/INFO] [minecolonies/]: Beginning load of custom recipes for colony workers
[15Sept2026 11:40:28.425] [main/INFO] [minecolonies/]: Loaded 162 recipes for 16 crafters
[15Sept2026 11:40:28.425] [main/INFO] [minecolonies/]: Research loading...
[15Sept2026 11:40:28.436] [main/INFO] [minecolonies/]: Research loaded. Located 4 branches, 206 researches and 101 effects.
[15Sept2026 11:40:28.438] [main/INFO] [minecolonies/]: Loading quests from data
[15Sept2026 11:40:28.443] [main/INFO] [minecolonies/]: Finished loading quests from data
[15Sept2026 11:40:28.443] [main/WARN] [minecolonies/]: Read 3 items with their nbt keys for compatibility.
[15Sept2026 11:40:28.445] [main/WARN] [minecolonies/]: Read 1636 items with their nbt keys for compatibility.
[15Sept2026 11:40:28.445] [main/INFO] [minecolonies/]: [Study items Loader]: Starting reload...
[15Sept2026 11:40:28.446] [main/INFO] [minecolonies/]: [Study items Loader]: Finished reloading. 2 entries created.
[15Sept2026 11:40:28.451] [main/INFO] [com.drmangotea.tfmg.TFMG/]: Added 8 Engine Fuel Types
[15Sept2026 11:40:28.451] [main/INFO] [Create cobblestone NeoForge/]: Generator types cleared
[15Sept2026 11:40:28.451] [main/INFO] [Create cobblestone NeoForge/]: Loading generator types from datapacks
[15Sept2026 11:40:28.453] [main/INFO] [Create cobblestone NeoForge/]: Generator types loading done
[15Sept2026 11:40:28.459] [main/ERROR] [dev.ryanhcode.sable.Sable/]: DataResult.Error['No key dimension in MapLike[{"block":"linearbearing:mechanical_linear_moving","physics_properties":{"universal_drag":0.09,"apply_kinetic_force":true,"force_modifier":100.0,"axis_alignment":"facing"}}]']
[15Sept2026 11:40:28.459] [main/ERROR] [dev.ryanhcode.sable.Sable/]: Error while loading dimension data "linearbearing:mechanical_linear_moving" : No key dimension in MapLike[{"block":"linearbearing:mechanical_linear_moving","physics_properties":{"universal_drag":0.09,"apply_kinetic_force":true,"force_modifier":100.0,"axis_alignment":"facing"}}] 
[15Sept2026 11:40:28.463] [main/WARN] [dev.propulsionteam.propulsionsimulated.content.thruster.ThrusterFuelManager/]: [createpropulsion] Ignoring fuel config override for 'mekanismgenerators:bioethanol': fluid is not registered.
[15Sept2026 11:40:28.463] [main/WARN] [dev.propulsionteam.propulsionsimulated.content.thruster.ThrusterFuelManager/]: [createpropulsion] Ignoring fuel config override for 'createdieselgenerators:biodiesel': fluid is not registered.
[15Sept2026 11:40:28.463] [main/WARN] [dev.propulsionteam.propulsionsimulated.content.thruster.ThrusterFuelManager/]: [createpropulsion] Ignoring fuel config override for 'immersiveengineering:ethanol': fluid is not registered.
[15Sept2026 11:40:28.463] [main/WARN] [dev.propulsionteam.propulsionsimulated.content.thruster.ThrusterFuelManager/]: [createpropulsion] Ignoring fuel config override for 'stellaris:diesel': fluid is not registered.
[15Sept2026 11:40:28.463] [main/WARN] [dev.propulsionteam.propulsionsimulated.content.thruster.ThrusterFuelManager/]: [createpropulsion] Ignoring fuel config override for 'createdieselgenerators:plant_oil': fluid is not registered.
[15Sept2026 11:40:28.463] [main/WARN] [dev.propulsionteam.propulsionsimulated.content.thruster.ThrusterFuelManager/]: [createpropulsion] Ignoring fuel config override for 'mekanism:hydrogen': fluid is not registered.
[15Sept2026 11:40:28.463] [main/WARN] [dev.propulsionteam.propulsionsimulated.content.thruster.ThrusterFuelManager/]: [createpropulsion] Ignoring fuel config override for 'immersiveengineering:biodiesel': fluid is not registered.
[15Sept2026 11:40:28.463] [main/WARN] [dev.propulsionteam.propulsionsimulated.content.thruster.ThrusterFuelManager/]: [createpropulsion] Ignoring fuel config override for 'northstar:methane': fluid is not registered.
[15Sept2026 11:40:28.463] [main/WARN] [dev.propulsionteam.propulsionsimulated.content.thruster.ThrusterFuelManager/]: [createpropulsion] Ignoring fuel config override for 'northstar:hydrocarbon': fluid is not registered.
[15Sept2026 11:40:28.463] [main/WARN] [dev.propulsionteam.propulsionsimulated.content.thruster.ThrusterFuelManager/]: [createpropulsion] Ignoring fuel config override for 'stellaris:fuel': fluid is not registered.
[15Sept2026 11:40:28.463] [main/WARN] [dev.propulsionteam.propulsionsimulated.content.thruster.ThrusterFuelManager/]: [createpropulsion] Ignoring fuel config override for 'immersiveengineering:plantoil': fluid is not registered.
[15Sept2026 11:40:28.463] [main/WARN] [dev.propulsionteam.propulsionsimulated.content.thruster.ThrusterFuelManager/]: [createpropulsion] Ignoring fuel config override for 'createdieselgenerators:diesel': fluid is not registered.
[15Sept2026 11:40:28.463] [main/WARN] [dev.propulsionteam.propulsionsimulated.content.thruster.ThrusterFuelManager/]: [createpropulsion] Ignoring fuel config override for 'immersivepetroleum:diesel_sulfur': fluid is not registered.
[15Sept2026 11:40:28.463] [main/WARN] [dev.propulsionteam.propulsionsimulated.content.thruster.ThrusterFuelManager/]: [createpropulsion] Ignoring fuel config override for 'northstar:biofuel': fluid is not registered.
[15Sept2026 11:40:28.463] [main/WARN] [dev.propulsionteam.propulsionsimulated.content.thruster.ThrusterFuelManager/]: [createpropulsion] Ignoring fuel config override for 'createdieselgenerators:ethanol': fluid is not registered.
[15Sept2026 11:40:28.463] [main/WARN] [dev.propulsionteam.propulsionsimulated.content.thruster.ThrusterFuelManager/]: [createpropulsion] Ignoring fuel config override for 'immersiveengineering:high_power_biodiesel': fluid is not registered.
[15Sept2026 11:40:28.463] [main/WARN] [dev.propulsionteam.propulsionsimulated.content.thruster.ThrusterFuelManager/]: [createpropulsion] Ignoring fuel config override for 'createdieselgenerators:gasoline': fluid is not registered.
[15Sept2026 11:40:28.463] [main/WARN] [dev.propulsionteam.propulsionsimulated.content.thruster.ThrusterFuelManager/]: [createpropulsion] Ignoring fuel config override for 'northstar:liquid_hydrogen': fluid is not registered.
[15Sept2026 11:40:28.463] [main/INFO] [dev.propulsionteam.propulsionsimulated.content.thruster.ThrusterFuelManager/]: [createpropulsion] Thruster fuel reload (datapack_reload) complete: datapackParsed=5, datapackSkippedMissingMod=19, datapackSkippedMissingFluid=0, configAdded=4, configOverridden=0, configMissingFluid=18, mergedDatapackAndConfig=9, scriptedOverrides=0, removed=0
[15Sept2026 11:40:28.907] [main/INFO] [rechiseled/]: Loaded 66 chiseling recipes
[15Sept2026 11:40:29.602] [main/WARN] [ModernFix/]: Initial datapack load took 4.040 s
[15Sept2026 11:40:29.724] [Server thread/INFO] [net.minecraft.server.dedicated.DedicatedServer/]: Starting minecraft server version 1.21.1
[15Sept2026 11:40:29.725] [Server thread/INFO] [net.minecraft.server.dedicated.DedicatedServer/]: Loading properties
[15Sept2026 11:40:29.725] [Server thread/INFO] [net.minecraft.server.dedicated.DedicatedServer/]: Default game type: SURVIVAL
[15Sept2026 11:40:29.725] [Server thread/INFO] [net.minecraft.server.MinecraftServer/]: Generating keypair
[15Sept2026 11:40:29.759] [Server thread/INFO] [net.minecraft.server.dedicated.DedicatedServer/]: Starting Minecraft server on *:25565
[15Sept2026 11:40:29.786] [Server thread/INFO] [dev.ryanhcode.sable.Sable/]: Adding UDP server channel future
[15Sept2026 11:40:29.813] [Netty Epoll Server IO #0/INFO] [dev.ryanhcode.sable.Sable/]: Server UDP channel active
[15Sept2026 11:40:29.814] [Server thread/INFO] [net.minecraft.server.network.ServerConnectionListener/]: Using epoll channel type
[15Sept2026 11:40:29.829] [Server thread/INFO] [net.petemc.undeadnights.UndeadNights/]: Loading undeadnights server config
[15Sept2026 11:40:29.839] [Server thread/INFO] [Puzzles Lib/]: Dispatching loading event for config magnumtorch-server.toml
[15Sept2026 11:40:29.899] [Server thread/INFO] [DistantHorizons-DistantHorizons-com.seibel.distanthorizons.core.config.ConfigHandler/]: Initialising config for [DistantHorizons]
[15Sept2026 11:40:29.952] [Server thread/INFO] [DistantHorizons-DistantHorizons-com.seibel.distanthorizons.core.config.ConfigHandler/]: [DistantHorizons] Config initialised
[15Sept2026 11:40:29.963] [Server thread/INFO] [DistantHorizons-DistantHorizons-com.seibel.distanthorizons.core.config.eventHandlers.IgnoredDimensionCsvHandler/]: Dimension ignoring disabled, DH will render all dimensions.
[15Sept2026 11:40:29.963] [Server thread/INFO] [com.seibel.distanthorizons.core.logging.DhLogger/]: Applying config to loggers
[15Sept2026 11:40:29.963] [Server thread/INFO] [DistantHorizons-DistantHorizons-com.seibel.distanthorizons.core.Initializer/]: Garbage collectors: [G1 Young Generation, G1 Concurrent GC, G1 Old Generation]
[15Sept2026 11:40:29.963] [Server thread/WARN] [DistantHorizons-DistantHorizons-com.seibel.distanthorizons.core.Initializer/]: Distant Horizons: G1 Garbage collector detected.
This can cause FPS stuttering. 
It's recommended to use a concurrent garbage collector 
like ZGC (Java 21+) or Shenandoah (Java 8 through 17) 
for a smoother experience.
[15Sept2026 11:40:29.966] [Server thread/INFO] [DistantHorizons-DistantHorizons-com.seibel.distanthorizons.common.AbstractModInitializer_neoforge/]: Running Delayed setup...
[15Sept2026 11:40:29.966] [Server thread/INFO] [DistantHorizons-DistantHorizons-com.seibel.distanthorizons.common.AbstractModInitializer_neoforge/]: Delayed setup complete, firing DhApiAfterDhInitEvent event...
[15Sept2026 11:40:29.974] [Server thread/INFO] [DistantHorizons-DistantHorizons-com.seibel.distanthorizons.core.jar.updater.SelfUpdater/]: Checking for Distant Horizons update
[15Sept2026 11:40:30.201] [Server thread/INFO] [DistantHorizons-DistantHorizons-com.seibel.distanthorizons.core.jar.updater.SelfUpdater/]: New version (3.2.0-b) of Distant Horizons is available
[15Sept2026 11:40:30.201] [Server thread/INFO] [DistantHorizons-DistantHorizons-com.seibel.distanthorizons.core.jar.updater.SelfUpdater/]: Download link: https://cdn.modrinth.com/data/uCdwusMi/versions/ZpKb4kZp/DistantHorizons-3.2.0-b-1.21.1-fabric-neoforge.jar
[15Sept2026 11:40:30.201] [Server thread/INFO] [DistantHorizons-DistantHorizons-com.seibel.distanthorizons.common.AbstractModInitializer_neoforge/]: Distant Horizons server Initialized at 
[15Sept2026 11:40:30.209] [Server thread/INFO] [DistantHorizons-DistantHorizons-com.seibel.distanthorizons.core.world.AbstractDhWorld/]: Started [DhServerWorld] of type [SERVER_ONLY].
[15Sept2026 11:40:30.213] [Server thread/INFO] [citadel/]: [Citadel] SurfaceRuleInitializer: Starting initialization...
[15Sept2026 11:40:30.214] [Server thread/INFO] [citadel/]: [Citadel] OVERWORLD rules registered: false
[15Sept2026 11:40:30.214] [Server thread/INFO] [citadel/]: [Citadel] Processing dimension: minecraft:the_nether
[15Sept2026 11:40:30.214] [Server thread/INFO] [citadel/]: [Citadel] Processing dimension: minecraft:the_end
[15Sept2026 11:40:30.214] [Server thread/INFO] [citadel/]: [Citadel] Processing dimension: minecraft:overworld
[15Sept2026 11:40:30.214] [Server thread/INFO] [citadel/]: [Citadel] SurfaceRuleInitializer: Initialization complete.
[15Sept2026 11:40:30.214] [Server thread/INFO] [net.minecraft.server.dedicated.DedicatedServer/]: Preparing level "world"
[15Sept2026 11:40:30.230] [Server thread/INFO] [CheckedThreadLocalRandom/]: Enforcing safe world random access
[15Sept2026 11:40:30.347] [Server thread/INFO] [dev.ryanhcode.sable.Sable/]: Assigned physics scene ID 0 to minecraft:overworld
[15Sept2026 11:40:30.414] [Server thread/INFO] [dev.playcdu.shtreimel.Shtreimel/]: Shtreimel bound to Sable container in minecraft:overworld
[15Sept2026 11:40:30.466] [Server thread/WARN] [mixin/]: Static binding violation: PRIVATE @Overwrite method readChunk in c2me-rewrites-chunk-system.mixins.json:async_serialization.MixinThreadedAnvilChunkStorage from mod c2me_rewrites_chunk_system cannot reduce visibiliy of PUBLIC target method, visibility will be upgraded.
[15Sept2026 11:40:31.506] [Server thread/INFO] [com.ishland.c2me.opts.dfc.common.ast.integration.lithostitched.AxisBindings/]: Bound to lithostitched dev.worldgen.lithostitched.impl.worldgen.densityfunction.AxisDensityFunction
[15Sept2026 11:40:31.506] [Server thread/INFO] [com.ishland.c2me.opts.dfc.common.ast.integration.lithostitched.CeilBindings/]: Bound to lithostitched dev.worldgen.lithostitched.impl.worldgen.densityfunction.CeilDensityFunction
[15Sept2026 11:40:31.507] [Server thread/INFO] [com.ishland.c2me.opts.dfc.common.ast.integration.lithostitched.CosBindings/]: Bound to lithostitched dev.worldgen.lithostitched.impl.worldgen.densityfunction.CosDensityFunction
[15Sept2026 11:40:31.508] [Server thread/WARN] [com.ishland.c2me.base.common.integration.lithostitched.FastNoiseBindings/]: Failed to bind to lithostitched dev.worldgen.lithostitched.impl.worldgen.densityfunction.FastNoiseDensityFunction
java.lang.ClassNotFoundException: dev.worldgen.lithostitched.impl.worldgen.densityfunction.FastNoiseDensityFunction
	at cpw.mods.securejarhandler/cpw.mods.cl.ModuleClassLoader.loadClass(ModuleClassLoader.java:220) ~[securejarhandler-3.0.8.jar:?]
	at java.base/java.lang.ClassLoader.loadClass(ClassLoader.java:526) ~[?:?]
	at java.base/java.lang.Class.forName0(Native Method) ~[?:?]
	at java.base/java.lang.Class.forName(Class.java:423) ~[?:?]
	at java.base/java.lang.Class.forName(Class.java:414) ~[?:?]
	at TRANSFORMER/c2me_base@0.4.0-alpha.0.120+1.21.1/com.ishland.c2me.base.common.integration.lithostitched.FastNoiseBindings.<clinit>(FastNoiseBindings.java:65) ~[c2me-neoforge-base-mc1.21.1-0.4.0-alpha.0.120-all.jar%23522!/:?]
	at TRANSFORMER/c2me_opts_dfc@0.4.0-alpha.0.120+1.21.1/com.ishland.c2me.opts.dfc.common.ast.integration.lithostitched.FastNoiseBindings.register(FastNoiseBindings.java:41) ~[c2me-neoforge-opts-dfc-mc1.21.1-0.4.0-alpha.0.120.jar%23526!/:?]
	at TRANSFORMER/c2me_opts_dfc@0.4.0-alpha.0.120+1.21.1/com.ishland.c2me.opts.dfc.common.ast.McToAst.<clinit>(McToAst.java:203) ~[c2me-neoforge-opts-dfc-mc1.21.1-0.4.0-alpha.0.120.jar%23526!/:?]
	at TRANSFORMER/c2me_opts_dfc@0.4.0-alpha.0.120+1.21.1/com.ishland.c2me.opts.dfc.common.gen.jvm.BytecodeGen$Context.lambda$optimizeCached$0(BytecodeGen.java:866) ~[c2me-neoforge-opts-dfc-mc1.21.1-0.4.0-alpha.0.120.jar%23526!/:?]
	at java.base/java.util.Map.computeIfAbsent(Map.java:1066) ~[?:?]
	at TRANSFORMER/c2me_opts_dfc@0.4.0-alpha.0.120+1.21.1/com.ishland.c2me.opts.dfc.common.gen.jvm.BytecodeGen$Context.optimizeCached(BytecodeGen.java:866) ~[c2me-neoforge-opts-dfc-mc1.21.1-0.4.0-alpha.0.120.jar%23526!/:?]
	at TRANSFORMER/c2me_opts_dfc@0.4.0-alpha.0.120+1.21.1/com.ishland.c2me.opts.dfc.common.gen.jvm.BytecodeGen$Context.compileDelayed(BytecodeGen.java:881) ~[c2me-neoforge-opts-dfc-mc1.21.1-0.4.0-alpha.0.120.jar%23526!/:?]
	at TRANSFORMER/minecraft@1.21.1/net.minecraft.world.level.levelgen.RandomState.handler$zgh000$c2me_opts_dfc$postCreate(RandomState.java:568) ~[server-1.21.1-20240808.144430-srg.jar%23247!/:?]
	at TRANSFORMER/minecraft@1.21.1/net.minecraft.world.level.levelgen.RandomState.<init>(RandomState.java:122) ~[server-1.21.1-20240808.144430-srg.jar%23247!/:?]
	at TRANSFORMER/minecraft@1.21.1/net.minecraft.world.level.levelgen.RandomState.create(RandomState.java:33) ~[server-1.21.1-20240808.144430-srg.jar%23247!/:?]
	at TRANSFORMER/minecraft@1.21.1/net.minecraft.server.level.ChunkMap.mixinextras$bridge$create$173(ChunkMap.java) ~[server-1.21.1-20240808.144430-srg.jar%23247!/:?]
	at TRANSFORMER/minecraft@1.21.1/net.minecraft.server.level.ChunkMap.wrapOperation$zlg000$lithostitched$wrapNoiseRouter(ChunkMap.java:1465) ~[server-1.21.1-20240808.144430-srg.jar%23247!/:?]
	at TRANSFORMER/minecraft@1.21.1/net.minecraft.server.level.ChunkMap.wrapOperation$zlg000$lithostitched$wrapNoiseRouter$mixinextras$bridge$155(ChunkMap.java) ~[server-1.21.1-20240808.144430-srg.jar%23247!/:?]
	at TRANSFORMER/minecraft@1.21.1/net.minecraft.server.level.ChunkMap.<init>(ChunkMap.java:172) ~[server-1.21.1-20240808.144430-srg.jar%23247!/:?]
	at TRANSFORMER/minecraft@1.21.1/net.minecraft.server.level.ServerChunkCache.<init>(ServerChunkCache.java:88) ~[server-1.21.1-20240808.144430-srg.jar%23247!/:?]
	at TRANSFORMER/minecraft@1.21.1/net.minecraft.server.level.ServerLevel.<init>(ServerLevel.java:262) ~[server-1.21.1-20240808.144430-srg.jar%23247!/:?]
	at TRANSFORMER/minecraft@1.21.1/net.minecraft.server.MinecraftServer.createLevels(MinecraftServer.java:367) ~[server-1.21.1-20240808.144430-srg.jar%23247!/:?]
	at TRANSFORMER/minecraft@1.21.1/net.minecraft.server.MinecraftServer.loadLevel(MinecraftServer.java:337) ~[server-1.21.1-20240808.144430-srg.jar%23247!/:?]
	at TRANSFORMER/minecraft@1.21.1/net.minecraft.server.dedicated.DedicatedServer.initServer(DedicatedServer.java:193) ~[server-1.21.1-20240808.144430-srg.jar%23247!/:?]
	at TRANSFORMER/minecraft@1.21.1/net.minecraft.server.MinecraftServer.runServer(MinecraftServer.java:670) ~[server-1.21.1-20240808.144430-srg.jar%23247!/:?]
	at TRANSFORMER/minecraft@1.21.1/net.minecraft.server.MinecraftServer.lambda$spin$2(MinecraftServer.java:267) ~[server-1.21.1-20240808.144430-srg.jar%23247!/:?]
	at java.base/java.lang.Thread.run(Thread.java:1583) [?:?]
[15Sept2026 11:40:31.509] [Server thread/INFO] [com.ishland.c2me.opts.dfc.common.ast.integration.lithostitched.FloorBindings/]: Bound to lithostitched dev.worldgen.lithostitched.impl.worldgen.densityfunction.FloorDensityFunction
[15Sept2026 11:40:31.509] [Server thread/INFO] [com.ishland.c2me.opts.dfc.common.ast.integration.lithostitched.MixBindings/]: Bound to lithostitched dev.worldgen.lithostitched.impl.worldgen.densityfunction.MixDensityFunction
[15Sept2026 11:40:31.510] [Server thread/INFO] [com.ishland.c2me.opts.dfc.common.ast.integration.lithostitched.SelectBindings/]: Bound to lithostitched dev.worldgen.lithostitched.impl.worldgen.densityfunction.SelectDensityFunction
[15Sept2026 11:40:31.511] [Server thread/INFO] [com.ishland.c2me.opts.dfc.common.ast.integration.lithostitched.ShiftBindings/]: Bound to lithostitched dev.worldgen.lithostitched.impl.worldgen.densityfunction.ShiftDensityFunction
[15Sept2026 11:40:31.511] [Server thread/INFO] [com.ishland.c2me.opts.dfc.common.ast.integration.lithostitched.SinBindings/]: Bound to lithostitched dev.worldgen.lithostitched.impl.worldgen.densityfunction.SinDensityFunction
[15Sept2026 11:40:31.512] [Server thread/INFO] [com.ishland.c2me.opts.dfc.common.ast.integration.lithostitched.SqrtBindings/]: Bound to lithostitched dev.worldgen.lithostitched.impl.worldgen.densityfunction.SqrtDensityFunction
[15Sept2026 11:40:31.512] [Server thread/INFO] [com.ishland.c2me.opts.dfc.common.ast.integration.tectonic.ConfigClampBindings/]: Bound to tectonic dev.worldgen.tectonic.worldgen.densityfunction.ConfigClamp
[15Sept2026 11:40:31.513] [Server thread/INFO] [com.ishland.c2me.opts.dfc.common.ast.integration.tectonic.ConfigNoiseBindings/]: Bound to tectonic dev.worldgen.tectonic.worldgen.densityfunction.ConfigNoise
[15Sept2026 11:40:31.513] [Server thread/INFO] [com.ishland.c2me.opts.dfc.common.ast.integration.tectonic.InvertBindings/]: Bound to tectonic dev.worldgen.tectonic.worldgen.densityfunction.Invert
[15Sept2026 11:40:34.137] [Server thread/INFO] [STDOUT/]: [net.minecraft.world.level.levelgen.RandomState:handler$zgh000$c2me_opts_dfc$postCreate:599]: Density function compilation finished in 2.664 s
[15Sept2026 11:40:34.179] [Server thread/INFO] [TheSpeedyObjectFactory/]: Using TheSpeedyObjectFactory with Unsafe
[15Sept2026 11:40:34.414] [DH-Full Data Migration Thread[0]/INFO] [DistantHorizons-DistantHorizons-com.seibel.distanthorizons.core.file.fullDatafile.V2.DataMigratorV1/]: No migration necessary.
[15Sept2026 11:40:34.415] [Server thread/INFO] [DistantHorizons-DistantHorizons-com.seibel.distanthorizons.core.level.AbstractDhServerLevel/]: Started DhServerLevel for [Wrapped{ServerLevel[world]@minecraft:overworld}] at [[LocalSaveStructure@(./world/data)]].
[15Sept2026 11:40:34.418] [Server thread/INFO] [dev.ryanhcode.sable.Sable/]: Assigned physics scene ID 1 to minecraft:the_nether
[15Sept2026 11:40:34.459] [Server thread/INFO] [dev.playcdu.shtreimel.Shtreimel/]: Shtreimel bound to Sable container in minecraft:the_nether
[15Sept2026 11:40:34.484] [Server thread/INFO] [STDOUT/]: [net.minecraft.world.level.levelgen.RandomState:handler$zgh000$c2me_opts_dfc$postCreate:599]: Density function compilation finished in 13.39 ms
[15Sept2026 11:40:34.969] [DH-Request Module Ticker [minecraft:overworld] Thread[0]/INFO] [DistantHorizons-LOD World Gen/]: C2ME detected: DH's pre-existing chunk accessing will use methods handled by C2ME.
[15Sept2026 11:40:34.969] [DH-Request Module Ticker [minecraft:overworld] Thread[0]/INFO] [DistantHorizons-DistantHorizons-com.seibel.distanthorizons.core.generation.BatchGenerator/]: Batch Chunk Generator initialized
[15Sept2026 11:40:34.972] [DH-Request Module Ticker [minecraft:overworld] Thread[0]/INFO] [DistantHorizons-DistantHorizons-com.seibel.distanthorizons.core.generation.queues.WorldGenerationQueue/]: Creating world gen queue
[15Sept2026 11:40:34.972] [DH-Request Module Ticker [minecraft:overworld] Thread[0]/INFO] [DistantHorizons-DistantHorizons-com.seibel.distanthorizons.core.generation.queues.WorldGenerationQueue/]: Created world gen queue
[15Sept2026 11:40:34.977] [DH-Request Module Ticker [minecraft:overworld] Thread[0]/INFO] [DistantHorizons-DistantHorizons-com.seibel.distanthorizons.core.file.fullDatafile.GeneratedFullDataSourceProvider/]: Set world gen queue for level [minecraft:overworld].
[15Sept2026 11:40:36.065] [DH-Full Data Migration Thread[0]/INFO] [DistantHorizons-DistantHorizons-com.seibel.distanthorizons.core.file.fullDatafile.V2.DataMigratorV1/]: No migration necessary.
[15Sept2026 11:40:36.078] [Server thread/INFO] [DistantHorizons-DistantHorizons-com.seibel.distanthorizons.core.level.AbstractDhServerLevel/]: Started DhServerLevel for [Wrapped{ServerLevel[world]@minecraft:the_nether}] at [[LocalSaveStructure@(./world/data;./world/DIM-1/data)]].
[15Sept2026 11:40:36.079] [Server thread/INFO] [dev.ryanhcode.sable.Sable/]: Assigned physics scene ID 2 to minecraft:the_end
[15Sept2026 11:40:36.129] [Server thread/INFO] [dev.playcdu.shtreimel.Shtreimel/]: Shtreimel bound to Sable container in minecraft:the_end
[15Sept2026 11:40:36.140] [Server thread/INFO] [STDOUT/]: [net.minecraft.world.level.levelgen.RandomState:handler$zgh000$c2me_opts_dfc$postCreate:599]: Density function compilation finished in 7.365 ms
[15Sept2026 11:40:36.165] [DH-Full Data Migration Thread[0]/INFO] [DistantHorizons-DistantHorizons-com.seibel.distanthorizons.core.file.fullDatafile.V2.DataMigratorV1/]: No migration necessary.
[15Sept2026 11:40:36.177] [Server thread/INFO] [DistantHorizons-DistantHorizons-com.seibel.distanthorizons.core.level.AbstractDhServerLevel/]: Started DhServerLevel for [Wrapped{ServerLevel[world]@minecraft:the_end}] at [[LocalSaveStructure@(./world/DIM1/data;./world/data;./world/DIM-1/data)]].
[15Sept2026 11:40:36.180] [Server thread/INFO] [net.minecraft.server.MinecraftServer/]: Preparing start region for dimension minecraft:overworld
[15Sept2026 11:40:36.398] [c2me-worker-2/INFO] [net.minecraft.server.level.progress.LoggerChunkProgressListener/]: Preparing spawn area: 0%
[15Sept2026 11:40:36.588] [DH-Request Module Ticker [minecraft:the_nether] Thread[0]/INFO] [DistantHorizons-LOD World Gen/]: C2ME detected: DH's pre-existing chunk accessing will use methods handled by C2ME.
[15Sept2026 11:40:36.588] [DH-Request Module Ticker [minecraft:the_nether] Thread[0]/INFO] [DistantHorizons-DistantHorizons-com.seibel.distanthorizons.core.generation.BatchGenerator/]: Batch Chunk Generator initialized
[15Sept2026 11:40:36.588] [DH-Request Module Ticker [minecraft:the_nether] Thread[0]/INFO] [DistantHorizons-DistantHorizons-com.seibel.distanthorizons.core.generation.queues.WorldGenerationQueue/]: Creating world gen queue
[15Sept2026 11:40:36.588] [DH-Request Module Ticker [minecraft:the_nether] Thread[0]/INFO] [DistantHorizons-DistantHorizons-com.seibel.distanthorizons.core.generation.queues.WorldGenerationQueue/]: Created world gen queue
[15Sept2026 11:40:36.589] [DH-Request Module Ticker [minecraft:the_nether] Thread[0]/INFO] [DistantHorizons-DistantHorizons-com.seibel.distanthorizons.core.file.fullDatafile.GeneratedFullDataSourceProvider/]: Set world gen queue for level [minecraft:the_nether].
[15Sept2026 11:40:36.686] [DH-Request Module Ticker [minecraft:the_end] Thread[0]/INFO] [DistantHorizons-LOD World Gen/]: C2ME detected: DH's pre-existing chunk accessing will use methods handled by C2ME.
[15Sept2026 11:40:36.686] [DH-Request Module Ticker [minecraft:the_end] Thread[0]/INFO] [DistantHorizons-DistantHorizons-com.seibel.distanthorizons.core.generation.BatchGenerator/]: Batch Chunk Generator initialized
[15Sept2026 11:40:36.687] [DH-Request Module Ticker [minecraft:the_end] Thread[0]/INFO] [DistantHorizons-DistantHorizons-com.seibel.distanthorizons.core.generation.queues.WorldGenerationQueue/]: Creating world gen queue
[15Sept2026 11:40:36.687] [DH-Request Module Ticker [minecraft:the_end] Thread[0]/INFO] [DistantHorizons-DistantHorizons-com.seibel.distanthorizons.core.generation.queues.WorldGenerationQueue/]: Created world gen queue
[15Sept2026 11:40:36.687] [DH-Request Module Ticker [minecraft:the_end] Thread[0]/INFO] [DistantHorizons-DistantHorizons-com.seibel.distanthorizons.core.file.fullDatafile.GeneratedFullDataSourceProvider/]: Set world gen queue for level [minecraft:the_end].
[15Sept2026 11:40:36.705] [c2me-worker-3/INFO] [net.minecraft.server.level.progress.LoggerChunkProgressListener/]: Preparing spawn area: 18%
[15Sept2026 11:40:36.870] [Server thread/INFO] [net.minecraft.server.level.progress.LoggerChunkProgressListener/]: Time elapsed: 689 ms
[15Sept2026 11:40:36.870] [Server thread/INFO] [net.minecraft.server.dedicated.DedicatedServer/]: Done (7.043s)! For help, type "help"
[15Sept2026 11:40:36.870] [Server thread/INFO] [net.minecraft.server.dedicated.DedicatedServer/]: Starting GS4 status listener
[15Sept2026 11:40:36.876] [Server thread/WARN] [net.minecraft.server.rcon.thread.QueryThreadGs4/]: Unable to initialise query system on 0.0.0.0:25565
java.net.BindException: Address already in use
	at java.base/sun.nio.ch.Net.bind0(Native Method) ~[?:?]
	at java.base/sun.nio.ch.Net.bind(Net.java:577) ~[?:?]
	at java.base/sun.nio.ch.DatagramChannelImpl.bindInternal(DatagramChannelImpl.java:1329) ~[?:?]
	at java.base/sun.nio.ch.DatagramChannelImpl.bind(DatagramChannelImpl.java:1299) ~[?:?]
	at java.base/sun.nio.ch.DatagramSocketAdaptor.bind(DatagramSocketAdaptor.java:108) ~[?:?]
	at java.base/java.net.DatagramSocket.createDelegate(DatagramSocket.java:1425) ~[?:?]
	at java.base/java.net.DatagramSocket.<init>(DatagramSocket.java:328) ~[?:?]
	at java.base/java.net.DatagramSocket.<init>(DatagramSocket.java:387) ~[?:?]
	at TRANSFORMER/minecraft@1.21.1/net.minecraft.server.rcon.thread.QueryThreadGs4.initSocket(QueryThreadGs4.java:312) ~[server-1.21.1-20240808.144430-srg.jar%23247!/:?]
	at TRANSFORMER/minecraft@1.21.1/net.minecraft.server.rcon.thread.QueryThreadGs4.start(QueryThreadGs4.java:288) ~[server-1.21.1-20240808.144430-srg.jar%23247!/:?]
	at TRANSFORMER/minecraft@1.21.1/net.minecraft.server.rcon.thread.QueryThreadGs4.create(QueryThreadGs4.java:91) ~[server-1.21.1-20240808.144430-srg.jar%23247!/:?]
	at TRANSFORMER/minecraft@1.21.1/net.minecraft.server.dedicated.DedicatedServer.initServer(DedicatedServer.java:204) ~[server-1.21.1-20240808.144430-srg.jar%23247!/:?]
	at TRANSFORMER/minecraft@1.21.1/net.minecraft.server.MinecraftServer.runServer(MinecraftServer.java:670) ~[server-1.21.1-20240808.144430-srg.jar%23247!/:?]
	at TRANSFORMER/minecraft@1.21.1/net.minecraft.server.MinecraftServer.lambda$spin$2(MinecraftServer.java:267) ~[server-1.21.1-20240808.144430-srg.jar%23247!/:?]
	at java.base/java.lang.Thread.run(Thread.java:1583) [?:?]
[15Sept2026 11:40:36.877] [Server thread/INFO] [net.minecraft.server.dedicated.DedicatedServer/]: Starting remote control listener
[15Sept2026 11:40:36.878] [Server thread/INFO] [net.minecraft.server.rcon.thread.GenericThread/]: Thread RCON Listener started
[15Sept2026 11:40:36.878] [Server thread/INFO] [net.minecraft.server.rcon.thread.RconThread/]: RCON running on 0.0.0.0:25575
[15Sept2026 11:40:36.884] [LanServerPinger #1/WARN] [net.minecraft.client.server.LanServerPinger/]: LanServerPinger: Operation not permitted
[15Sept2026 11:40:36.985] [Server thread/INFO] [net.neoforged.neoforge.server.permission.PermissionAPI/]: Successfully initialized permission handler neoforge:default_handler
[15Sept2026 11:40:36.985] [Server thread/INFO] [net.petemc.undeadnights.UndeadNights/]: Initializing the UndeadNights Mod (server starting)
[15Sept2026 11:40:37.006] [Server thread/INFO] [net.minecraft.server.MinecraftServer/]: [Chunky] Task continuing for minecraft:overworld.
[15Sept2026 11:40:37.008] [Server thread/INFO] [com.example.stagebox.StageBox/]: StageBox server starting!
[15Sept2026 11:40:37.754] [RCON Listener #1/INFO] [net.minecraft.server.rcon.thread.GenericThread/]: Thread RCON Client /127.0.0.1 started
[15Sept2026 11:40:42.774] [RCON Listener #1/INFO] [net.minecraft.server.rcon.thread.GenericThread/]: Thread RCON Client /127.0.0.1 started
[15Sept2026 11:40:43.524] [Server thread/INFO] [shtreimel.audit/]: Audit log opened at ./world/./shtreimel/audit.log
[15Sept2026 11:40:43.531] [Server thread/INFO] [shtreimel.occupancy/]: Restored 126 sub-level occupancy record(s) from disk
[15Sept2026 11:40:43.543] [VoiceChatServerThread/INFO] [voicechat/]: [voicechat] Voice chat server started at port 24454
[15Sept2026 11:40:43.544] [Server thread/WARN] [ModernFix/]: Dedicated server took 39.102 seconds to load
[15Sept2026 11:40:43.560] [Server thread/WARN] [minecolonies/]: Starting Compat Discovery
[15Sept2026 11:40:43.842] [Server thread/INFO] [Railways/]: [Dev] Creative tab railways:main will display 89 entries
[15Sept2026 11:40:43.848] [Server thread/INFO] [Railways/]: [Dev] Creative tab railways:tracks will display 53 entries
[15Sept2026 11:40:43.855] [Server thread/INFO] [Railways/]: [Dev] Creative tab railways:palettes will display 1056 entries
[15Sept2026 11:40:44.090] [Server thread/INFO] [minecolonies/]: Finished discovering Ores 27 24
[15Sept2026 11:40:44.090] [Server thread/INFO] [minecolonies/]: Finished discovering saplings 26
[15Sept2026 11:40:44.090] [Server thread/INFO] [minecolonies/]: Finished discovering plantables 19
[15Sept2026 11:40:44.090] [Server thread/INFO] [minecolonies/]: Finished discovering food 255 288
[15Sept2026 11:40:44.090] [Server thread/INFO] [minecolonies/]: Finished discovering fuel 1833
[15Sept2026 11:40:44.090] [Server thread/INFO] [minecolonies/]: Finished discovering flowers 33
[15Sept2026 11:40:44.091] [Server thread/INFO] [minecolonies/]: Finished discovering items 18278
[15Sept2026 11:40:44.113] [Server thread/INFO] [minecolonies/]: Finished discovering compostables 810
[15Sept2026 11:40:44.650] [RCON Client /127.0.0.1 #2/INFO] [net.minecraft.server.rcon.thread.RconClient/]: Thread RCON Client /127.0.0.1 shutting down
[15Sept2026 11:40:44.652] [RCON Client /127.0.0.1 #3/INFO] [net.minecraft.server.rcon.thread.RconClient/]: Thread RCON Client /127.0.0.1 shutting down
[15Sept2026 11:40:44.681] [Server thread/INFO] [dev.corgitaco.enhancedcelestials.EnhancedCelestials/]: Possible lunar events for dimension "minecraft:overworld" are [enhancedcelestials:harvest_moon, enhancedcelestials:super_blood_moon, enhancedcelestials:blue_moon, enhancedcelestials:super_blue_moon, enhancedcelestials:super_harvest_moon, enhancedcelestials:blood_moon, enhancedcelestials:super_moon].
[15Sept2026 11:40:44.719] [c2me-worker-1/WARN] [net.minecraft.world.level.chunk.storage.IOWorker/]: Failed to scan chunk [1312, 1207]
java.util.concurrent.CompletionException: java.io.EOFException: Unexpected end of ZLIB input stream
	at java.base/java.util.concurrent.CompletableFuture.encodeThrowable(CompletableFuture.java:315) ~[?:?]
	at java.base/java.util.concurrent.CompletableFuture.completeThrowable(CompletableFuture.java:320) [?:?]
	at java.base/java.util.concurrent.CompletableFuture$AsyncSupply.run(CompletableFuture.java:1770) [?:?]
	at TRANSFORMER/c2me_base@0.4.0-alpha.0.120+1.21.1/com.ishland.c2me.base.common.scheduler.WrappingTask.run(WrappingTask.java:45) [c2me-neoforge-base-mc1.21.1-0.4.0-alpha.0.120-all.jar%23522!/:?]
	at TRANSFORMER/c2me_base@0.4.0-alpha.0.120+1.21.1/com.ishland.flowsched.executor.WorkerThread.pollTasks(WorkerThread.java:51) [c2me-neoforge-base-mc1.21.1-0.4.0-alpha.0.120-all.jar%23522!/:?]
	at TRANSFORMER/c2me_base@0.4.0-alpha.0.120+1.21.1/com.ishland.flowsched.executor.WorkerThread.run(WorkerThread.java:29) [c2me-neoforge-base-mc1.21.1-0.4.0-alpha.0.120-all.jar%23522!/:?]
Caused by: java.io.EOFException: Unexpected end of ZLIB input stream
	at java.base/java.util.zip.InflaterInputStream.fill(InflaterInputStream.java:266) ~[?:?]
	at java.base/java.util.zip.InflaterInputStream.read(InflaterInputStream.java:175) ~[?:?]
	at java.base/java.util.zip.InflaterInputStream.skip(InflaterInputStream.java:228) ~[?:?]
	at TRANSFORMER/minecraft@1.21.1/net.minecraft.util.FastBufferedInputStream.skip(FastBufferedInputStream.java:68) ~[server-1.21.1-20240808.144430-srg.jar%23247!/:?]
	at java.base/java.io.DataInputStream.skipBytes(DataInputStream.java:233) ~[?:?]
	at TRANSFORMER/minecraft@1.21.1/net.minecraft.nbt.StringTag.skipString(StringTag.java:55) ~[server-1.21.1-20240808.144430-srg.jar%23247!/:?]
	at TRANSFORMER/minecraft@1.21.1/net.minecraft.nbt.CompoundTag$1.skip(CompoundTag.java:149) ~[server-1.21.1-20240808.144430-srg.jar%23247!/:?]
	at TRANSFORMER/minecraft@1.21.1/net.minecraft.nbt.CompoundTag$1.skip(CompoundTag.java:150) ~[server-1.21.1-20240808.144430-srg.jar%23247!/:?]
	at TRANSFORMER/minecraft@1.21.1/net.minecraft.nbt.TagType$VariableSize.skip(TagType.java:50) ~[server-1.21.1-20240808.144430-srg.jar%23247!/:?]
	at TRANSFORMER/minecraft@1.21.1/net.minecraft.nbt.ListTag$1.skip(ListTag.java:119) ~[server-1.21.1-20240808.144430-srg.jar%23247!/:?]
	at TRANSFORMER/minecraft@1.21.1/net.minecraft.nbt.CompoundTag$1.parseCompound(CompoundTag.java:101) ~[server-1.21.1-20240808.144430-srg.jar%23247!/:?]
	at TRANSFORMER/minecraft@1.21.1/net.minecraft.nbt.CompoundTag$1.parse(CompoundTag.java:77) ~[server-1.21.1-20240808.144430-srg.jar%23247!/:?]
	at TRANSFORMER/minecraft@1.21.1/net.minecraft.nbt.NbtIo.parse(NbtIo.java:150) ~[server-1.21.1-20240808.144430-srg.jar%23247!/:?]
	at TRANSFORMER/c2me_rewrites_chunkio@0.4.0-alpha.0.120+1.21.1/com.ishland.c2me.rewrites.chunkio.common.C2MEStorageThread.lambda$scheduleChunkRead$0(C2MEStorageThread.java:375) ~[c2me-neoforge-rewrites-chunkio-mc1.21.1-0.4.0-alpha.0.120.jar%23607!/:?]
	at java.base/java.util.concurrent.CompletableFuture$AsyncSupply.run(CompletableFuture.java:1768) ~[?:?]
	... 3 more
[15Sept2026 11:40:44.847] [Server thread/WARN] [C2ME HookCompatibility/]: Certain optimizations may be disabled because ChunkDataEvent.Save is used by: [@SubscribeEvent: class dev.architectury.event.forge.EventHandlerImplCommon eventChunkDataEvent(Lnet/neoforged/neoforge/event/level/ChunkDataEvent$Save;)V]
[15Sept2026 11:40:44.923] [Server thread/INFO] [net.minecraft.server.MinecraftServer/]: [Chunky] Task running for minecraft:overworld. Processed: 6721769 chunks (17.20%), ETA: 56:04:44, Rate: 160.3 cps, Current: 1314, 1195
[15Sept2026 11:40:46.645] [Server thread/ERROR] [ReadFromDiskAsync/]: Failed to load chunk [1312, 1207] asynchronously, falling back to sync loading
com.ishland.c2me.base.common.util.RxJavaUtils$StacklessRuntimeException: Max retries reached
	Suppressed: java.util.concurrent.CompletionException: net.minecraft.nbt.ReportedNbtException: Loading NBT data
		at java.base/java.util.concurrent.CompletableFuture.encodeThrowable(CompletableFuture.java:315) ~[?:?]
		at java.base/java.util.concurrent.CompletableFuture.completeThrowable(CompletableFuture.java:320) ~[?:?]
		at java.base/java.util.concurrent.CompletableFuture$AsyncSupply.run(CompletableFuture.java:1770) ~[?:?]
		at TRANSFORMER/c2me_base@0.4.0-alpha.0.120+1.21.1/com.ishland.c2me.base.common.scheduler.WrappingTask.run(WrappingTask.java:45) ~[c2me-neoforge-base-mc1.21.1-0.4.0-alpha.0.120-all.jar%23522!/:?]
		at TRANSFORMER/c2me_base@0.4.0-alpha.0.120+1.21.1/com.ishland.flowsched.executor.WorkerThread.pollTasks(WorkerThread.java:51) ~[c2me-neoforge-base-mc1.21.1-0.4.0-alpha.0.120-all.jar%23522!/:?]
		at TRANSFORMER/c2me_base@0.4.0-alpha.0.120+1.21.1/com.ishland.flowsched.executor.WorkerThread.run(WorkerThread.java:29) ~[c2me-neoforge-base-mc1.21.1-0.4.0-alpha.0.120-all.jar%23522!/:?]
	Caused by: net.minecraft.nbt.ReportedNbtException: Loading NBT data
		at TRANSFORMER/minecraft@1.21.1/net.minecraft.nbt.CompoundTag.readNamedTagData(CompoundTag.java:530) ~[server-1.21.1-20240808.144430-srg.jar%23247!/:?]
		at TRANSFORMER/minecraft@1.21.1/net.minecraft.nbt.CompoundTag$1.loadCompound(CompoundTag.java:62) ~[server-1.21.1-20240808.144430-srg.jar%23247!/:?]
		at TRANSFORMER/minecraft@1.21.1/net.minecraft.nbt.CompoundTag$1.load(CompoundTag.java:41) ~[server-1.21.1-20240808.144430-srg.jar%23247!/:?]
		at TRANSFORMER/minecraft@1.21.1/net.minecraft.nbt.CompoundTag$1.load(CompoundTag.java:35) ~[server-1.21.1-20240808.144430-srg.jar%23247!/:?]
		at TRANSFORMER/minecraft@1.21.1/net.minecraft.nbt.ListTag$1.loadList(ListTag.java:40) ~[server-1.21.1-20240808.144430-srg.jar%23247!/:?]
		at TRANSFORMER/minecraft@1.21.1/net.minecraft.nbt.ListTag$1.load(ListTag.java:20) ~[server-1.21.1-20240808.144430-srg.jar%23247!/:?]
		at TRANSFORMER/minecraft@1.21.1/net.minecraft.nbt.ListTag$1.load(ListTag.java:14) ~[server-1.21.1-20240808.144430-srg.jar%23247!/:?]
		at TRANSFORMER/minecraft@1.21.1/net.minecraft.nbt.CompoundTag.readNamedTagData(CompoundTag.java:524) ~[server-1.21.1-20240808.144430-srg.jar%23247!/:?]
		at TRANSFORMER/minecraft@1.21.1/net.minecraft.nbt.CompoundTag$1.loadCompound(CompoundTag.java:62) ~[server-1.21.1-20240808.144430-srg.jar%23247!/:?]
		at TRANSFORMER/minecraft@1.21.1/net.minecraft.nbt.CompoundTag$1.load(CompoundTag.java:41) ~[server-1.21.1-20240808.144430-srg.jar%23247!/:?]
		at TRANSFORMER/minecraft@1.21.1/net.minecraft.nbt.CompoundTag$1.load(CompoundTag.java:35) ~[server-1.21.1-20240808.144430-srg.jar%23247!/:?]
		at TRANSFORMER/minecraft@1.21.1/net.minecraft.nbt.NbtIo.readTagSafe(NbtIo.java:193) ~[server-1.21.1-20240808.144430-srg.jar%23247!/:?]
		at TRANSFORMER/minecraft@1.21.1/net.minecraft.nbt.NbtIo.readUnnamedTag(NbtIo.java:187) ~[server-1.21.1-20240808.144430-srg.jar%23247!/:?]
		at TRANSFORMER/minecraft@1.21.1/net.minecraft.nbt.NbtIo.read(NbtIo.java:121) ~[server-1.21.1-20240808.144430-srg.jar%23247!/:?]
		at TRANSFORMER/minecraft@1.21.1/net.minecraft.nbt.NbtIo.read(NbtIo.java:117) ~[server-1.21.1-20240808.144430-srg.jar%23247!/:?]
		at TRANSFORMER/c2me_rewrites_chunkio@0.4.0-alpha.0.120+1.21.1/com.ishland.c2me.rewrites.chunkio.common.C2MEStorageThread.lambda$scheduleChunkRead$0(C2MEStorageThread.java:378) ~[c2me-neoforge-rewrites-chunkio-mc1.21.1-0.4.0-alpha.0.120.jar%23607!/:?]
		at java.base/java.util.concurrent.CompletableFuture$AsyncSupply.run(CompletableFuture.java:1768) ~[?:?]
		... 3 more
	Caused by: java.io.EOFException: Unexpected end of ZLIB input stream
		at java.base/java.util.zip.InflaterInputStream.fill(InflaterInputStream.java:266) ~[?:?]
		at java.base/java.util.zip.InflaterInputStream.read(InflaterInputStream.java:175) ~[?:?]
		at TRANSFORMER/minecraft@1.21.1/net.minecraft.util.FastBufferedInputStream.read(FastBufferedInputStream.java:45) ~[server-1.21.1-20240808.144430-srg.jar%23247!/:?]
		at java.base/java.io.DataInputStream.readFully(DataInputStream.java:208) ~[?:?]
		at java.base/java.io.DataInputStream.readUTF(DataInputStream.java:594) ~[?:?]
		at java.base/java.io.DataInputStream.readUTF(DataInputStream.java:550) ~[?:?]
		at TRANSFORMER/minecraft@1.21.1/net.minecraft.nbt.CompoundTag$1.loadCompound(CompoundTag.java:60) ~[server-1.21.1-20240808.144430-srg.jar%23247!/:?]
		at TRANSFORMER/minecraft@1.21.1/net.minecraft.nbt.CompoundTag$1.load(CompoundTag.java:41) ~[server-1.21.1-20240808.144430-srg.jar%23247!/:?]
		at TRANSFORMER/minecraft@1.21.1/net.minecraft.nbt.CompoundTag$1.load(CompoundTag.java:35) ~[server-1.21.1-20240808.144430-srg.jar%23247!/:?]
		at TRANSFORMER/minecraft@1.21.1/net.minecraft.nbt.CompoundTag.readNamedTagData(CompoundTag.java:524) ~[server-1.21.1-20240808.144430-srg.jar%23247!/:?]
		at TRANSFORMER/minecraft@1.21.1/net.minecraft.nbt.CompoundTag$1.loadCompound(CompoundTag.java:62) ~[server-1.21.1-20240808.144430-srg.jar%23247!/:?]
		at TRANSFORMER/minecraft@1.21.1/net.minecraft.nbt.CompoundTag$1.load(CompoundTag.java:41) ~[server-1.21.1-20240808.144430-srg.jar%23247!/:?]
		at TRANSFORMER/minecraft@1.21.1/net.minecraft.nbt.CompoundTag$1.load(CompoundTag.java:35) ~[server-1.21.1-20240808.144430-srg.jar%23247!/:?]
		at TRANSFORMER/minecraft@1.21.1/net.minecraft.nbt.ListTag$1.loadList(ListTag.java:40) ~[server-1.21.1-20240808.144430-srg.jar%23247!/:?]
		at TRANSFORMER/minecraft@1.21.1/net.minecraft.nbt.ListTag$1.load(ListTag.java:20) ~[server-1.21.1-20240808.144430-srg.jar%23247!/:?]
		at TRANSFORMER/minecraft@1.21.1/net.minecraft.nbt.ListTag$1.load(ListTag.java:14) ~[server-1.21.1-20240808.144430-srg.jar%23247!/:?]
		at TRANSFORMER/minecraft@1.21.1/net.minecraft.nbt.CompoundTag.readNamedTagData(CompoundTag.java:524) ~[server-1.21.1-20240808.144430-srg.jar%23247!/:?]
		at TRANSFORMER/minecraft@1.21.1/net.minecraft.nbt.CompoundTag$1.loadCompound(CompoundTag.java:62) ~[server-1.21.1-20240808.144430-srg.jar%23247!/:?]
		at TRANSFORMER/minecraft@1.21.1/net.minecraft.nbt.CompoundTag$1.load(CompoundTag.java:41) ~[server-1.21.1-20240808.144430-srg.jar%23247!/:?]
		at TRANSFORMER/minecraft@1.21.1/net.minecraft.nbt.CompoundTag$1.load(CompoundTag.java:35) ~[server-1.21.1-20240808.144430-srg.jar%23247!/:?]
		at TRANSFORMER/minecraft@1.21.1/net.minecraft.nbt.NbtIo.readTagSafe(NbtIo.java:193) ~[server-1.21.1-20240808.144430-srg.jar%23247!/:?]
		at TRANSFORMER/minecraft@1.21.1/net.minecraft.nbt.NbtIo.readUnnamedTag(NbtIo.java:187) ~[server-1.21.1-20240808.144430-srg.jar%23247!/:?]
		at TRANSFORMER/minecraft@1.21.1/net.minecraft.nbt.NbtIo.read(NbtIo.java:121) ~[server-1.21.1-20240808.144430-srg.jar%23247!/:?]
		at TRANSFORMER/minecraft@1.21.1/net.minecraft.nbt.NbtIo.read(NbtIo.java:117) ~[server-1.21.1-20240808.144430-srg.jar%23247!/:?]
		at TRANSFORMER/c2me_rewrites_chunkio@0.4.0-alpha.0.120+1.21.1/com.ishland.c2me.rewrites.chunkio.common.C2MEStorageThread.lambda$scheduleChunkRead$0(C2MEStorageThread.java:378) ~[c2me-neoforge-rewrites-chunkio-mc1.21.1-0.4.0-alpha.0.120.jar%23607!/:?]
		at java.base/java.util.concurrent.CompletableFuture$AsyncSupply.run(CompletableFuture.java:1768) ~[?:?]
		... 3 more
	Suppressed: java.util.concurrent.CompletionException: net.minecraft.nbt.ReportedNbtException: Loading NBT data
		at java.base/java.util.concurrent.CompletableFuture.encodeThrowable(CompletableFuture.java:315) ~[?:?]
		at java.base/java.util.concurrent.CompletableFuture.completeThrowable(CompletableFuture.java:320) ~[?:?]
		at java.base/java.util.concurrent.CompletableFuture$AsyncSupply.run(CompletableFuture.java:1770) ~[?:?]
		at TRANSFORMER/c2me_base@0.4.0-alpha.0.120+1.21.1/com.ishland.c2me.base.common.scheduler.WrappingTask.run(WrappingTask.java:45) ~[c2me-neoforge-base-mc1.21.1-0.4.0-alpha.0.120-all.jar%23522!/:?]
		at TRANSFORMER/c2me_base@0.4.0-alpha.0.120+1.21.1/com.ishland.flowsched.executor.WorkerThread.pollTasks(WorkerThread.java:51) ~[c2me-neoforge-base-mc1.21.1-0.4.0-alpha.0.120-all.jar%23522!/:?]
		at TRANSFORMER/c2me_base@0.4.0-alpha.0.120+1.21.1/com.ishland.flowsched.executor.WorkerThread.run(WorkerThread.java:29) ~[c2me-neoforge-base-mc1.21.1-0.4.0-alpha.0.120-all.jar%23522!/:?]
	Caused by: net.minecraft.nbt.ReportedNbtException: Loading NBT data
		at TRANSFORMER/minecraft@1.21.1/net.minecraft.nbt.CompoundTag.readNamedTagData(CompoundTag.java:530) ~[server-1.21.1-20240808.144430-srg.jar%23247!/:?]
		at TRANSFORMER/minecraft@1.21.1/net.minecraft.nbt.CompoundTag$1.loadCompound(CompoundTag.java:62) ~[server-1.21.1-20240808.144430-srg.jar%23247!/:?]
		at TRANSFORMER/minecraft@1.21.1/net.minecraft.nbt.CompoundTag$1.load(CompoundTag.java:41) ~[server-1.21.1-20240808.144430-srg.jar%23247!/:?]
		at TRANSFORMER/minecraft@1.21.1/net.minecraft.nbt.CompoundTag$1.load(CompoundTag.java:35) ~[server-1.21.1-20240808.144430-srg.jar%23247!/:?]
		at TRANSFORMER/minecraft@1.21.1/net.minecraft.nbt.ListTag$1.loadList(ListTag.java:40) ~[server-1.21.1-20240808.144430-srg.jar%23247!/:?]
		at TRANSFORMER/minecraft@1.21.1/net.minecraft.nbt.ListTag$1.load(ListTag.java:20) ~[server-1.21.1-20240808.144430-srg.jar%23247!/:?]
		at TRANSFORMER/minecraft@1.21.1/net.minecraft.nbt.ListTag$1.load(ListTag.java:14) ~[server-1.21.1-20240808.144430-srg.jar%23247!/:?]
		at TRANSFORMER/minecraft@1.21.1/net.minecraft.nbt.CompoundTag.readNamedTagData(CompoundTag.java:524) ~[server-1.21.1-20240808.144430-srg.jar%23247!/:?]
		at TRANSFORMER/minecraft@1.21.1/net.minecraft.nbt.CompoundTag$1.loadCompound(CompoundTag.java:62) ~[server-1.21.1-20240808.144430-srg.jar%23247!/:?]
		at TRANSFORMER/minecraft@1.21.1/net.minecraft.nbt.CompoundTag$1.load(CompoundTag.java:41) ~[server-1.21.1-20240808.144430-srg.jar%23247!/:?]
		at TRANSFORMER/minecraft@1.21.1/net.minecraft.nbt.CompoundTag$1.load(CompoundTag.java:35) ~[server-1.21.1-20240808.144430-srg.jar%23247!/:?]
		at TRANSFORMER/minecraft@1.21.1/net.minecraft.nbt.NbtIo.readTagSafe(NbtIo.java:193) ~[server-1.21.1-20240808.144430-srg.jar%23247!/:?]
		at TRANSFORMER/minecraft@1.21.1/net.minecraft.nbt.NbtIo.readUnnamedTag(NbtIo.java:187) ~[server-1.21.1-20240808.144430-srg.jar%23247!/:?]
		at TRANSFORMER/minecraft@1.21.1/net.minecraft.nbt.NbtIo.read(NbtIo.java:121) ~[server-1.21.1-20240808.144430-srg.jar%23247!/:?]
		at TRANSFORMER/minecraft@1.21.1/net.minecraft.nbt.NbtIo.read(NbtIo.java:117) ~[server-1.21.1-20240808.144430-srg.jar%23247!/:?]
		at TRANSFORMER/c2me_rewrites_chunkio@0.4.0-alpha.0.120+1.21.1/com.ishland.c2me.rewrites.chunkio.common.C2MEStorageThread.lambda$scheduleChunkRead$0(C2MEStorageThread.java:378) ~[c2me-neoforge-rewrites-chunkio-mc1.21.1-0.4.0-alpha.0.120.jar%23607!/:?]
		at java.base/java.util.concurrent.CompletableFuture$AsyncSupply.run(CompletableFuture.java:1768) ~[?:?]
		... 3 more
	Caused by: java.io.EOFException: Unexpected end of ZLIB input stream
		at java.base/java.util.zip.InflaterInputStream.fill(InflaterInputStream.java:266) ~[?:?]
		at java.base/java.util.zip.InflaterInputStream.read(InflaterInputStream.java:175) ~[?:?]
		at TRANSFORMER/minecraft@1.21.1/net.minecraft.util.FastBufferedInputStream.read(FastBufferedInputStream.java:45) ~[server-1.21.1-20240808.144430-srg.jar%23247!/:?]
		at java.base/java.io.DataInputStream.readFully(DataInputStream.java:208) ~[?:?]
		at java.base/java.io.DataInputStream.readUTF(DataInputStream.java:594) ~[?:?]
		at java.base/java.io.DataInputStream.readUTF(DataInputStream.java:550) ~[?:?]
		at TRANSFORMER/minecraft@1.21.1/net.minecraft.nbt.CompoundTag$1.loadCompound(CompoundTag.java:60) ~[server-1.21.1-20240808.144430-srg.jar%23247!/:?]
		at TRANSFORMER/minecraft@1.21.1/net.minecraft.nbt.CompoundTag$1.load(CompoundTag.java:41) ~[server-1.21.1-20240808.144430-srg.jar%23247!/:?]
		at TRANSFORMER/minecraft@1.21.1/net.minecraft.nbt.CompoundTag$1.load(CompoundTag.java:35) ~[server-1.21.1-20240808.144430-srg.jar%23247!/:?]
		at TRANSFORMER/minecraft@1.21.1/net.minecraft.nbt.CompoundTag.readNamedTagData(CompoundTag.java:524) ~[server-1.21.1-20240808.144430-srg.jar%23247!/:?]
		at TRANSFORMER/minecraft@1.21.1/net.minecraft.nbt.CompoundTag$1.loadCompound(CompoundTag.java:62) ~[server-1.21.1-20240808.144430-srg.jar%23247!/:?]
		at TRANSFORMER/minecraft@1.21.1/net.minecraft.nbt.CompoundTag$1.load(CompoundTag.java:41) ~[server-1.21.1-20240808.144430-srg.jar%23247!/:?]
		at TRANSFORMER/minecraft@1.21.1/net.minecraft.nbt.CompoundTag$1.load(CompoundTag.java:35) ~[server-1.21.1-20240808.144430-srg.jar%23247!/:?]
		at TRANSFORMER/minecraft@1.21.1/net.minecraft.nbt.ListTag$1.loadList(ListTag.java:40) ~[server-1.21.1-20240808.144430-srg.jar%23247!/:?]
		at TRANSFORMER/minecraft@1.21.1/net.minecraft.nbt.ListTag$1.load(ListTag.java:20) ~[server-1.21.1-20240808.144430-srg.jar%23247!/:?]
		at TRANSFORMER/minecraft@1.21.1/net.minecraft.nbt.ListTag$1.load(ListTag.java:14) ~[server-1.21.1-20240808.144430-srg.jar%23247!/:?]
		at TRANSFORMER/minecraft@1.21.1/net.minecraft.nbt.CompoundTag.readNamedTagData(CompoundTag.java:524) ~[server-1.21.1-20240808.144430-srg.jar%23247!/:?]
		at TRANSFORMER/minecraft@1.21.1/net.minecraft.nbt.CompoundTag$1.loadCompound(CompoundTag.java:62) ~[server-1.21.1-20240808.144430-srg.jar%23247!/:?]
		at TRANSFORMER/minecraft@1.21.1/net.minecraft.nbt.CompoundTag$1.load(CompoundTag.java:41) ~[server-1.21.1-20240808.144430-srg.jar%23247!/:?]
		at TRANSFORMER/minecraft@1.21.1/net.minecraft.nbt.CompoundTag$1.load(CompoundTag.java:35) ~[server-1.21.1-20240808.144430-srg.jar%23247!/:?]
		at TRANSFORMER/minecraft@1.21.1/net.minecraft.nbt.NbtIo.readTagSafe(NbtIo.java:193) ~[server-1.21.1-20240808.144430-srg.jar%23247!/:?]
		at TRANSFORMER/minecraft@1.21.1/net.minecraft.nbt.NbtIo.readUnnamedTag(NbtIo.java:187) ~[server-1.21.1-20240808.144430-srg.jar%23247!/:?]
		at TRANSFORMER/minecraft@1.21.1/net.minecraft.nbt.NbtIo.read(NbtIo.java:121) ~[server-1.21.1-20240808.144430-srg.jar%23247!/:?]
		at TRANSFORMER/minecraft@1.21.1/net.minecraft.nbt.NbtIo.read(NbtIo.java:117) ~[server-1.21.1-20240808.144430-srg.jar%23247!/:?]
		at TRANSFORMER/c2me_rewrites_chunkio@0.4.0-alpha.0.120+1.21.1/com.ishland.c2me.rewrites.chunkio.common.C2MEStorageThread.lambda$scheduleChunkRead$0(C2MEStorageThread.java:378) ~[c2me-neoforge-rewrites-chunkio-mc1.21.1-0.4.0-alpha.0.120.jar%23607!/:?]
		at java.base/java.util.concurrent.CompletableFuture$AsyncSupply.run(CompletableFuture.java:1768) ~[?:?]
		... 3 more
	Suppressed: java.util.concurrent.CompletionException: net.minecraft.nbt.ReportedNbtException: Loading NBT data
		at java.base/java.util.concurrent.CompletableFuture.encodeThrowable(CompletableFuture.java:315) ~[?:?]
		at java.base/java.util.concurrent.CompletableFuture.completeThrowable(CompletableFuture.java:320) ~[?:?]
		at java.base/java.util.concurrent.CompletableFuture$AsyncSupply.run(CompletableFuture.java:1770) ~[?:?]
		at TRANSFORMER/c2me_base@0.4.0-alpha.0.120+1.21.1/com.ishland.c2me.base.common.scheduler.WrappingTask.run(WrappingTask.java:45) ~[c2me-neoforge-base-mc1.21.1-0.4.0-alpha.0.120-all.jar%23522!/:?]
		at TRANSFORMER/c2me_base@0.4.0-alpha.0.120+1.21.1/com.ishland.flowsched.executor.WorkerThread.pollTasks(WorkerThread.java:51) ~[c2me-neoforge-base-mc1.21.1-0.4.0-alpha.0.120-all.jar%23522!/:?]
		at TRANSFORMER/c2me_base@0.4.0-alpha.0.120+1.21.1/com.ishland.flowsched.executor.WorkerThread.run(WorkerThread.java:29) ~[c2me-neoforge-base-mc1.21.1-0.4.0-alpha.0.120-all.jar%23522!/:?]
	Caused by: net.minecraft.nbt.ReportedNbtException: Loading NBT data
		at TRANSFORMER/minecraft@1.21.1/net.minecraft.nbt.CompoundTag.readNamedTagData(CompoundTag.java:530) ~[server-1.21.1-20240808.144430-srg.jar%23247!/:?]
		at TRANSFORMER/minecraft@1.21.1/net.minecraft.nbt.CompoundTag$1.loadCompound(CompoundTag.java:62) ~[server-1.21.1-20240808.144430-srg.jar%23247!/:?]
		at TRANSFORMER/minecraft@1.21.1/net.minecraft.nbt.CompoundTag$1.load(CompoundTag.java:41) ~[server-1.21.1-20240808.144430-srg.jar%23247!/:?]
		at TRANSFORMER/minecraft@1.21.1/net.minecraft.nbt.CompoundTag$1.load(CompoundTag.java:35) ~[server-1.21.1-20240808.144430-srg.jar%23247!/:?]
		at TRANSFORMER/minecraft@1.21.1/net.minecraft.nbt.ListTag$1.loadList(ListTag.java:40) ~[server-1.21.1-20240808.144430-srg.jar%23247!/:?]
		at TRANSFORMER/minecraft@1.21.1/net.minecraft.nbt.ListTag$1.load(ListTag.java:20) ~[server-1.21.1-20240808.144430-srg.jar%23247!/:?]
		at TRANSFORMER/minecraft@1.21.1/net.minecraft.nbt.ListTag$1.load(ListTag.java:14) ~[server-1.21.1-20240808.144430-srg.jar%23247!/:?]
		at TRANSFORMER/minecraft@1.21.1/net.minecraft.nbt.CompoundTag.readNamedTagData(CompoundTag.java:524) ~[server-1.21.1-20240808.144430-srg.jar%23247!/:?]
		at TRANSFORMER/minecraft@1.21.1/net.minecraft.nbt.CompoundTag$1.loadCompound(CompoundTag.java:62) ~[server-1.21.1-20240808.144430-srg.jar%23247!/:?]
		at TRANSFORMER/minecraft@1.21.1/net.minecraft.nbt.CompoundTag$1.load(CompoundTag.java:41) ~[server-1.21.1-20240808.144430-srg.jar%23247!/:?]
		at TRANSFORMER/minecraft@1.21.1/net.minecraft.nbt.CompoundTag$1.load(CompoundTag.java:35) ~[server-1.21.1-20240808.144430-srg.jar%23247!/:?]
		at TRANSFORMER/minecraft@1.21.1/net.minecraft.nbt.NbtIo.readTagSafe(NbtIo.java:193) ~[server-1.21.1-20240808.144430-srg.jar%23247!/:?]
		at TRANSFORMER/minecraft@1.21.1/net.minecraft.nbt.NbtIo.readUnnamedTag(NbtIo.java:187) ~[server-1.21.1-20240808.144430-srg.jar%23247!/:?]
		at TRANSFORMER/minecraft@1.21.1/net.minecraft.nbt.NbtIo.read(NbtIo.java:121) ~[server-1.21.1-20240808.144430-srg.jar%23247!/:?]
		at TRANSFORMER/minecraft@1.21.1/net.minecraft.nbt.NbtIo.read(NbtIo.java:117) ~[server-1.21.1-20240808.144430-srg.jar%23247!/:?]
		at TRANSFORMER/c2me_rewrites_chunkio@0.4.0-alpha.0.120+1.21.1/com.ishland.c2me.rewrites.chunkio.common.C2MEStorageThread.lambda$scheduleChunkRead$0(C2MEStorageThread.java:378) ~[c2me-neoforge-rewrites-chunkio-mc1.21.1-0.4.0-alpha.0.120.jar%23607!/:?]
		at java.base/java.util.concurrent.CompletableFuture$AsyncSupply.run(CompletableFuture.java:1768) ~[?:?]
		... 3 more
	Caused by: java.io.EOFException: Unexpected end of ZLIB input stream
		at java.base/java.util.zip.InflaterInputStream.fill(InflaterInputStream.java:266) ~[?:?]
		at java.base/java.util.zip.InflaterInputStream.read(InflaterInputStream.java:175) ~[?:?]
		at TRANSFORMER/minecraft@1.21.1/net.minecraft.util.FastBufferedInputStream.read(FastBufferedInputStream.java:45) ~[server-1.21.1-20240808.144430-srg.jar%23247!/:?]
		at java.base/java.io.DataInputStream.readFully(DataInputStream.java:208) ~[?:?]
		at java.base/java.io.DataInputStream.readUTF(DataInputStream.java:594) ~[?:?]
		at java.base/java.io.DataInputStream.readUTF(DataInputStream.java:550) ~[?:?]
		at TRANSFORMER/minecraft@1.21.1/net.minecraft.nbt.CompoundTag$1.loadCompound(CompoundTag.java:60) ~[server-1.21.1-20240808.144430-srg.jar%23247!/:?]
		at TRANSFORMER/minecraft@1.21.1/net.minecraft.nbt.CompoundTag$1.load(CompoundTag.java:41) ~[server-1.21.1-20240808.144430-srg.jar%23247!/:?]
		at TRANSFORMER/minecraft@1.21.1/net.minecraft.nbt.CompoundTag$1.load(CompoundTag.java:35) ~[server-1.21.1-20240808.144430-srg.jar%23247!/:?]
		at TRANSFORMER/minecraft@1.21.1/net.minecraft.nbt.CompoundTag.readNamedTagData(CompoundTag.java:524) ~[server-1.21.1-20240808.144430-srg.jar%23247!/:?]
		at TRANSFORMER/minecraft@1.21.1/net.minecraft.nbt.CompoundTag$1.loadCompound(CompoundTag.java:62) ~[server-1.21.1-20240808.144430-srg.jar%23247!/:?]
		at TRANSFORMER/minecraft@1.21.1/net.minecraft.nbt.CompoundTag$1.load(CompoundTag.java:41) ~[server-1.21.1-20240808.144430-srg.jar%23247!/:?]
		at TRANSFORMER/minecraft@1.21.1/net.minecraft.nbt.CompoundTag$1.load(CompoundTag.java:35) ~[server-1.21.1-20240808.144430-srg.jar%23247!/:?]
		at TRANSFORMER/minecraft@1.21.1/net.minecraft.nbt.ListTag$1.loadList(ListTag.java:40) ~[server-1.21.1-20240808.144430-srg.jar%23247!/:?]
		at TRANSFORMER/minecraft@1.21.1/net.minecraft.nbt.ListTag$1.load(ListTag.java:20) ~[server-1.21.1-20240808.144430-srg.jar%23247!/:?]
		at TRANSFORMER/minecraft@1.21.1/net.minecraft.nbt.ListTag$1.load(ListTag.java:14) ~[server-1.21.1-20240808.144430-srg.jar%23247!/:?]
		at TRANSFORMER/minecraft@1.21.1/net.minecraft.nbt.CompoundTag.readNamedTagData(CompoundTag.java:524) ~[server-1.21.1-20240808.144430-srg.jar%23247!/:?]
		at TRANSFORMER/minecraft@1.21.1/net.minecraft.nbt.CompoundTag$1.loadCompound(CompoundTag.java:62) ~[server-1.21.1-20240808.144430-srg.jar%23247!/:?]
		at TRANSFORMER/minecraft@1.21.1/net.minecraft.nbt.CompoundTag$1.load(CompoundTag.java:41) ~[server-1.21.1-20240808.144430-srg.jar%23247!/:?]
		at TRANSFORMER/minecraft@1.21.1/net.minecraft.nbt.CompoundTag$1.load(CompoundTag.java:35) ~[server-1.21.1-20240808.144430-srg.jar%23247!/:?]
		at TRANSFORMER/minecraft@1.21.1/net.minecraft.nbt.NbtIo.readTagSafe(NbtIo.java:193) ~[server-1.21.1-20240808.144430-srg.jar%23247!/:?]
		at TRANSFORMER/minecraft@1.21.1/net.minecraft.nbt.NbtIo.readUnnamedTag(NbtIo.java:187) ~[server-1.21.1-20240808.144430-srg.jar%23247!/:?]
		at TRANSFORMER/minecraft@1.21.1/net.minecraft.nbt.NbtIo.read(NbtIo.java:121) ~[server-1.21.1-20240808.144430-srg.jar%23247!/:?]
		at TRANSFORMER/minecraft@1.21.1/net.minecraft.nbt.NbtIo.read(NbtIo.java:117) ~[server-1.21.1-20240808.144430-srg.jar%23247!/:?]
		at TRANSFORMER/c2me_rewrites_chunkio@0.4.0-alpha.0.120+1.21.1/com.ishland.c2me.rewrites.chunkio.common.C2MEStorageThread.lambda$scheduleChunkRead$0(C2MEStorageThread.java:378) ~[c2me-neoforge-rewrites-chunkio-mc1.21.1-0.4.0-alpha.0.120.jar%23607!/:?]
		at java.base/java.util.concurrent.CompletableFuture$AsyncSupply.run(CompletableFuture.java:1768) ~[?:?]
		... 3 more
	Suppressed: java.util.concurrent.CompletionException: net.minecraft.nbt.ReportedNbtException: Loading NBT data
		at java.base/java.util.concurrent.CompletableFuture.encodeThrowable(CompletableFuture.java:315) ~[?:?]
		at java.base/java.util.concurrent.CompletableFuture.completeThrowable(CompletableFuture.java:320) ~[?:?]
		at java.base/java.util.concurrent.CompletableFuture$AsyncSupply.run(CompletableFuture.java:1770) ~[?:?]
		at TRANSFORMER/c2me_base@0.4.0-alpha.0.120+1.21.1/com.ishland.c2me.base.common.scheduler.WrappingTask.run(WrappingTask.java:45) ~[c2me-neoforge-base-mc1.21.1-0.4.0-alpha.0.120-all.jar%23522!/:?]
		at TRANSFORMER/c2me_base@0.4.0-alpha.0.120+1.21.1/com.ishland.flowsched.executor.WorkerThread.pollTasks(WorkerThread.java:51) ~[c2me-neoforge-base-mc1.21.1-0.4.0-alpha.0.120-all.jar%23522!/:?]
		at TRANSFORMER/c2me_base@0.4.0-alpha.0.120+1.21.1/com.ishland.flowsched.executor.WorkerThread.run(WorkerThread.java:29) ~[c2me-neoforge-base-mc1.21.1-0.4.0-alpha.0.120-all.jar%23522!/:?]
	Caused by: net.minecraft.nbt.ReportedNbtException: Loading NBT data
		at TRANSFORMER/minecraft@1.21.1/net.minecraft.nbt.CompoundTag.readNamedTagData(CompoundTag.java:530) ~[server-1.21.1-20240808.144430-srg.jar%23247!/:?]
		at TRANSFORMER/minecraft@1.21.1/net.minecraft.nbt.CompoundTag$1.loadCompound(CompoundTag.java:62) ~[server-1.21.1-20240808.144430-srg.jar%23247!/:?]
		at TRANSFORMER/minecraft@1.21.1/net.minecraft.nbt.CompoundTag$1.load(CompoundTag.java:41) ~[server-1.21.1-20240808.144430-srg.jar%23247!/:?]
		at TRANSFORMER/minecraft@1.21.1/net.minecraft.nbt.CompoundTag$1.load(CompoundTag.java:35) ~[server-1.21.1-20240808.144430-srg.jar%23247!/:?]
		at TRANSFORMER/minecraft@1.21.1/net.minecraft.nbt.ListTag$1.loadList(ListTag.java:40) ~[server-1.21.1-20240808.144430-srg.jar%23247!/:?]
		at TRANSFORMER/minecraft@1.21.1/net.minecraft.nbt.ListTag$1.load(ListTag.java:20) ~[server-1.21.1-20240808.144430-srg.jar%23247!/:?]
		at TRANSFORMER/minecraft@1.21.1/net.minecraft.nbt.ListTag$1.load(ListTag.java:14) ~[server-1.21.1-20240808.144430-srg.jar%23247!/:?]
		at TRANSFORMER/minecraft@1.21.1/net.minecraft.nbt.CompoundTag.readNamedTagData(CompoundTag.java:524) ~[server-1.21.1-20240808.144430-srg.jar%23247!/:?]
		at TRANSFORMER/minecraft@1.21.1/net.minecraft.nbt.CompoundTag$1.loadCompound(CompoundTag.java:62) ~[server-1.21.1-20240808.144430-srg.jar%23247!/:?]
		at TRANSFORMER/minecraft@1.21.1/net.minecraft.nbt.CompoundTag$1.load(CompoundTag.java:41) ~[server-1.21.1-20240808.144430-srg.jar%23247!/:?]
		at TRANSFORMER/minecraft@1.21.1/net.minecraft.nbt.CompoundTag$1.load(CompoundTag.java:35) ~[server-1.21.1-20240808.144430-srg.jar%23247!/:?]
		at TRANSFORMER/minecraft@1.21.1/net.minecraft.nbt.NbtIo.readTagSafe(NbtIo.java:193) ~[server-1.21.1-20240808.144430-srg.jar%23247!/:?]
		at TRANSFORMER/minecraft@1.21.1/net.minecraft.nbt.NbtIo.readUnnamedTag(NbtIo.java:187) ~[server-1.21.1-20240808.144430-srg.jar%23247!/:?]
		at TRANSFORMER/minecraft@1.21.1/net.minecraft.nbt.NbtIo.read(NbtIo.java:121) ~[server-1.21.1-20240808.144430-srg.jar%23247!/:?]
		at TRANSFORMER/minecraft@1.21.1/net.minecraft.nbt.NbtIo.read(NbtIo.java:117) ~[server-1.21.1-20240808.144430-srg.jar%23247!/:?]
		at TRANSFORMER/c2me_rewrites_chunkio@0.4.0-alpha.0.120+1.21.1/com.ishland.c2me.rewrites.chunkio.common.C2MEStorageThread.lambda$scheduleChunkRead$0(C2MEStorageThread.java:378) ~[c2me-neoforge-rewrites-chunkio-mc1.21.1-0.4.0-alpha.0.120.jar%23607!/:?]
		at java.base/java.util.concurrent.CompletableFuture$AsyncSupply.run(CompletableFuture.java:1768) ~[?:?]
		... 3 more
	Caused by: java.io.EOFException: Unexpected end of ZLIB input stream
		at java.base/java.util.zip.InflaterInputStream.fill(InflaterInputStream.java:266) ~[?:?]
		at java.base/java.util.zip.InflaterInputStream.read(InflaterInputStream.java:175) ~[?:?]
		at TRANSFORMER/minecraft@1.21.1/net.minecraft.util.FastBufferedInputStream.read(FastBufferedInputStream.java:45) ~[server-1.21.1-20240808.144430-srg.jar%23247!/:?]
		at java.base/java.io.DataInputStream.readFully(DataInputStream.java:208) ~[?:?]
		at java.base/java.io.DataInputStream.readUTF(DataInputStream.java:594) ~[?:?]
		at java.base/java.io.DataInputStream.readUTF(DataInputStream.java:550) ~[?:?]
		at TRANSFORMER/minecraft@1.21.1/net.minecraft.nbt.CompoundTag$1.loadCompound(CompoundTag.java:60) ~[server-1.21.1-20240808.144430-srg.jar%23247!/:?]
		at TRANSFORMER/minecraft@1.21.1/net.minecraft.nbt.CompoundTag$1.load(CompoundTag.java:41) ~[server-1.21.1-20240808.144430-srg.jar%23247!/:?]
		at TRANSFORMER/minecraft@1.21.1/net.minecraft.nbt.CompoundTag$1.load(CompoundTag.java:35) ~[server-1.21.1-20240808.144430-srg.jar%23247!/:?]
		at TRANSFORMER/minecraft@1.21.1/net.minecraft.nbt.CompoundTag.readNamedTagData(CompoundTag.java:524) ~[server-1.21.1-20240808.144430-srg.jar%23247!/:?]
		at TRANSFORMER/minecraft@1.21.1/net.minecraft.nbt.CompoundTag$1.loadCompound(CompoundTag.java:62) ~[server-1.21.1-20240808.144430-srg.jar%23247!/:?]
		at TRANSFORMER/minecraft@1.21.1/net.minecraft.nbt.CompoundTag$1.load(CompoundTag.java:41) ~[server-1.21.1-20240808.144430-srg.jar%23247!/:?]
		at TRANSFORMER/minecraft@1.21.1/net.minecraft.nbt.CompoundTag$1.load(CompoundTag.java:35) ~[server-1.21.1-20240808.144430-srg.jar%23247!/:?]
		at TRANSFORMER/minecraft@1.21.1/net.minecraft.nbt.ListTag$1.loadList(ListTag.java:40) ~[server-1.21.1-20240808.144430-srg.jar%23247!/:?]
		at TRANSFORMER/minecraft@1.21.1/net.minecraft.nbt.ListTag$1.load(ListTag.java:20) ~[server-1.21.1-20240808.144430-srg.jar%23247!/:?]
		at TRANSFORMER/minecraft@1.21.1/net.minecraft.nbt.ListTag$1.load(ListTag.java:14) ~[server-1.21.1-20240808.144430-srg.jar%23247!/:?]
		at TRANSFORMER/minecraft@1.21.1/net.minecraft.nbt.CompoundTag.readNamedTagData(CompoundTag.java:524) ~[server-1.21.1-20240808.144430-srg.jar%23247!/:?]
		at TRANSFORMER/minecraft@1.21.1/net.minecraft.nbt.CompoundTag$1.loadCompound(CompoundTag.java:62) ~[server-1.21.1-20240808.144430-srg.jar%23247!/:?]
		at TRANSFORMER/minecraft@1.21.1/net.minecraft.nbt.CompoundTag$1.load(CompoundTag.java:41) ~[server-1.21.1-20240808.144430-srg.jar%23247!/:?]
		at TRANSFORMER/minecraft@1.21.1/net.minecraft.nbt.CompoundTag$1.load(CompoundTag.java:35) ~[server-1.21.1-20240808.144430-srg.jar%23247!/:?]
		at TRANSFORMER/minecraft@1.21.1/net.minecraft.nbt.NbtIo.readTagSafe(NbtIo.java:193) ~[server-1.21.1-20240808.144430-srg.jar%23247!/:?]
		at TRANSFORMER/minecraft@1.21.1/net.minecraft.nbt.NbtIo.readUnnamedTag(NbtIo.java:187) ~[server-1.21.1-20240808.144430-srg.jar%23247!/:?]
		at TRANSFORMER/minecraft@1.21.1/net.minecraft.nbt.NbtIo.read(NbtIo.java:121) ~[server-1.21.1-20240808.144430-srg.jar%23247!/:?]
		at TRANSFORMER/minecraft@1.21.1/net.minecraft.nbt.NbtIo.read(NbtIo.java:117) ~[server-1.21.1-20240808.144430-srg.jar%23247!/:?]
		at TRANSFORMER/c2me_rewrites_chunkio@0.4.0-alpha.0.120+1.21.1/com.ishland.c2me.rewrites.chunkio.common.C2MEStorageThread.lambda$scheduleChunkRead$0(C2MEStorageThread.java:378) ~[c2me-neoforge-rewrites-chunkio-mc1.21.1-0.4.0-alpha.0.120.jar%23607!/:?]
		at java.base/java.util.concurrent.CompletableFuture$AsyncSupply.run(CompletableFuture.java:1768) ~[?:?]
		... 3 more
[15Sept2026 11:40:46.683] [Server thread/WARN] [ReadFromDisk/]: Failed to load chunk at [1312, 1207]
java.util.concurrent.CompletionException: net.minecraft.nbt.ReportedNbtException: Loading NBT data
	at java.base/java.util.concurrent.CompletableFuture.encodeThrowable(CompletableFuture.java:315) ~[?:?]
	at java.base/java.util.concurrent.CompletableFuture.completeThrowable(CompletableFuture.java:320) ~[?:?]
	at java.base/java.util.concurrent.CompletableFuture$AsyncSupply.run(CompletableFuture.java:1770) ~[?:?]
	at TRANSFORMER/c2me_base@0.4.0-alpha.0.120+1.21.1/com.ishland.c2me.base.common.scheduler.WrappingTask.run(WrappingTask.java:45) ~[c2me-neoforge-base-mc1.21.1-0.4.0-alpha.0.120-all.jar%23522!/:?]
	at TRANSFORMER/c2me_base@0.4.0-alpha.0.120+1.21.1/com.ishland.flowsched.executor.WorkerThread.pollTasks(WorkerThread.java:51) ~[c2me-neoforge-base-mc1.21.1-0.4.0-alpha.0.120-all.jar%23522!/:?]
	at TRANSFORMER/c2me_base@0.4.0-alpha.0.120+1.21.1/com.ishland.flowsched.executor.WorkerThread.run(WorkerThread.java:29) ~[c2me-neoforge-base-mc1.21.1-0.4.0-alpha.0.120-all.jar%23522!/:?]
Caused by: net.minecraft.nbt.ReportedNbtException: Loading NBT data
	at TRANSFORMER/minecraft@1.21.1/net.minecraft.nbt.CompoundTag.readNamedTagData(CompoundTag.java:530) ~[server-1.21.1-20240808.144430-srg.jar%23247!/:?]
	at TRANSFORMER/minecraft@1.21.1/net.minecraft.nbt.CompoundTag$1.loadCompound(CompoundTag.java:62) ~[server-1.21.1-20240808.144430-srg.jar%23247!/:?]
	at TRANSFORMER/minecraft@1.21.1/net.minecraft.nbt.CompoundTag$1.load(CompoundTag.java:41) ~[server-1.21.1-20240808.144430-srg.jar%23247!/:?]
	at TRANSFORMER/minecraft@1.21.1/net.minecraft.nbt.CompoundTag$1.load(CompoundTag.java:35) ~[server-1.21.1-20240808.144430-srg.jar%23247!/:?]
	at TRANSFORMER/minecraft@1.21.1/net.minecraft.nbt.ListTag$1.loadList(ListTag.java:40) ~[server-1.21.1-20240808.144430-srg.jar%23247!/:?]
	at TRANSFORMER/minecraft@1.21.1/net.minecraft.nbt.ListTag$1.load(ListTag.java:20) ~[server-1.21.1-20240808.144430-srg.jar%23247!/:?]
	at TRANSFORMER/minecraft@1.21.1/net.minecraft.nbt.ListTag$1.load(ListTag.java:14) ~[server-1.21.1-20240808.144430-srg.jar%23247!/:?]
	at TRANSFORMER/minecraft@1.21.1/net.minecraft.nbt.CompoundTag.readNamedTagData(CompoundTag.java:524) ~[server-1.21.1-20240808.144430-srg.jar%23247!/:?]
	at TRANSFORMER/minecraft@1.21.1/net.minecraft.nbt.CompoundTag$1.loadCompound(CompoundTag.java:62) ~[server-1.21.1-20240808.144430-srg.jar%23247!/:?]
	at TRANSFORMER/minecraft@1.21.1/net.minecraft.nbt.CompoundTag$1.load(CompoundTag.java:41) ~[server-1.21.1-20240808.144430-srg.jar%23247!/:?]
	at TRANSFORMER/minecraft@1.21.1/net.minecraft.nbt.CompoundTag$1.load(CompoundTag.java:35) ~[server-1.21.1-20240808.144430-srg.jar%23247!/:?]
	at TRANSFORMER/minecraft@1.21.1/net.minecraft.nbt.NbtIo.readTagSafe(NbtIo.java:193) ~[server-1.21.1-20240808.144430-srg.jar%23247!/:?]
	at TRANSFORMER/minecraft@1.21.1/net.minecraft.nbt.NbtIo.readUnnamedTag(NbtIo.java:187) ~[server-1.21.1-20240808.144430-srg.jar%23247!/:?]
	at TRANSFORMER/minecraft@1.21.1/net.minecraft.nbt.NbtIo.read(NbtIo.java:121) ~[server-1.21.1-20240808.144430-srg.jar%23247!/:?]
	at TRANSFORMER/minecraft@1.21.1/net.minecraft.nbt.NbtIo.read(NbtIo.java:117) ~[server-1.21.1-20240808.144430-srg.jar%23247!/:?]
	at TRANSFORMER/c2me_rewrites_chunkio@0.4.0-alpha.0.120+1.21.1/com.ishland.c2me.rewrites.chunkio.common.C2MEStorageThread.lambda$scheduleChunkRead$0(C2MEStorageThread.java:378) ~[c2me-neoforge-rewrites-chunkio-mc1.21.1-0.4.0-alpha.0.120.jar%23607!/:?]
	at java.base/java.util.concurrent.CompletableFuture$AsyncSupply.run(CompletableFuture.java:1768) ~[?:?]
	... 3 more
Caused by: java.io.EOFException: Unexpected end of ZLIB input stream
	at java.base/java.util.zip.InflaterInputStream.fill(InflaterInputStream.java:266) ~[?:?]
	at java.base/java.util.zip.InflaterInputStream.read(InflaterInputStream.java:175) ~[?:?]
	at TRANSFORMER/minecraft@1.21.1/net.minecraft.util.FastBufferedInputStream.read(FastBufferedInputStream.java:45) ~[server-1.21.1-20240808.144430-srg.jar%23247!/:?]
	at java.base/java.io.DataInputStream.readFully(DataInputStream.java:208) ~[?:?]
	at java.base/java.io.DataInputStream.readUTF(DataInputStream.java:594) ~[?:?]
	at java.base/java.io.DataInputStream.readUTF(DataInputStream.java:550) ~[?:?]
	at TRANSFORMER/minecraft@1.21.1/net.minecraft.nbt.CompoundTag$1.loadCompound(CompoundTag.java:60) ~[server-1.21.1-20240808.144430-srg.jar%23247!/:?]
	at TRANSFORMER/minecraft@1.21.1/net.minecraft.nbt.CompoundTag$1.load(CompoundTag.java:41) ~[server-1.21.1-20240808.144430-srg.jar%23247!/:?]
	at TRANSFORMER/minecraft@1.21.1/net.minecraft.nbt.CompoundTag$1.load(CompoundTag.java:35) ~[server-1.21.1-20240808.144430-srg.jar%23247!/:?]
	at TRANSFORMER/minecraft@1.21.1/net.minecraft.nbt.CompoundTag.readNamedTagData(CompoundTag.java:524) ~[server-1.21.1-20240808.144430-srg.jar%23247!/:?]
	at TRANSFORMER/minecraft@1.21.1/net.minecraft.nbt.CompoundTag$1.loadCompound(CompoundTag.java:62) ~[server-1.21.1-20240808.144430-srg.jar%23247!/:?]
	at TRANSFORMER/minecraft@1.21.1/net.minecraft.nbt.CompoundTag$1.load(CompoundTag.java:41) ~[server-1.21.1-20240808.144430-srg.jar%23247!/:?]
	at TRANSFORMER/minecraft@1.21.1/net.minecraft.nbt.CompoundTag$1.load(CompoundTag.java:35) ~[server-1.21.1-20240808.144430-srg.jar%23247!/:?]
	at TRANSFORMER/minecraft@1.21.1/net.minecraft.nbt.ListTag$1.loadList(ListTag.java:40) ~[server-1.21.1-20240808.144430-srg.jar%23247!/:?]
	at TRANSFORMER/minecraft@1.21.1/net.minecraft.nbt.ListTag$1.load(ListTag.java:20) ~[server-1.21.1-20240808.144430-srg.jar%23247!/:?]
	at TRANSFORMER/minecraft@1.21.1/net.minecraft.nbt.ListTag$1.load(ListTag.java:14) ~[server-1.21.1-20240808.144430-srg.jar%23247!/:?]
	at TRANSFORMER/minecraft@1.21.1/net.minecraft.nbt.CompoundTag.readNamedTagData(CompoundTag.java:524) ~[server-1.21.1-20240808.144430-srg.jar%23247!/:?]
	at TRANSFORMER/minecraft@1.21.1/net.minecraft.nbt.CompoundTag$1.loadCompound(CompoundTag.java:62) ~[server-1.21.1-20240808.144430-srg.jar%23247!/:?]
	at TRANSFORMER/minecraft@1.21.1/net.minecraft.nbt.CompoundTag$1.load(CompoundTag.java:41) ~[server-1.21.1-20240808.144430-srg.jar%23247!/:?]
	at TRANSFORMER/minecraft@1.21.1/net.minecraft.nbt.CompoundTag$1.load(CompoundTag.java:35) ~[server-1.21.1-20240808.144430-srg.jar%23247!/:?]
	at TRANSFORMER/minecraft@1.21.1/net.minecraft.nbt.NbtIo.readTagSafe(NbtIo.java:193) ~[server-1.21.1-20240808.144430-srg.jar%23247!/:?]
	at TRANSFORMER/minecraft@1.21.1/net.minecraft.nbt.NbtIo.readUnnamedTag(NbtIo.java:187) ~[server-1.21.1-20240808.144430-srg.jar%23247!/:?]
	at TRANSFORMER/minecraft@1.21.1/net.minecraft.nbt.NbtIo.read(NbtIo.java:121) ~[server-1.21.1-20240808.144430-srg.jar%23247!/:?]
	at TRANSFORMER/minecraft@1.21.1/net.minecraft.nbt.NbtIo.read(NbtIo.java:117) ~[server-1.21.1-20240808.144430-srg.jar%23247!/:?]
	at TRANSFORMER/c2me_rewrites_chunkio@0.4.0-alpha.0.120+1.21.1/com.ishland.c2me.rewrites.chunkio.common.C2MEStorageThread.lambda$scheduleChunkRead$0(C2MEStorageThread.java:378) ~[c2me-neoforge-rewrites-chunkio-mc1.21.1-0.4.0-alpha.0.120.jar%23607!/:?]
	at java.base/java.util.concurrent.CompletableFuture$AsyncSupply.run(CompletableFuture.java:1768) ~[?:?]
	... 3 more
[15Sept2026 11:40:46.919] [Server thread/WARN] [ReadFromDisk/]: Failed to load chunk at [1312, 1207]
java.util.concurrent.CompletionException: net.minecraft.nbt.ReportedNbtException: Loading NBT data
	at java.base/java.util.concurrent.CompletableFuture.encodeThrowable(CompletableFuture.java:315) ~[?:?]
	at java.base/java.util.concurrent.CompletableFuture.completeThrowable(CompletableFuture.java:320) ~[?:?]
	at java.base/java.util.concurrent.CompletableFuture$AsyncSupply.run(CompletableFuture.java:1770) ~[?:?]
	at TRANSFORMER/c2me_base@0.4.0-alpha.0.120+1.21.1/com.ishland.c2me.base.common.scheduler.WrappingTask.run(WrappingTask.java:45) ~[c2me-neoforge-base-mc1.21.1-0.4.0-alpha.0.120-all.jar%23522!/:?]
	at TRANSFORMER/c2me_base@0.4.0-alpha.0.120+1.21.1/com.ishland.flowsched.executor.WorkerThread.pollTasks(WorkerThread.java:51) ~[c2me-neoforge-base-mc1.21.1-0.4.0-alpha.0.120-all.jar%23522!/:?]
	at TRANSFORMER/c2me_base@0.4.0-alpha.0.120+1.21.1/com.ishland.flowsched.executor.WorkerThread.run(WorkerThread.java:29) ~[c2me-neoforge-base-mc1.21.1-0.4.0-alpha.0.120-all.jar%23522!/:?]
Caused by: net.minecraft.nbt.ReportedNbtException: Loading NBT data
	at TRANSFORMER/minecraft@1.21.1/net.minecraft.nbt.CompoundTag.readNamedTagData(CompoundTag.java:530) ~[server-1.21.1-20240808.144430-srg.jar%23247!/:?]
	at TRANSFORMER/minecraft@1.21.1/net.minecraft.nbt.CompoundTag$1.loadCompound(CompoundTag.java:62) ~[server-1.21.1-20240808.144430-srg.jar%23247!/:?]
	at TRANSFORMER/minecraft@1.21.1/net.minecraft.nbt.CompoundTag$1.load(CompoundTag.java:41) ~[server-1.21.1-20240808.144430-srg.jar%23247!/:?]
	at TRANSFORMER/minecraft@1.21.1/net.minecraft.nbt.CompoundTag$1.load(CompoundTag.java:35) ~[server-1.21.1-20240808.144430-srg.jar%23247!/:?]
	at TRANSFORMER/minecraft@1.21.1/net.minecraft.nbt.ListTag$1.loadList(ListTag.java:40) ~[server-1.21.1-20240808.144430-srg.jar%23247!/:?]
	at TRANSFORMER/minecraft@1.21.1/net.minecraft.nbt.ListTag$1.load(ListTag.java:20) ~[server-1.21.1-20240808.144430-srg.jar%23247!/:?]
	at TRANSFORMER/minecraft@1.21.1/net.minecraft.nbt.ListTag$1.load(ListTag.java:14) ~[server-1.21.1-20240808.144430-srg.jar%23247!/:?]
	at TRANSFORMER/minecraft@1.21.1/net.minecraft.nbt.CompoundTag.readNamedTagData(CompoundTag.java:524) ~[server-1.21.1-20240808.144430-srg.jar%23247!/:?]
	at TRANSFORMER/minecraft@1.21.1/net.minecraft.nbt.CompoundTag$1.loadCompound(CompoundTag.java:62) ~[server-1.21.1-20240808.144430-srg.jar%23247!/:?]
	at TRANSFORMER/minecraft@1.21.1/net.minecraft.nbt.CompoundTag$1.load(CompoundTag.java:41) ~[server-1.21.1-20240808.144430-srg.jar%23247!/:?]
	at TRANSFORMER/minecraft@1.21.1/net.minecraft.nbt.CompoundTag$1.load(CompoundTag.java:35) ~[server-1.21.1-20240808.144430-srg.jar%23247!/:?]
	at TRANSFORMER/minecraft@1.21.1/net.minecraft.nbt.NbtIo.readTagSafe(NbtIo.java:193) ~[server-1.21.1-20240808.144430-srg.jar%23247!/:?]
	at TRANSFORMER/minecraft@1.21.1/net.minecraft.nbt.NbtIo.readUnnamedTag(NbtIo.java:187) ~[server-1.21.1-20240808.144430-srg.jar%23247!/:?]
	at TRANSFORMER/minecraft@1.21.1/net.minecraft.nbt.NbtIo.read(NbtIo.java:121) ~[server-1.21.1-20240808.144430-srg.jar%23247!/:?]
	at TRANSFORMER/minecraft@1.21.1/net.minecraft.nbt.NbtIo.read(NbtIo.java:117) ~[server-1.21.1-20240808.144430-srg.jar%23247!/:?]
	at TRANSFORMER/c2me_rewrites_chunkio@0.4.0-alpha.0.120+1.21.1/com.ishland.c2me.rewrites.chunkio.common.C2MEStorageThread.lambda$scheduleChunkRead$0(C2MEStorageThread.java:378) ~[c2me-neoforge-rewrites-chunkio-mc1.21.1-0.4.0-alpha.0.120.jar%23607!/:?]
	at java.base/java.util.concurrent.CompletableFuture$AsyncSupply.run(CompletableFuture.java:1768) ~[?:?]
	... 3 more
Caused by: java.io.EOFException: Unexpected end of ZLIB input stream
	at java.base/java.util.zip.InflaterInputStream.fill(InflaterInputStream.java:266) ~[?:?]
	at java.base/java.util.zip.InflaterInputStream.read(InflaterInputStream.java:175) ~[?:?]
	at TRANSFORMER/minecraft@1.21.1/net.minecraft.util.FastBufferedInputStream.read(FastBufferedInputStream.java:45) ~[server-1.21.1-20240808.144430-srg.jar%23247!/:?]
	at java.base/java.io.DataInputStream.readFully(DataInputStream.java:208) ~[?:?]
	at java.base/java.io.DataInputStream.readUTF(DataInputStream.java:594) ~[?:?]
	at java.base/java.io.DataInputStream.readUTF(DataInputStream.java:550) ~[?:?]
	at TRANSFORMER/minecraft@1.21.1/net.minecraft.nbt.CompoundTag$1.loadCompound(CompoundTag.java:60) ~[server-1.21.1-20240808.144430-srg.jar%23247!/:?]
	at TRANSFORMER/minecraft@1.21.1/net.minecraft.nbt.CompoundTag$1.load(CompoundTag.java:41) ~[server-1.21.1-20240808.144430-srg.jar%23247!/:?]
	at TRANSFORMER/minecraft@1.21.1/net.minecraft.nbt.CompoundTag$1.load(CompoundTag.java:35) ~[server-1.21.1-20240808.144430-srg.jar%23247!/:?]
	at TRANSFORMER/minecraft@1.21.1/net.minecraft.nbt.CompoundTag.readNamedTagData(CompoundTag.java:524) ~[server-1.21.1-20240808.144430-srg.jar%23247!/:?]
	at TRANSFORMER/minecraft@1.21.1/net.minecraft.nbt.CompoundTag$1.loadCompound(CompoundTag.java:62) ~[server-1.21.1-20240808.144430-srg.jar%23247!/:?]
	at TRANSFORMER/minecraft@1.21.1/net.minecraft.nbt.CompoundTag$1.load(CompoundTag.java:41) ~[server-1.21.1-20240808.144430-srg.jar%23247!/:?]
	at TRANSFORMER/minecraft@1.21.1/net.minecraft.nbt.CompoundTag$1.load(CompoundTag.java:35) ~[server-1.21.1-20240808.144430-srg.jar%23247!/:?]
	at TRANSFORMER/minecraft@1.21.1/net.minecraft.nbt.ListTag$1.loadList(ListTag.java:40) ~[server-1.21.1-20240808.144430-srg.jar%23247!/:?]
	at TRANSFORMER/minecraft@1.21.1/net.minecraft.nbt.ListTag$1.load(ListTag.java:20) ~[server-1.21.1-20240808.144430-srg.jar%23247!/:?]
	at TRANSFORMER/minecraft@1.21.1/net.minecraft.nbt.ListTag$1.load(ListTag.java:14) ~[server-1.21.1-20240808.144430-srg.jar%23247!/:?]
	at TRANSFORMER/minecraft@1.21.1/net.minecraft.nbt.CompoundTag.readNamedTagData(CompoundTag.java:524) ~[server-1.21.1-20240808.144430-srg.jar%23247!/:?]
	at TRANSFORMER/minecraft@1.21.1/net.minecraft.nbt.CompoundTag$1.loadCompound(CompoundTag.java:62) ~[server-1.21.1-20240808.144430-srg.jar%23247!/:?]
	at TRANSFORMER/minecraft@1.21.1/net.minecraft.nbt.CompoundTag$1.load(CompoundTag.java:41) ~[server-1.21.1-20240808.144430-srg.jar%23247!/:?]
	at TRANSFORMER/minecraft@1.21.1/net.minecraft.nbt.CompoundTag$1.load(CompoundTag.java:35) ~[server-1.21.1-20240808.144430-srg.jar%23247!/:?]
	at TRANSFORMER/minecraft@1.21.1/net.minecraft.nbt.NbtIo.readTagSafe(NbtIo.java:193) ~[server-1.21.1-20240808.144430-srg.jar%23247!/:?]
	at TRANSFORMER/minecraft@1.21.1/net.minecraft.nbt.NbtIo.readUnnamedTag(NbtIo.java:187) ~[server-1.21.1-20240808.144430-srg.jar%23247!/:?]
	at TRANSFORMER/minecraft@1.21.1/net.minecraft.nbt.NbtIo.read(NbtIo.java:121) ~[server-1.21.1-20240808.144430-srg.jar%23247!/:?]
	at TRANSFORMER/minecraft@1.21.1/net.minecraft.nbt.NbtIo.read(NbtIo.java:117) ~[server-1.21.1-20240808.144430-srg.jar%23247!/:?]
	at TRANSFORMER/c2me_rewrites_chunkio@0.4.0-alpha.0.120+1.21.1/com.ishland.c2me.rewrites.chunkio.common.C2MEStorageThread.lambda$scheduleChunkRead$0(C2MEStorageThread.java:378) ~[c2me-neoforge-rewrites-chunkio-mc1.21.1-0.4.0-alpha.0.120.jar%23607!/:?]
	at java.base/java.util.concurrent.CompletableFuture$AsyncSupply.run(CompletableFuture.java:1768) ~[?:?]
	... 3 more
[15Sept2026 11:40:47.353] [Server thread/WARN] [ReadFromDisk/]: Failed to load chunk at [1312, 1207]
java.util.concurrent.CompletionException: net.minecraft.nbt.ReportedNbtException: Loading NBT data
	at java.base/java.util.concurrent.CompletableFuture.encodeThrowable(CompletableFuture.java:315) ~[?:?]
	at java.base/java.util.concurrent.CompletableFuture.completeThrowable(CompletableFuture.java:320) ~[?:?]
	at java.base/java.util.concurrent.CompletableFuture$AsyncSupply.run(CompletableFuture.java:1770) ~[?:?]
	at TRANSFORMER/c2me_base@0.4.0-alpha.0.120+1.21.1/com.ishland.c2me.base.common.scheduler.WrappingTask.run(WrappingTask.java:45) ~[c2me-neoforge-base-mc1.21.1-0.4.0-alpha.0.120-all.jar%23522!/:?]
	at TRANSFORMER/c2me_base@0.4.0-alpha.0.120+1.21.1/com.ishland.flowsched.executor.WorkerThread.pollTasks(WorkerThread.java:51) ~[c2me-neoforge-base-mc1.21.1-0.4.0-alpha.0.120-all.jar%23522!/:?]
	at TRANSFORMER/c2me_base@0.4.0-alpha.0.120+1.21.1/com.ishland.flowsched.executor.WorkerThread.run(WorkerThread.java:29) ~[c2me-neoforge-base-mc1.21.1-0.4.0-alpha.0.120-all.jar%23522!/:?]
Caused by: net.minecraft.nbt.ReportedNbtException: Loading NBT data
	at TRANSFORMER/minecraft@1.21.1/net.minecraft.nbt.CompoundTag.readNamedTagData(CompoundTag.java:530) ~[server-1.21.1-20240808.144430-srg.jar%23247!/:?]
	at TRANSFORMER/minecraft@1.21.1/net.minecraft.nbt.CompoundTag$1.loadCompound(CompoundTag.java:62) ~[server-1.21.1-20240808.144430-srg.jar%23247!/:?]
	at TRANSFORMER/minecraft@1.21.1/net.minecraft.nbt.CompoundTag$1.load(CompoundTag.java:41) ~[server-1.21.1-20240808.144430-srg.jar%23247!/:?]
	at TRANSFORMER/minecraft@1.21.1/net.minecraft.nbt.CompoundTag$1.load(CompoundTag.java:35) ~[server-1.21.1-20240808.144430-srg.jar%23247!/:?]
	at TRANSFORMER/minecraft@1.21.1/net.minecraft.nbt.ListTag$1.loadList(ListTag.java:40) ~[server-1.21.1-20240808.144430-srg.jar%23247!/:?]
	at TRANSFORMER/minecraft@1.21.1/net.minecraft.nbt.ListTag$1.load(ListTag.java:20) ~[server-1.21.1-20240808.144430-srg.jar%23247!/:?]
	at TRANSFORMER/minecraft@1.21.1/net.minecraft.nbt.ListTag$1.load(ListTag.java:14) ~[server-1.21.1-20240808.144430-srg.jar%23247!/:?]
	at TRANSFORMER/minecraft@1.21.1/net.minecraft.nbt.CompoundTag.readNamedTagData(CompoundTag.java:524) ~[server-1.21.1-20240808.144430-srg.jar%23247!/:?]
	at TRANSFORMER/minecraft@1.21.1/net.minecraft.nbt.CompoundTag$1.loadCompound(CompoundTag.java:62) ~[server-1.21.1-20240808.144430-srg.jar%23247!/:?]
	at TRANSFORMER/minecraft@1.21.1/net.minecraft.nbt.CompoundTag$1.load(CompoundTag.java:41) ~[server-1.21.1-20240808.144430-srg.jar%23247!/:?]
	at TRANSFORMER/minecraft@1.21.1/net.minecraft.nbt.CompoundTag$1.load(CompoundTag.java:35) ~[server-1.21.1-20240808.144430-srg.jar%23247!/:?]
	at TRANSFORMER/minecraft@1.21.1/net.minecraft.nbt.NbtIo.readTagSafe(NbtIo.java:193) ~[server-1.21.1-20240808.144430-srg.jar%23247!/:?]
	at TRANSFORMER/minecraft@1.21.1/net.minecraft.nbt.NbtIo.readUnnamedTag(NbtIo.java:187) ~[server-1.21.1-20240808.144430-srg.jar%23247!/:?]
	at TRANSFORMER/minecraft@1.21.1/net.minecraft.nbt.NbtIo.read(NbtIo.java:121) ~[server-1.21.1-20240808.144430-srg.jar%23247!/:?]
	at TRANSFORMER/minecraft@1.21.1/net.minecraft.nbt.NbtIo.read(NbtIo.java:117) ~[server-1.21.1-20240808.144430-srg.jar%23247!/:?]
	at TRANSFORMER/c2me_rewrites_chunkio@0.4.0-alpha.0.120+1.21.1/com.ishland.c2me.rewrites.chunkio.common.C2MEStorageThread.lambda$scheduleChunkRead$0(C2MEStorageThread.java:378) ~[c2me-neoforge-rewrites-chunkio-mc1.21.1-0.4.0-alpha.0.120.jar%23607!/:?]
	at java.base/java.util.concurrent.CompletableFuture$AsyncSupply.run(CompletableFuture.java:1768) ~[?:?]
	... 3 more
Caused by: java.io.EOFException: Unexpected end of ZLIB input stream
	at java.base/java.util.zip.InflaterInputStream.fill(InflaterInputStream.java:266) ~[?:?]
	at java.base/java.util.zip.InflaterInputStream.read(InflaterInputStream.java:175) ~[?:?]
	at TRANSFORMER/minecraft@1.21.1/net.minecraft.util.FastBufferedInputStream.read(FastBufferedInputStream.java:45) ~[server-1.21.1-20240808.144430-srg.jar%23247!/:?]
	at java.base/java.io.DataInputStream.readFully(DataInputStream.java:208) ~[?:?]
	at java.base/java.io.DataInputStream.readUTF(DataInputStream.java:594) ~[?:?]
	at java.base/java.io.DataInputStream.readUTF(DataInputStream.java:550) ~[?:?]
	at TRANSFORMER/minecraft@1.21.1/net.minecraft.nbt.CompoundTag$1.loadCompound(CompoundTag.java:60) ~[server-1.21.1-20240808.144430-srg.jar%23247!/:?]
	at TRANSFORMER/minecraft@1.21.1/net.minecraft.nbt.CompoundTag$1.load(CompoundTag.java:41) ~[server-1.21.1-20240808.144430-srg.jar%23247!/:?]
	at TRANSFORMER/minecraft@1.21.1/net.minecraft.nbt.CompoundTag$1.load(CompoundTag.java:35) ~[server-1.21.1-20240808.144430-srg.jar%23247!/:?]
	at TRANSFORMER/minecraft@1.21.1/net.minecraft.nbt.CompoundTag.readNamedTagData(CompoundTag.java:524) ~[server-1.21.1-20240808.144430-srg.jar%23247!/:?]
	at TRANSFORMER/minecraft@1.21.1/net.minecraft.nbt.CompoundTag$1.loadCompound(CompoundTag.java:62) ~[server-1.21.1-20240808.144430-srg.jar%23247!/:?]
	at TRANSFORMER/minecraft@1.21.1/net.minecraft.nbt.CompoundTag$1.load(CompoundTag.java:41) ~[server-1.21.1-20240808.144430-srg.jar%23247!/:?]
	at TRANSFORMER/minecraft@1.21.1/net.minecraft.nbt.CompoundTag$1.load(CompoundTag.java:35) ~[server-1.21.1-20240808.144430-srg.jar%23247!/:?]
	at TRANSFORMER/minecraft@1.21.1/net.minecraft.nbt.ListTag$1.loadList(ListTag.java:40) ~[server-1.21.1-20240808.144430-srg.jar%23247!/:?]
	at TRANSFORMER/minecraft@1.21.1/net.minecraft.nbt.ListTag$1.load(ListTag.java:20) ~[server-1.21.1-20240808.144430-srg.jar%23247!/:?]
	at TRANSFORMER/minecraft@1.21.1/net.minecraft.nbt.ListTag$1.load(ListTag.java:14) ~[server-1.21.1-20240808.144430-srg.jar%23247!/:?]
	at TRANSFORMER/minecraft@1.21.1/net.minecraft.nbt.CompoundTag.readNamedTagData(CompoundTag.java:524) ~[server-1.21.1-20240808.144430-srg.jar%23247!/:?]
	at TRANSFORMER/minecraft@1.21.1/net.minecraft.nbt.CompoundTag$1.loadCompound(CompoundTag.java:62) ~[server-1.21.1-20240808.144430-srg.jar%23247!/:?]
	at TRANSFORMER/minecraft@1.21.1/net.minecraft.nbt.CompoundTag$1.load(CompoundTag.java:41) ~[server-1.21.1-20240808.144430-srg.jar%23247!/:?]
	at TRANSFORMER/minecraft@1.21.1/net.minecraft.nbt.CompoundTag$1.load(CompoundTag.java:35) ~[server-1.21.1-20240808.144430-srg.jar%23247!/:?]
	at TRANSFORMER/minecraft@1.21.1/net.minecraft.nbt.NbtIo.readTagSafe(NbtIo.java:193) ~[server-1.21.1-20240808.144430-srg.jar%23247!/:?]
	at TRANSFORMER/minecraft@1.21.1/net.minecraft.nbt.NbtIo.readUnnamedTag(NbtIo.java:187) ~[server-1.21.1-20240808.144430-srg.jar%23247!/:?]
	at TRANSFORMER/minecraft@1.21.1/net.minecraft.nbt.NbtIo.read(NbtIo.java:121) ~[server-1.21.1-20240808.144430-srg.jar%23247!/:?]
	at TRANSFORMER/minecraft@1.21.1/net.minecraft.nbt.NbtIo.read(NbtIo.java:117) ~[server-1.21.1-20240808.144430-srg.jar%23247!/:?]
	at TRANSFORMER/c2me_rewrites_chunkio@0.4.0-alpha.0.120+1.21.1/com.ishland.c2me.rewrites.chunkio.common.C2MEStorageThread.lambda$scheduleChunkRead$0(C2MEStorageThread.java:378) ~[c2me-neoforge-rewrites-chunkio-mc1.21.1-0.4.0-alpha.0.120.jar%23607!/:?]
	at java.base/java.util.concurrent.CompletableFuture$AsyncSupply.run(CompletableFuture.java:1768) ~[?:?]
	... 3 more
[15Sept2026 11:40:47.653] [RCON Listener #1/INFO] [net.minecraft.server.rcon.thread.GenericThread/]: Thread RCON Client /127.0.0.1 started
[15Sept2026 11:40:47.654] [RCON Client /127.0.0.1 #4/INFO] [net.minecraft.server.rcon.thread.RconClient/]: Thread RCON Client /127.0.0.1 shutting down
[15Sept2026 11:40:48.190] [Server thread/WARN] [ReadFromDisk/]: Failed to load chunk at [1312, 1207]
java.util.concurrent.CompletionException: net.minecraft.nbt.ReportedNbtException: Loading NBT data
	at java.base/java.util.concurrent.CompletableFuture.encodeThrowable(CompletableFuture.java:315) ~[?:?]
	at java.base/java.util.concurrent.CompletableFuture.completeThrowable(CompletableFuture.java:320) ~[?:?]
	at java.base/java.util.concurrent.CompletableFuture$AsyncSupply.run(CompletableFuture.java:1770) ~[?:?]
	at TRANSFORMER/c2me_base@0.4.0-alpha.0.120+1.21.1/com.ishland.c2me.base.common.scheduler.WrappingTask.run(WrappingTask.java:45) ~[c2me-neoforge-base-mc1.21.1-0.4.0-alpha.0.120-all.jar%23522!/:?]
	at TRANSFORMER/c2me_base@0.4.0-alpha.0.120+1.21.1/com.ishland.flowsched.executor.WorkerThread.pollTasks(WorkerThread.java:51) ~[c2me-neoforge-base-mc1.21.1-0.4.0-alpha.0.120-all.jar%23522!/:?]
	at TRANSFORMER/c2me_base@0.4.0-alpha.0.120+1.21.1/com.ishland.flowsched.executor.WorkerThread.run(WorkerThread.java:29) ~[c2me-neoforge-base-mc1.21.1-0.4.0-alpha.0.120-all.jar%23522!/:?]
Caused by: net.minecraft.nbt.ReportedNbtException: Loading NBT data
	at TRANSFORMER/minecraft@1.21.1/net.minecraft.nbt.CompoundTag.readNamedTagData(CompoundTag.java:530) ~[server-1.21.1-20240808.144430-srg.jar%23247!/:?]
	at TRANSFORMER/minecraft@1.21.1/net.minecraft.nbt.CompoundTag$1.loadCompound(CompoundTag.java:62) ~[server-1.21.1-20240808.144430-srg.jar%23247!/:?]
	at TRANSFORMER/minecraft@1.21.1/net.minecraft.nbt.CompoundTag$1.load(CompoundTag.java:41) ~[server-1.21.1-20240808.144430-srg.jar%23247!/:?]
	at TRANSFORMER/minecraft@1.21.1/net.minecraft.nbt.CompoundTag$1.load(CompoundTag.java:35) ~[server-1.21.1-20240808.144430-srg.jar%23247!/:?]
	at TRANSFORMER/minecraft@1.21.1/net.minecraft.nbt.ListTag$1.loadList(ListTag.java:40) ~[server-1.21.1-20240808.144430-srg.jar%23247!/:?]
	at TRANSFORMER/minecraft@1.21.1/net.minecraft.nbt.ListTag$1.load(ListTag.java:20) ~[server-1.21.1-20240808.144430-srg.jar%23247!/:?]
	at TRANSFORMER/minecraft@1.21.1/net.minecraft.nbt.ListTag$1.load(ListTag.java:14) ~[server-1.21.1-20240808.144430-srg.jar%23247!/:?]
	at TRANSFORMER/minecraft@1.21.1/net.minecraft.nbt.CompoundTag.readNamedTagData(CompoundTag.java:524) ~[server-1.21.1-20240808.144430-srg.jar%23247!/:?]
	at TRANSFORMER/minecraft@1.21.1/net.minecraft.nbt.CompoundTag$1.loadCompound(CompoundTag.java:62) ~[server-1.21.1-20240808.144430-srg.jar%23247!/:?]
	at TRANSFORMER/minecraft@1.21.1/net.minecraft.nbt.CompoundTag$1.load(CompoundTag.java:41) ~[server-1.21.1-20240808.144430-srg.jar%23247!/:?]
	at TRANSFORMER/minecraft@1.21.1/net.minecraft.nbt.CompoundTag$1.load(CompoundTag.java:35) ~[server-1.21.1-20240808.144430-srg.jar%23247!/:?]
	at TRANSFORMER/minecraft@1.21.1/net.minecraft.nbt.NbtIo.readTagSafe(NbtIo.java:193) ~[server-1.21.1-20240808.144430-srg.jar%23247!/:?]
	at TRANSFORMER/minecraft@1.21.1/net.minecraft.nbt.NbtIo.readUnnamedTag(NbtIo.java:187) ~[server-1.21.1-20240808.144430-srg.jar%23247!/:?]
	at TRANSFORMER/minecraft@1.21.1/net.minecraft.nbt.NbtIo.read(NbtIo.java:121) ~[server-1.21.1-20240808.144430-srg.jar%23247!/:?]
	at TRANSFORMER/minecraft@1.21.1/net.minecraft.nbt.NbtIo.read(NbtIo.java:117) ~[server-1.21.1-20240808.144430-srg.jar%23247!/:?]
	at TRANSFORMER/c2me_rewrites_chunkio@0.4.0-alpha.0.120+1.21.1/com.ishland.c2me.rewrites.chunkio.common.C2MEStorageThread.lambda$scheduleChunkRead$0(C2MEStorageThread.java:378) ~[c2me-neoforge-rewrites-chunkio-mc1.21.1-0.4.0-alpha.0.120.jar%23607!/:?]
	at java.base/java.util.concurrent.CompletableFuture$AsyncSupply.run(CompletableFuture.java:1768) ~[?:?]
	... 3 more
Caused by: java.io.EOFException: Unexpected end of ZLIB input stream
	at java.base/java.util.zip.InflaterInputStream.fill(InflaterInputStream.java:266) ~[?:?]
	at java.base/java.util.zip.InflaterInputStream.read(InflaterInputStream.java:175) ~[?:?]
	at TRANSFORMER/minecraft@1.21.1/net.minecraft.util.FastBufferedInputStream.read(FastBufferedInputStream.java:45) ~[server-1.21.1-20240808.144430-srg.jar%23247!/:?]
	at java.base/java.io.DataInputStream.readFully(DataInputStream.java:208) ~[?:?]
	at java.base/java.io.DataInputStream.readUTF(DataInputStream.java:594) ~[?:?]
	at java.base/java.io.DataInputStream.readUTF(DataInputStream.java:550) ~[?:?]
	at TRANSFORMER/minecraft@1.21.1/net.minecraft.nbt.CompoundTag$1.loadCompound(CompoundTag.java:60) ~[server-1.21.1-20240808.144430-srg.jar%23247!/:?]
	at TRANSFORMER/minecraft@1.21.1/net.minecraft.nbt.CompoundTag$1.load(CompoundTag.java:41) ~[server-1.21.1-20240808.144430-srg.jar%23247!/:?]
	at TRANSFORMER/minecraft@1.21.1/net.minecraft.nbt.CompoundTag$1.load(CompoundTag.java:35) ~[server-1.21.1-20240808.144430-srg.jar%23247!/:?]
	at TRANSFORMER/minecraft@1.21.1/net.minecraft.nbt.CompoundTag.readNamedTagData(CompoundTag.java:524) ~[server-1.21.1-20240808.144430-srg.jar%23247!/:?]
	at TRANSFORMER/minecraft@1.21.1/net.minecraft.nbt.CompoundTag$1.loadCompound(CompoundTag.java:62) ~[server-1.21.1-20240808.144430-srg.jar%23247!/:?]
	at TRANSFORMER/minecraft@1.21.1/net.minecraft.nbt.CompoundTag$1.load(CompoundTag.java:41) ~[server-1.21.1-20240808.144430-srg.jar%23247!/:?]
	at TRANSFORMER/minecraft@1.21.1/net.minecraft.nbt.CompoundTag$1.load(CompoundTag.java:35) ~[server-1.21.1-20240808.144430-srg.jar%23247!/:?]
	at TRANSFORMER/minecraft@1.21.1/net.minecraft.nbt.ListTag$1.loadList(ListTag.java:40) ~[server-1.21.1-20240808.144430-srg.jar%23247!/:?]
	at TRANSFORMER/minecraft@1.21.1/net.minecraft.nbt.ListTag$1.load(ListTag.java:20) ~[server-1.21.1-20240808.144430-srg.jar%23247!/:?]
	at TRANSFORMER/minecraft@1.21.1/net.minecraft.nbt.ListTag$1.load(ListTag.java:14) ~[server-1.21.1-20240808.144430-srg.jar%23247!/:?]
	at TRANSFORMER/minecraft@1.21.1/net.minecraft.nbt.CompoundTag.readNamedTagData(CompoundTag.java:524) ~[server-1.21.1-20240808.144430-srg.jar%23247!/:?]
	at TRANSFORMER/minecraft@1.21.1/net.minecraft.nbt.CompoundTag$1.loadCompound(CompoundTag.java:62) ~[server-1.21.1-20240808.144430-srg.jar%23247!/:?]
	at TRANSFORMER/minecraft@1.21.1/net.minecraft.nbt.CompoundTag$1.load(CompoundTag.java:41) ~[server-1.21.1-20240808.144430-srg.jar%23247!/:?]
	at TRANSFORMER/minecraft@1.21.1/net.minecraft.nbt.CompoundTag$1.load(CompoundTag.java:35) ~[server-1.21.1-20240808.144430-srg.jar%23247!/:?]
	at TRANSFORMER/minecraft@1.21.1/net.minecraft.nbt.NbtIo.readTagSafe(NbtIo.java:193) ~[server-1.21.1-20240808.144430-srg.jar%23247!/:?]
	at TRANSFORMER/minecraft@1.21.1/net.minecraft.nbt.NbtIo.readUnnamedTag(NbtIo.java:187) ~[server-1.21.1-20240808.144430-srg.jar%23247!/:?]
	at TRANSFORMER/minecraft@1.21.1/net.minecraft.nbt.NbtIo.read(NbtIo.java:121) ~[server-1.21.1-20240808.144430-srg.jar%23247!/:?]
	at TRANSFORMER/minecraft@1.21.1/net.minecraft.nbt.NbtIo.read(NbtIo.java:117) ~[server-1.21.1-20240808.144430-srg.jar%23247!/:?]
	at TRANSFORMER/c2me_rewrites_chunkio@0.4.0-alpha.0.120+1.21.1/com.ishland.c2me.rewrites.chunkio.common.C2MEStorageThread.lambda$scheduleChunkRead$0(C2MEStorageThread.java:378) ~[c2me-neoforge-rewrites-chunkio-mc1.21.1-0.4.0-alpha.0.120.jar%23607!/:?]
	at java.base/java.util.concurrent.CompletableFuture$AsyncSupply.run(CompletableFuture.java:1768) ~[?:?]
	... 3 more
[15Sept2026 11:40:48.191] [Server thread/ERROR] [net.minecraft.server.MinecraftServer/]: Failed to load chunk 1312,1207
com.ishland.c2me.base.common.util.RxJavaUtils$StacklessRuntimeException: Max retries reached
	Suppressed: java.lang.RuntimeException: Failed to load asynchronously, falling back to sync loading
		at TRANSFORMER/c2me_rewrites_chunk_system@0.4.0-alpha.0.120+1.21.1/com.ishland.c2me.rewrites.chunksystem.common.statuses.ReadFromDiskAsync.lambda$upgradeToThis$0(ReadFromDiskAsync.java:97) ~[c2me-neoforge-rewrites-chunk-system-mc1.21.1-0.4.0-alpha.0.120.jar%23622!/:?]
		at LAYER PLUGIN/io.reactivex.rxjava3@3.1.12/io.reactivex.rxjava3.internal.operators.single.SingleResumeNext$ResumeMainSingleObserver.onError(SingleResumeNext.java:73) ~[rxjava-3.1.12.jar%23627!/:?]
		at LAYER PLUGIN/io.reactivex.rxjava3@3.1.12/io.reactivex.rxjava3.internal.operators.single.SingleCache.onError(SingleCache.java:146) ~[rxjava-3.1.12.jar%23627!/:?]
		at LAYER PLUGIN/io.reactivex.rxjava3@3.1.12/io.reactivex.rxjava3.internal.operators.flowable.FlowableSingleSingle$SingleElementSubscriber.onError(FlowableSingleSingle.java:97) ~[rxjava-3.1.12.jar%23627!/:?]
		at LAYER PLUGIN/io.reactivex.rxjava3@3.1.12/io.reactivex.rxjava3.subscribers.SerializedSubscriber.onError(SerializedSubscriber.java:145) ~[rxjava-3.1.12.jar%23627!/:?]
		at LAYER PLUGIN/io.reactivex.rxjava3@3.1.12/io.reactivex.rxjava3.internal.operators.flowable.FlowableRepeatWhen$WhenReceiver.onError(FlowableRepeatWhen.java:112) ~[rxjava-3.1.12.jar%23627!/:?]
		at LAYER PLUGIN/io.reactivex.rxjava3@3.1.12/io.reactivex.rxjava3.internal.util.AtomicThrowable.tryTerminateConsumer(AtomicThrowable.java:94) ~[rxjava-3.1.12.jar%23627!/:?]
		at LAYER PLUGIN/io.reactivex.rxjava3@3.1.12/io.reactivex.rxjava3.internal.operators.flowable.FlowableFlatMap$MergeSubscriber.checkTerminate(FlowableFlatMap.java:540) ~[rxjava-3.1.12.jar%23627!/:?]
		at LAYER PLUGIN/io.reactivex.rxjava3@3.1.12/io.reactivex.rxjava3.internal.operators.flowable.FlowableFlatMap$MergeSubscriber.drainLoop(FlowableFlatMap.java:365) ~[rxjava-3.1.12.jar%23627!/:?]
		at LAYER PLUGIN/io.reactivex.rxjava3@3.1.12/io.reactivex.rxjava3.internal.operators.flowable.FlowableFlatMap$MergeSubscriber.drain(FlowableFlatMap.java:357) ~[rxjava-3.1.12.jar%23627!/:?]
		at LAYER PLUGIN/io.reactivex.rxjava3@3.1.12/io.reactivex.rxjava3.internal.operators.flowable.FlowableFlatMap$MergeSubscriber.onError(FlowableFlatMap.java:318) ~[rxjava-3.1.12.jar%23627!/:?]
		at LAYER PLUGIN/io.reactivex.rxjava3@3.1.12/io.reactivex.rxjava3.internal.util.AtomicThrowable.tryTerminateConsumer(AtomicThrowable.java:94) ~[rxjava-3.1.12.jar%23627!/:?]
		at LAYER PLUGIN/io.reactivex.rxjava3@3.1.12/io.reactivex.rxjava3.internal.operators.flowable.FlowableZip$ZipCoordinator.drain(FlowableZip.java:239) ~[rxjava-3.1.12.jar%23627!/:?]
		at LAYER PLUGIN/io.reactivex.rxjava3@3.1.12/io.reactivex.rxjava3.internal.operators.flowable.FlowableZip$ZipSubscriber.onNext(FlowableZip.java:371) ~[rxjava-3.1.12.jar%23627!/:?]
		at LAYER PLUGIN/io.reactivex.rxjava3@3.1.12/io.reactivex.rxjava3.processors.UnicastProcessor.drainFused(UnicastProcessor.java:349) ~[rxjava-3.1.12.jar%23627!/:?]
		at LAYER PLUGIN/io.reactivex.rxjava3@3.1.12/io.reactivex.rxjava3.processors.UnicastProcessor.drain(UnicastProcessor.java:382) ~[rxjava-3.1.12.jar%23627!/:?]
		at LAYER PLUGIN/io.reactivex.rxjava3@3.1.12/io.reactivex.rxjava3.processors.UnicastProcessor.onNext(UnicastProcessor.java:444) ~[rxjava-3.1.12.jar%23627!/:?]
		at LAYER PLUGIN/io.reactivex.rxjava3@3.1.12/io.reactivex.rxjava3.processors.SerializedProcessor.onNext(SerializedProcessor.java:103) ~[rxjava-3.1.12.jar%23627!/:?]
		at LAYER PLUGIN/io.reactivex.rxjava3@3.1.12/io.reactivex.rxjava3.internal.operators.flowable.FlowableRepeatWhen$WhenSourceSubscriber.again(FlowableRepeatWhen.java:171) ~[?:?]
		at LAYER PLUGIN/io.reactivex.rxjava3@3.1.12/io.reactivex.rxjava3.internal.operators.flowable.FlowableRetryWhen$RetryWhenSubscriber.onError(FlowableRetryWhen.java:77) ~[?:?]
		at LAYER PLUGIN/io.reactivex.rxjava3@3.1.12/io.reactivex.rxjava3.internal.operators.single.SingleToFlowable$SingleToFlowableObserver.onError(SingleToFlowable.java:68) ~[?:?]
		at LAYER PLUGIN/io.reactivex.rxjava3@3.1.12/io.reactivex.rxjava3.internal.operators.single.SingleMap$MapSingleObserver.onError(SingleMap.java:70) ~[?:?]
		at LAYER PLUGIN/io.reactivex.rxjava3@3.1.12/io.reactivex.rxjava3.internal.operators.single.SingleObserveOn$ObserveOnSingleObserver.run(SingleObserveOn.java:79) ~[?:?]
		at LAYER PLUGIN/io.reactivex.rxjava3@3.1.12/io.reactivex.rxjava3.internal.schedulers.ExecutorScheduler$ExecutorWorker$BooleanRunnable.run(ExecutorScheduler.java:324) ~[?:?]
		at TRANSFORMER/minecraft@1.21.1/net.minecraft.util.thread.BlockableEventLoop.doRunTask(BlockableEventLoop.java:148) ~[server-1.21.1-20240808.144430-srg.jar%23247!/:?]
		at TRANSFORMER/minecraft@1.21.1/net.minecraft.server.level.ServerChunkCache$MainThreadExecutor.doRunTask(ServerChunkCache.java:559) ~[server-1.21.1-20240808.144430-srg.jar%23247!/:?]
		at TRANSFORMER/minecraft@1.21.1/net.minecraft.util.thread.BlockableEventLoop.pollTask(BlockableEventLoop.java:122) ~[server-1.21.1-20240808.144430-srg.jar%23247!/:?]
		at TRANSFORMER/minecraft@1.21.1/net.minecraft.server.level.ServerChunkCache$MainThreadExecutor.pollTask(ServerChunkCache.java:568) ~[server-1.21.1-20240808.144430-srg.jar%23247!/:?]
		at TRANSFORMER/minecraft@1.21.1/net.minecraft.server.level.ServerChunkCache.pollTask(ServerChunkCache.java:275) ~[server-1.21.1-20240808.144430-srg.jar%23247!/:?]
		at TRANSFORMER/minecraft@1.21.1/net.minecraft.server.MinecraftServer.pollTaskInternal(MinecraftServer.java:860) ~[server-1.21.1-20240808.144430-srg.jar%23247!/:?]
		at TRANSFORMER/minecraft@1.21.1/net.minecraft.server.MinecraftServer.pollTask(MinecraftServer.java:849) ~[server-1.21.1-20240808.144430-srg.jar%23247!/:?]
		at TRANSFORMER/minecraft@1.21.1/net.minecraft.util.thread.BlockableEventLoop.managedBlock(BlockableEventLoop.java:132) ~[server-1.21.1-20240808.144430-srg.jar%23247!/:?]
		at TRANSFORMER/minecraft@1.21.1/net.minecraft.server.MinecraftServer.managedBlock(MinecraftServer.java:821) ~[server-1.21.1-20240808.144430-srg.jar%23247!/:?]
		at TRANSFORMER/minecraft@1.21.1/net.minecraft.server.MinecraftServer.mixinextras$bridge$managedBlock$300(MinecraftServer.java) ~[server-1.21.1-20240808.144430-srg.jar%23247!/:?]
		at TRANSFORMER/minecraft@1.21.1/net.minecraft.server.MinecraftServer.wrapOperation$zcm000$modernfix$managedBlock(MinecraftServer.java:2154) ~[server-1.21.1-20240808.144430-srg.jar%23247!/:?]
		at TRANSFORMER/minecraft@1.21.1/net.minecraft.server.MinecraftServer.waitUntilNextTick(MinecraftServer.java:826) ~[server-1.21.1-20240808.144430-srg.jar%23247!/:?]
		at TRANSFORMER/minecraft@1.21.1/net.minecraft.server.MinecraftServer.runServer(MinecraftServer.java:712) ~[server-1.21.1-20240808.144430-srg.jar%23247!/:?]
		at TRANSFORMER/minecraft@1.21.1/net.minecraft.server.MinecraftServer.lambda$spin$2(MinecraftServer.java:267) ~[server-1.21.1-20240808.144430-srg.jar%23247!/:?]
		at java.base/java.lang.Thread.run(Thread.java:1583) [?:?]
	Caused by: com.ishland.c2me.base.common.util.RxJavaUtils$StacklessRuntimeException: Max retries reached
		Suppressed: java.util.concurrent.CompletionException: net.minecraft.nbt.ReportedNbtException: Loading NBT data
			at java.base/java.util.concurrent.CompletableFuture.encodeThrowable(CompletableFuture.java:315) ~[?:?]
			at java.base/java.util.concurrent.CompletableFuture.completeThrowable(CompletableFuture.java:320) ~[?:?]
			at java.base/java.util.concurrent.CompletableFuture$AsyncSupply.run(CompletableFuture.java:1770) ~[?:?]
			at TRANSFORMER/c2me_base@0.4.0-alpha.0.120+1.21.1/com.ishland.c2me.base.common.scheduler.WrappingTask.run(WrappingTask.java:45) ~[c2me-neoforge-base-mc1.21.1-0.4.0-alpha.0.120-all.jar%23522!/:?]
			at TRANSFORMER/c2me_base@0.4.0-alpha.0.120+1.21.1/com.ishland.flowsched.executor.WorkerThread.pollTasks(WorkerThread.java:51) ~[c2me-neoforge-base-mc1.21.1-0.4.0-alpha.0.120-all.jar%23522!/:?]
			at TRANSFORMER/c2me_base@0.4.0-alpha.0.120+1.21.1/com.ishland.flowsched.executor.WorkerThread.run(WorkerThread.java:29) ~[c2me-neoforge-base-mc1.21.1-0.4.0-alpha.0.120-all.jar%23522!/:?]
		Caused by: net.minecraft.nbt.ReportedNbtException: Loading NBT data
			at TRANSFORMER/minecraft@1.21.1/net.minecraft.nbt.CompoundTag.readNamedTagData(CompoundTag.java:530) ~[server-1.21.1-20240808.144430-srg.jar%23247!/:?]
			at TRANSFORMER/minecraft@1.21.1/net.minecraft.nbt.CompoundTag$1.loadCompound(CompoundTag.java:62) ~[server-1.21.1-20240808.144430-srg.jar%23247!/:?]
			at TRANSFORMER/minecraft@1.21.1/net.minecraft.nbt.CompoundTag$1.load(CompoundTag.java:41) ~[server-1.21.1-20240808.144430-srg.jar%23247!/:?]
			at TRANSFORMER/minecraft@1.21.1/net.minecraft.nbt.CompoundTag$1.load(CompoundTag.java:35) ~[server-1.21.1-20240808.144430-srg.jar%23247!/:?]
			at TRANSFORMER/minecraft@1.21.1/net.minecraft.nbt.ListTag$1.loadList(ListTag.java:40) ~[server-1.21.1-20240808.144430-srg.jar%23247!/:?]
			at TRANSFORMER/minecraft@1.21.1/net.minecraft.nbt.ListTag$1.load(ListTag.java:20) ~[server-1.21.1-20240808.144430-srg.jar%23247!/:?]
			at TRANSFORMER/minecraft@1.21.1/net.minecraft.nbt.ListTag$1.load(ListTag.java:14) ~[server-1.21.1-20240808.144430-srg.jar%23247!/:?]
			at TRANSFORMER/minecraft@1.21.1/net.minecraft.nbt.CompoundTag.readNamedTagData(CompoundTag.java:524) ~[server-1.21.1-20240808.144430-srg.jar%23247!/:?]
			at TRANSFORMER/minecraft@1.21.1/net.minecraft.nbt.CompoundTag$1.loadCompound(CompoundTag.java:62) ~[server-1.21.1-20240808.144430-srg.jar%23247!/:?]
			at TRANSFORMER/minecraft@1.21.1/net.minecraft.nbt.CompoundTag$1.load(CompoundTag.java:41) ~[server-1.21.1-20240808.144430-srg.jar%23247!/:?]
			at TRANSFORMER/minecraft@1.21.1/net.minecraft.nbt.CompoundTag$1.load(CompoundTag.java:35) ~[server-1.21.1-20240808.144430-srg.jar%23247!/:?]
			at TRANSFORMER/minecraft@1.21.1/net.minecraft.nbt.NbtIo.readTagSafe(NbtIo.java:193) ~[server-1.21.1-20240808.144430-srg.jar%23247!/:?]
			at TRANSFORMER/minecraft@1.21.1/net.minecraft.nbt.NbtIo.readUnnamedTag(NbtIo.java:187) ~[server-1.21.1-20240808.144430-srg.jar%23247!/:?]
			at TRANSFORMER/minecraft@1.21.1/net.minecraft.nbt.NbtIo.read(NbtIo.java:121) ~[server-1.21.1-20240808.144430-srg.jar%23247!/:?]
			at TRANSFORMER/minecraft@1.21.1/net.minecraft.nbt.NbtIo.read(NbtIo.java:117) ~[server-1.21.1-20240808.144430-srg.jar%23247!/:?]
			at TRANSFORMER/c2me_rewrites_chunkio@0.4.0-alpha.0.120+1.21.1/com.ishland.c2me.rewrites.chunkio.common.C2MEStorageThread.lambda$scheduleChunkRead$0(C2MEStorageThread.java:378) ~[c2me-neoforge-rewrites-chunkio-mc1.21.1-0.4.0-alpha.0.120.jar%23607!/:?]
			at java.base/java.util.concurrent.CompletableFuture$AsyncSupply.run(CompletableFuture.java:1768) ~[?:?]
			... 3 more
		Caused by: java.io.EOFException: Unexpected end of ZLIB input stream
			at java.base/java.util.zip.InflaterInputStream.fill(InflaterInputStream.java:266) ~[?:?]
			at java.base/java.util.zip.InflaterInputStream.read(InflaterInputStream.java:175) ~[?:?]
			at TRANSFORMER/minecraft@1.21.1/net.minecraft.util.FastBufferedInputStream.read(FastBufferedInputStream.java:45) ~[server-1.21.1-20240808.144430-srg.jar%23247!/:?]
			at java.base/java.io.DataInputStream.readFully(DataInputStream.java:208) ~[?:?]
			at java.base/java.io.DataInputStream.readUTF(DataInputStream.java:594) ~[?:?]
			at java.base/java.io.DataInputStream.readUTF(DataInputStream.java:550) ~[?:?]
			at TRANSFORMER/minecraft@1.21.1/net.minecraft.nbt.CompoundTag$1.loadCompound(CompoundTag.java:60) ~[server-1.21.1-20240808.144430-srg.jar%23247!/:?]
			at TRANSFORMER/minecraft@1.21.1/net.minecraft.nbt.CompoundTag$1.load(CompoundTag.java:41) ~[server-1.21.1-20240808.144430-srg.jar%23247!/:?]
			at TRANSFORMER/minecraft@1.21.1/net.minecraft.nbt.CompoundTag$1.load(CompoundTag.java:35) ~[server-1.21.1-20240808.144430-srg.jar%23247!/:?]
			at TRANSFORMER/minecraft@1.21.1/net.minecraft.nbt.CompoundTag.readNamedTagData(CompoundTag.java:524) ~[server-1.21.1-20240808.144430-srg.jar%23247!/:?]
			at TRANSFORMER/minecraft@1.21.1/net.minecraft.nbt.CompoundTag$1.loadCompound(CompoundTag.java:62) ~[server-1.21.1-20240808.144430-srg.jar%23247!/:?]
			at TRANSFORMER/minecraft@1.21.1/net.minecraft.nbt.CompoundTag$1.load(CompoundTag.java:41) ~[server-1.21.1-20240808.144430-srg.jar%23247!/:?]
			at TRANSFORMER/minecraft@1.21.1/net.minecraft.nbt.CompoundTag$1.load(CompoundTag.java:35) ~[server-1.21.1-20240808.144430-srg.jar%23247!/:?]
			at TRANSFORMER/minecraft@1.21.1/net.minecraft.nbt.ListTag$1.loadList(ListTag.java:40) ~[server-1.21.1-20240808.144430-srg.jar%23247!/:?]
			at TRANSFORMER/minecraft@1.21.1/net.minecraft.nbt.ListTag$1.load(ListTag.java:20) ~[server-1.21.1-20240808.144430-srg.jar%23247!/:?]
			at TRANSFORMER/minecraft@1.21.1/net.minecraft.nbt.ListTag$1.load(ListTag.java:14) ~[server-1.21.1-20240808.144430-srg.jar%23247!/:?]
			at TRANSFORMER/minecraft@1.21.1/net.minecraft.nbt.CompoundTag.readNamedTagData(CompoundTag.java:524) ~[server-1.21.1-20240808.144430-srg.jar%23247!/:?]
			at TRANSFORMER/minecraft@1.21.1/net.minecraft.nbt.CompoundTag$1.loadCompound(CompoundTag.java:62) ~[server-1.21.1-20240808.144430-srg.jar%23247!/:?]
			at TRANSFORMER/minecraft@1.21.1/net.minecraft.nbt.CompoundTag$1.load(CompoundTag.java:41) ~[server-1.21.1-20240808.144430-srg.jar%23247!/:?]
			at TRANSFORMER/minecraft@1.21.1/net.minecraft.nbt.CompoundTag$1.load(CompoundTag.java:35) ~[server-1.21.1-20240808.144430-srg.jar%23247!/:?]
			at TRANSFORMER/minecraft@1.21.1/net.minecraft.nbt.NbtIo.readTagSafe(NbtIo.java:193) ~[server-1.21.1-20240808.144430-srg.jar%23247!/:?]
			at TRANSFORMER/minecraft@1.21.1/net.minecraft.nbt.NbtIo.readUnnamedTag(NbtIo.java:187) ~[server-1.21.1-20240808.144430-srg.jar%23247!/:?]
			at TRANSFORMER/minecraft@1.21.1/net.minecraft.nbt.NbtIo.read(NbtIo.java:121) ~[server-1.21.1-20240808.144430-srg.jar%23247!/:?]
			at TRANSFORMER/minecraft@1.21.1/net.minecraft.nbt.NbtIo.read(NbtIo.java:117) ~[server-1.21.1-20240808.144430-srg.jar%23247!/:?]
			at TRANSFORMER/c2me_rewrites_chunkio@0.4.0-alpha.0.120+1.21.1/com.ishland.c2me.rewrites.chunkio.common.C2MEStorageThread.lambda$scheduleChunkRead$0(C2MEStorageThread.java:378) ~[c2me-neoforge-rewrites-chunkio-mc1.21.1-0.4.0-alpha.0.120.jar%23607!/:?]
			at java.base/java.util.concurrent.CompletableFuture$AsyncSupply.run(CompletableFuture.java:1768) ~[?:?]
			... 3 more
		Suppressed: java.util.concurrent.CompletionException: net.minecraft.nbt.ReportedNbtException: Loading NBT data
			at java.base/java.util.concurrent.CompletableFuture.encodeThrowable(CompletableFuture.java:315) ~[?:?]
			at java.base/java.util.concurrent.CompletableFuture.completeThrowable(CompletableFuture.java:320) ~[?:?]
			at java.base/java.util.concurrent.CompletableFuture$AsyncSupply.run(CompletableFuture.java:1770) ~[?:?]
			at TRANSFORMER/c2me_base@0.4.0-alpha.0.120+1.21.1/com.ishland.c2me.base.common.scheduler.WrappingTask.run(WrappingTask.java:45) ~[c2me-neoforge-base-mc1.21.1-0.4.0-alpha.0.120-all.jar%23522!/:?]
			at TRANSFORMER/c2me_base@0.4.0-alpha.0.120+1.21.1/com.ishland.flowsched.executor.WorkerThread.pollTasks(WorkerThread.java:51) ~[c2me-neoforge-base-mc1.21.1-0.4.0-alpha.0.120-all.jar%23522!/:?]
			at TRANSFORMER/c2me_base@0.4.0-alpha.0.120+1.21.1/com.ishland.flowsched.executor.WorkerThread.run(WorkerThread.java:29) ~[c2me-neoforge-base-mc1.21.1-0.4.0-alpha.0.120-all.jar%23522!/:?]
		Caused by: net.minecraft.nbt.ReportedNbtException: Loading NBT data
			at TRANSFORMER/minecraft@1.21.1/net.minecraft.nbt.CompoundTag.readNamedTagData(CompoundTag.java:530) ~[server-1.21.1-20240808.144430-srg.jar%23247!/:?]
			at TRANSFORMER/minecraft@1.21.1/net.minecraft.nbt.CompoundTag$1.loadCompound(CompoundTag.java:62) ~[server-1.21.1-20240808.144430-srg.jar%23247!/:?]
			at TRANSFORMER/minecraft@1.21.1/net.minecraft.nbt.CompoundTag$1.load(CompoundTag.java:41) ~[server-1.21.1-20240808.144430-srg.jar%23247!/:?]
			at TRANSFORMER/minecraft@1.21.1/net.minecraft.nbt.CompoundTag$1.load(CompoundTag.java:35) ~[server-1.21.1-20240808.144430-srg.jar%23247!/:?]
			at TRANSFORMER/minecraft@1.21.1/net.minecraft.nbt.ListTag$1.loadList(ListTag.java:40) ~[server-1.21.1-20240808.144430-srg.jar%23247!/:?]
			at TRANSFORMER/minecraft@1.21.1/net.minecraft.nbt.ListTag$1.load(ListTag.java:20) ~[server-1.21.1-20240808.144430-srg.jar%23247!/:?]
			at TRANSFORMER/minecraft@1.21.1/net.minecraft.nbt.ListTag$1.load(ListTag.java:14) ~[server-1.21.1-20240808.144430-srg.jar%23247!/:?]
			at TRANSFORMER/minecraft@1.21.1/net.minecraft.nbt.CompoundTag.readNamedTagData(CompoundTag.java:524) ~[server-1.21.1-20240808.144430-srg.jar%23247!/:?]
			at TRANSFORMER/minecraft@1.21.1/net.minecraft.nbt.CompoundTag$1.loadCompound(CompoundTag.java:62) ~[server-1.21.1-20240808.144430-srg.jar%23247!/:?]
			at TRANSFORMER/minecraft@1.21.1/net.minecraft.nbt.CompoundTag$1.load(CompoundTag.java:41) ~[server-1.21.1-20240808.144430-srg.jar%23247!/:?]
			at TRANSFORMER/minecraft@1.21.1/net.minecraft.nbt.CompoundTag$1.load(CompoundTag.java:35) ~[server-1.21.1-20240808.144430-srg.jar%23247!/:?]
			at TRANSFORMER/minecraft@1.21.1/net.minecraft.nbt.NbtIo.readTagSafe(NbtIo.java:193) ~[server-1.21.1-20240808.144430-srg.jar%23247!/:?]
			at TRANSFORMER/minecraft@1.21.1/net.minecraft.nbt.NbtIo.readUnnamedTag(NbtIo.java:187) ~[server-1.21.1-20240808.144430-srg.jar%23247!/:?]
			at TRANSFORMER/minecraft@1.21.1/net.minecraft.nbt.NbtIo.read(NbtIo.java:121) ~[server-1.21.1-20240808.144430-srg.jar%23247!/:?]
			at TRANSFORMER/minecraft@1.21.1/net.minecraft.nbt.NbtIo.read(NbtIo.java:117) ~[server-1.21.1-20240808.144430-srg.jar%23247!/:?]
			at TRANSFORMER/c2me_rewrites_chunkio@0.4.0-alpha.0.120+1.21.1/com.ishland.c2me.rewrites.chunkio.common.C2MEStorageThread.lambda$scheduleChunkRead$0(C2MEStorageThread.java:378) ~[c2me-neoforge-rewrites-chunkio-mc1.21.1-0.4.0-alpha.0.120.jar%23607!/:?]
			at java.base/java.util.concurrent.CompletableFuture$AsyncSupply.run(CompletableFuture.java:1768) ~[?:?]
			... 3 more
		Caused by: java.io.EOFException: Unexpected end of ZLIB input stream
			at java.base/java.util.zip.InflaterInputStream.fill(InflaterInputStream.java:266) ~[?:?]
			at java.base/java.util.zip.InflaterInputStream.read(InflaterInputStream.java:175) ~[?:?]
			at TRANSFORMER/minecraft@1.21.1/net.minecraft.util.FastBufferedInputStream.read(FastBufferedInputStream.java:45) ~[server-1.21.1-20240808.144430-srg.jar%23247!/:?]
			at java.base/java.io.DataInputStream.readFully(DataInputStream.java:208) ~[?:?]
			at java.base/java.io.DataInputStream.readUTF(DataInputStream.java:594) ~[?:?]
			at java.base/java.io.DataInputStream.readUTF(DataInputStream.java:550) ~[?:?]
			at TRANSFORMER/minecraft@1.21.1/net.minecraft.nbt.CompoundTag$1.loadCompound(CompoundTag.java:60) ~[server-1.21.1-20240808.144430-srg.jar%23247!/:?]
			at TRANSFORMER/minecraft@1.21.1/net.minecraft.nbt.CompoundTag$1.load(CompoundTag.java:41) ~[server-1.21.1-20240808.144430-srg.jar%23247!/:?]
			at TRANSFORMER/minecraft@1.21.1/net.minecraft.nbt.CompoundTag$1.load(CompoundTag.java:35) ~[server-1.21.1-20240808.144430-srg.jar%23247!/:?]
			at TRANSFORMER/minecraft@1.21.1/net.minecraft.nbt.CompoundTag.readNamedTagData(CompoundTag.java:524) ~[server-1.21.1-20240808.144430-srg.jar%23247!/:?]
			at TRANSFORMER/minecraft@1.21.1/net.minecraft.nbt.CompoundTag$1.loadCompound(CompoundTag.java:62) ~[server-1.21.1-20240808.144430-srg.jar%23247!/:?]
			at TRANSFORMER/minecraft@1.21.1/net.minecraft.nbt.CompoundTag$1.load(CompoundTag.java:41) ~[server-1.21.1-20240808.144430-srg.jar%23247!/:?]
			at TRANSFORMER/minecraft@1.21.1/net.minecraft.nbt.CompoundTag$1.load(CompoundTag.java:35) ~[server-1.21.1-20240808.144430-srg.jar%23247!/:?]
			at TRANSFORMER/minecraft@1.21.1/net.minecraft.nbt.ListTag$1.loadList(ListTag.java:40) ~[server-1.21.1-20240808.144430-srg.jar%23247!/:?]
			at TRANSFORMER/minecraft@1.21.1/net.minecraft.nbt.ListTag$1.load(ListTag.java:20) ~[server-1.21.1-20240808.144430-srg.jar%23247!/:?]
			at TRANSFORMER/minecraft@1.21.1/net.minecraft.nbt.ListTag$1.load(ListTag.java:14) ~[server-1.21.1-20240808.144430-srg.jar%23247!/:?]
			at TRANSFORMER/minecraft@1.21.1/net.minecraft.nbt.CompoundTag.readNamedTagData(CompoundTag.java:524) ~[server-1.21.1-20240808.144430-srg.jar%23247!/:?]
			at TRANSFORMER/minecraft@1.21.1/net.minecraft.nbt.CompoundTag$1.loadCompound(CompoundTag.java:62) ~[server-1.21.1-20240808.144430-srg.jar%23247!/:?]
			at TRANSFORMER/minecraft@1.21.1/net.minecraft.nbt.CompoundTag$1.load(CompoundTag.java:41) ~[server-1.21.1-20240808.144430-srg.jar%23247!/:?]
			at TRANSFORMER/minecraft@1.21.1/net.minecraft.nbt.CompoundTag$1.load(CompoundTag.java:35) ~[server-1.21.1-20240808.144430-srg.jar%23247!/:?]
			at TRANSFORMER/minecraft@1.21.1/net.minecraft.nbt.NbtIo.readTagSafe(NbtIo.java:193) ~[server-1.21.1-20240808.144430-srg.jar%23247!/:?]
			at TRANSFORMER/minecraft@1.21.1/net.minecraft.nbt.NbtIo.readUnnamedTag(NbtIo.java:187) ~[server-1.21.1-20240808.144430-srg.jar%23247!/:?]
			at TRANSFORMER/minecraft@1.21.1/net.minecraft.nbt.NbtIo.read(NbtIo.java:121) ~[server-1.21.1-20240808.144430-srg.jar%23247!/:?]
			at TRANSFORMER/minecraft@1.21.1/net.minecraft.nbt.NbtIo.read(NbtIo.java:117) ~[server-1.21.1-20240808.144430-srg.jar%23247!/:?]
			at TRANSFORMER/c2me_rewrites_chunkio@0.4.0-alpha.0.120+1.21.1/com.ishland.c2me.rewrites.chunkio.common.C2MEStorageThread.lambda$scheduleChunkRead$0(C2MEStorageThread.java:378) ~[c2me-neoforge-rewrites-chunkio-mc1.21.1-0.4.0-alpha.0.120.jar%23607!/:?]
			at java.base/java.util.concurrent.CompletableFuture$AsyncSupply.run(CompletableFuture.java:1768) ~[?:?]
			... 3 more
		Suppressed: java.util.concurrent.CompletionException: net.minecraft.nbt.ReportedNbtException: Loading NBT data
			at java.base/java.util.concurrent.CompletableFuture.encodeThrowable(CompletableFuture.java:315) ~[?:?]
			at java.base/java.util.concurrent.CompletableFuture.completeThrowable(CompletableFuture.java:320) ~[?:?]
			at java.base/java.util.concurrent.CompletableFuture$AsyncSupply.run(CompletableFuture.java:1770) ~[?:?]
			at TRANSFORMER/c2me_base@0.4.0-alpha.0.120+1.21.1/com.ishland.c2me.base.common.scheduler.WrappingTask.run(WrappingTask.java:45) ~[c2me-neoforge-base-mc1.21.1-0.4.0-alpha.0.120-all.jar%23522!/:?]
			at TRANSFORMER/c2me_base@0.4.0-alpha.0.120+1.21.1/com.ishland.flowsched.executor.WorkerThread.pollTasks(WorkerThread.java:51) ~[c2me-neoforge-base-mc1.21.1-0.4.0-alpha.0.120-all.jar%23522!/:?]
			at TRANSFORMER/c2me_base@0.4.0-alpha.0.120+1.21.1/com.ishland.flowsched.executor.WorkerThread.run(WorkerThread.java:29) ~[c2me-neoforge-base-mc1.21.1-0.4.0-alpha.0.120-all.jar%23522!/:?]
		Caused by: net.minecraft.nbt.ReportedNbtException: Loading NBT data
			at TRANSFORMER/minecraft@1.21.1/net.minecraft.nbt.CompoundTag.readNamedTagData(CompoundTag.java:530) ~[server-1.21.1-20240808.144430-srg.jar%23247!/:?]
			at TRANSFORMER/minecraft@1.21.1/net.minecraft.nbt.CompoundTag$1.loadCompound(CompoundTag.java:62) ~[server-1.21.1-20240808.144430-srg.jar%23247!/:?]
			at TRANSFORMER/minecraft@1.21.1/net.minecraft.nbt.CompoundTag$1.load(CompoundTag.java:41) ~[server-1.21.1-20240808.144430-srg.jar%23247!/:?]
			at TRANSFORMER/minecraft@1.21.1/net.minecraft.nbt.CompoundTag$1.load(CompoundTag.java:35) ~[server-1.21.1-20240808.144430-srg.jar%23247!/:?]
			at TRANSFORMER/minecraft@1.21.1/net.minecraft.nbt.ListTag$1.loadList(ListTag.java:40) ~[server-1.21.1-20240808.144430-srg.jar%23247!/:?]
			at TRANSFORMER/minecraft@1.21.1/net.minecraft.nbt.ListTag$1.load(ListTag.java:20) ~[server-1.21.1-20240808.144430-srg.jar%23247!/:?]
			at TRANSFORMER/minecraft@1.21.1/net.minecraft.nbt.ListTag$1.load(ListTag.java:14) ~[server-1.21.1-20240808.144430-srg.jar%23247!/:?]
			at TRANSFORMER/minecraft@1.21.1/net.minecraft.nbt.CompoundTag.readNamedTagData(CompoundTag.java:524) ~[server-1.21.1-20240808.144430-srg.jar%23247!/:?]
			at TRANSFORMER/minecraft@1.21.1/net.minecraft.nbt.CompoundTag$1.loadCompound(CompoundTag.java:62) ~[server-1.21.1-20240808.144430-srg.jar%23247!/:?]
			at TRANSFORMER/minecraft@1.21.1/net.minecraft.nbt.CompoundTag$1.load(CompoundTag.java:41) ~[server-1.21.1-20240808.144430-srg.jar%23247!/:?]
			at TRANSFORMER/minecraft@1.21.1/net.minecraft.nbt.CompoundTag$1.load(CompoundTag.java:35) ~[server-1.21.1-20240808.144430-srg.jar%23247!/:?]
			at TRANSFORMER/minecraft@1.21.1/net.minecraft.nbt.NbtIo.readTagSafe(NbtIo.java:193) ~[server-1.21.1-20240808.144430-srg.jar%23247!/:?]
			at TRANSFORMER/minecraft@1.21.1/net.minecraft.nbt.NbtIo.readUnnamedTag(NbtIo.java:187) ~[server-1.21.1-20240808.144430-srg.jar%23247!/:?]
			at TRANSFORMER/minecraft@1.21.1/net.minecraft.nbt.NbtIo.read(NbtIo.java:121) ~[server-1.21.1-20240808.144430-srg.jar%23247!/:?]
			at TRANSFORMER/minecraft@1.21.1/net.minecraft.nbt.NbtIo.read(NbtIo.java:117) ~[server-1.21.1-20240808.144430-srg.jar%23247!/:?]
			at TRANSFORMER/c2me_rewrites_chunkio@0.4.0-alpha.0.120+1.21.1/com.ishland.c2me.rewrites.chunkio.common.C2MEStorageThread.lambda$scheduleChunkRead$0(C2MEStorageThread.java:378) ~[c2me-neoforge-rewrites-chunkio-mc1.21.1-0.4.0-alpha.0.120.jar%23607!/:?]
			at java.base/java.util.concurrent.CompletableFuture$AsyncSupply.run(CompletableFuture.java:1768) ~[?:?]
			... 3 more
		Caused by: java.io.EOFException: Unexpected end of ZLIB input stream
			at java.base/java.util.zip.InflaterInputStream.fill(InflaterInputStream.java:266) ~[?:?]
			at java.base/java.util.zip.InflaterInputStream.read(InflaterInputStream.java:175) ~[?:?]
			at TRANSFORMER/minecraft@1.21.1/net.minecraft.util.FastBufferedInputStream.read(FastBufferedInputStream.java:45) ~[server-1.21.1-20240808.144430-srg.jar%23247!/:?]
			at java.base/java.io.DataInputStream.readFully(DataInputStream.java:208) ~[?:?]
			at java.base/java.io.DataInputStream.readUTF(DataInputStream.java:594) ~[?:?]
			at java.base/java.io.DataInputStream.readUTF(DataInputStream.java:550) ~[?:?]
			at TRANSFORMER/minecraft@1.21.1/net.minecraft.nbt.CompoundTag$1.loadCompound(CompoundTag.java:60) ~[server-1.21.1-20240808.144430-srg.jar%23247!/:?]
			at TRANSFORMER/minecraft@1.21.1/net.minecraft.nbt.CompoundTag$1.load(CompoundTag.java:41) ~[server-1.21.1-20240808.144430-srg.jar%23247!/:?]
			at TRANSFORMER/minecraft@1.21.1/net.minecraft.nbt.CompoundTag$1.load(CompoundTag.java:35) ~[server-1.21.1-20240808.144430-srg.jar%23247!/:?]
			at TRANSFORMER/minecraft@1.21.1/net.minecraft.nbt.CompoundTag.readNamedTagData(CompoundTag.java:524) ~[server-1.21.1-20240808.144430-srg.jar%23247!/:?]
			at TRANSFORMER/minecraft@1.21.1/net.minecraft.nbt.CompoundTag$1.loadCompound(CompoundTag.java:62) ~[server-1.21.1-20240808.144430-srg.jar%23247!/:?]
			at TRANSFORMER/minecraft@1.21.1/net.minecraft.nbt.CompoundTag$1.load(CompoundTag.java:41) ~[server-1.21.1-20240808.144430-srg.jar%23247!/:?]
			at TRANSFORMER/minecraft@1.21.1/net.minecraft.nbt.CompoundTag$1.load(CompoundTag.java:35) ~[server-1.21.1-20240808.144430-srg.jar%23247!/:?]
			at TRANSFORMER/minecraft@1.21.1/net.minecraft.nbt.ListTag$1.loadList(ListTag.java:40) ~[server-1.21.1-20240808.144430-srg.jar%23247!/:?]
			at TRANSFORMER/minecraft@1.21.1/net.minecraft.nbt.ListTag$1.load(ListTag.java:20) ~[server-1.21.1-20240808.144430-srg.jar%23247!/:?]
			at TRANSFORMER/minecraft@1.21.1/net.minecraft.nbt.ListTag$1.load(ListTag.java:14) ~[server-1.21.1-20240808.144430-srg.jar%23247!/:?]
			at TRANSFORMER/minecraft@1.21.1/net.minecraft.nbt.CompoundTag.readNamedTagData(CompoundTag.java:524) ~[server-1.21.1-20240808.144430-srg.jar%23247!/:?]
			at TRANSFORMER/minecraft@1.21.1/net.minecraft.nbt.CompoundTag$1.loadCompound(CompoundTag.java:62) ~[server-1.21.1-20240808.144430-srg.jar%23247!/:?]
			at TRANSFORMER/minecraft@1.21.1/net.minecraft.nbt.CompoundTag$1.load(CompoundTag.java:41) ~[server-1.21.1-20240808.144430-srg.jar%23247!/:?]
			at TRANSFORMER/minecraft@1.21.1/net.minecraft.nbt.CompoundTag$1.load(CompoundTag.java:35) ~[server-1.21.1-20240808.144430-srg.jar%23247!/:?]
			at TRANSFORMER/minecraft@1.21.1/net.minecraft.nbt.NbtIo.readTagSafe(NbtIo.java:193) ~[server-1.21.1-20240808.144430-srg.jar%23247!/:?]
			at TRANSFORMER/minecraft@1.21.1/net.minecraft.nbt.NbtIo.readUnnamedTag(NbtIo.java:187) ~[server-1.21.1-20240808.144430-srg.jar%23247!/:?]
			at TRANSFORMER/minecraft@1.21.1/net.minecraft.nbt.NbtIo.read(NbtIo.java:121) ~[server-1.21.1-20240808.144430-srg.jar%23247!/:?]
			at TRANSFORMER/minecraft@1.21.1/net.minecraft.nbt.NbtIo.read(NbtIo.java:117) ~[server-1.21.1-20240808.144430-srg.jar%23247!/:?]
			at TRANSFORMER/c2me_rewrites_chunkio@0.4.0-alpha.0.120+1.21.1/com.ishland.c2me.rewrites.chunkio.common.C2MEStorageThread.lambda$scheduleChunkRead$0(C2MEStorageThread.java:378) ~[c2me-neoforge-rewrites-chunkio-mc1.21.1-0.4.0-alpha.0.120.jar%23607!/:?]
			at java.base/java.util.concurrent.CompletableFuture$AsyncSupply.run(CompletableFuture.java:1768) ~[?:?]
			... 3 more
		Suppressed: java.util.concurrent.CompletionException: net.minecraft.nbt.ReportedNbtException: Loading NBT data
			at java.base/java.util.concurrent.CompletableFuture.encodeThrowable(CompletableFuture.java:315) ~[?:?]
			at java.base/java.util.concurrent.CompletableFuture.completeThrowable(CompletableFuture.java:320) ~[?:?]
			at java.base/java.util.concurrent.CompletableFuture$AsyncSupply.run(CompletableFuture.java:1770) ~[?:?]
			at TRANSFORMER/c2me_base@0.4.0-alpha.0.120+1.21.1/com.ishland.c2me.base.common.scheduler.WrappingTask.run(WrappingTask.java:45) ~[c2me-neoforge-base-mc1.21.1-0.4.0-alpha.0.120-all.jar%23522!/:?]
			at TRANSFORMER/c2me_base@0.4.0-alpha.0.120+1.21.1/com.ishland.flowsched.executor.WorkerThread.pollTasks(WorkerThread.java:51) ~[c2me-neoforge-base-mc1.21.1-0.4.0-alpha.0.120-all.jar%23522!/:?]
			at TRANSFORMER/c2me_base@0.4.0-alpha.0.120+1.21.1/com.ishland.flowsched.executor.WorkerThread.run(WorkerThread.java:29) ~[c2me-neoforge-base-mc1.21.1-0.4.0-alpha.0.120-all.jar%23522!/:?]
		Caused by: net.minecraft.nbt.ReportedNbtException: Loading NBT data
			at TRANSFORMER/minecraft@1.21.1/net.minecraft.nbt.CompoundTag.readNamedTagData(CompoundTag.java:530) ~[server-1.21.1-20240808.144430-srg.jar%23247!/:?]
			at TRANSFORMER/minecraft@1.21.1/net.minecraft.nbt.CompoundTag$1.loadCompound(CompoundTag.java:62) ~[server-1.21.1-20240808.144430-srg.jar%23247!/:?]
			at TRANSFORMER/minecraft@1.21.1/net.minecraft.nbt.CompoundTag$1.load(CompoundTag.java:41) ~[server-1.21.1-20240808.144430-srg.jar%23247!/:?]
			at TRANSFORMER/minecraft@1.21.1/net.minecraft.nbt.CompoundTag$1.load(CompoundTag.java:35) ~[server-1.21.1-20240808.144430-srg.jar%23247!/:?]
			at TRANSFORMER/minecraft@1.21.1/net.minecraft.nbt.ListTag$1.loadList(ListTag.java:40) ~[server-1.21.1-20240808.144430-srg.jar%23247!/:?]
			at TRANSFORMER/minecraft@1.21.1/net.minecraft.nbt.ListTag$1.load(ListTag.java:20) ~[server-1.21.1-20240808.144430-srg.jar%23247!/:?]
			at TRANSFORMER/minecraft@1.21.1/net.minecraft.nbt.ListTag$1.load(ListTag.java:14) ~[server-1.21.1-20240808.144430-srg.jar%23247!/:?]
			at TRANSFORMER/minecraft@1.21.1/net.minecraft.nbt.CompoundTag.readNamedTagData(CompoundTag.java:524) ~[server-1.21.1-20240808.144430-srg.jar%23247!/:?]
			at TRANSFORMER/minecraft@1.21.1/net.minecraft.nbt.CompoundTag$1.loadCompound(CompoundTag.java:62) ~[server-1.21.1-20240808.144430-srg.jar%23247!/:?]
			at TRANSFORMER/minecraft@1.21.1/net.minecraft.nbt.CompoundTag$1.load(CompoundTag.java:41) ~[server-1.21.1-20240808.144430-srg.jar%23247!/:?]
			at TRANSFORMER/minecraft@1.21.1/net.minecraft.nbt.CompoundTag$1.load(CompoundTag.java:35) ~[server-1.21.1-20240808.144430-srg.jar%23247!/:?]
			at TRANSFORMER/minecraft@1.21.1/net.minecraft.nbt.NbtIo.readTagSafe(NbtIo.java:193) ~[server-1.21.1-20240808.144430-srg.jar%23247!/:?]
			at TRANSFORMER/minecraft@1.21.1/net.minecraft.nbt.NbtIo.readUnnamedTag(NbtIo.java:187) ~[server-1.21.1-20240808.144430-srg.jar%23247!/:?]
			at TRANSFORMER/minecraft@1.21.1/net.minecraft.nbt.NbtIo.read(NbtIo.java:121) ~[server-1.21.1-20240808.144430-srg.jar%23247!/:?]
			at TRANSFORMER/minecraft@1.21.1/net.minecraft.nbt.NbtIo.read(NbtIo.java:117) ~[server-1.21.1-20240808.144430-srg.jar%23247!/:?]
			at TRANSFORMER/c2me_rewrites_chunkio@0.4.0-alpha.0.120+1.21.1/com.ishland.c2me.rewrites.chunkio.common.C2MEStorageThread.lambda$scheduleChunkRead$0(C2MEStorageThread.java:378) ~[c2me-neoforge-rewrites-chunkio-mc1.21.1-0.4.0-alpha.0.120.jar%23607!/:?]
			at java.base/java.util.concurrent.CompletableFuture$AsyncSupply.run(CompletableFuture.java:1768) ~[?:?]
			... 3 more
		Caused by: java.io.EOFException: Unexpected end of ZLIB input stream
			at java.base/java.util.zip.InflaterInputStream.fill(InflaterInputStream.java:266) ~[?:?]
			at java.base/java.util.zip.InflaterInputStream.read(InflaterInputStream.java:175) ~[?:?]
			at TRANSFORMER/minecraft@1.21.1/net.minecraft.util.FastBufferedInputStream.read(FastBufferedInputStream.java:45) ~[server-1.21.1-20240808.144430-srg.jar%23247!/:?]
			at java.base/java.io.DataInputStream.readFully(DataInputStream.java:208) ~[?:?]
			at java.base/java.io.DataInputStream.readUTF(DataInputStream.java:594) ~[?:?]
			at java.base/java.io.DataInputStream.readUTF(DataInputStream.java:550) ~[?:?]
			at TRANSFORMER/minecraft@1.21.1/net.minecraft.nbt.CompoundTag$1.loadCompound(CompoundTag.java:60) ~[server-1.21.1-20240808.144430-srg.jar%23247!/:?]
			at TRANSFORMER/minecraft@1.21.1/net.minecraft.nbt.CompoundTag$1.load(CompoundTag.java:41) ~[server-1.21.1-20240808.144430-srg.jar%23247!/:?]
			at TRANSFORMER/minecraft@1.21.1/net.minecraft.nbt.CompoundTag$1.load(CompoundTag.java:35) ~[server-1.21.1-20240808.144430-srg.jar%23247!/:?]
			at TRANSFORMER/minecraft@1.21.1/net.minecraft.nbt.CompoundTag.readNamedTagData(CompoundTag.java:524) ~[server-1.21.1-20240808.144430-srg.jar%23247!/:?]
			at TRANSFORMER/minecraft@1.21.1/net.minecraft.nbt.CompoundTag$1.loadCompound(CompoundTag.java:62) ~[server-1.21.1-20240808.144430-srg.jar%23247!/:?]
			at TRANSFORMER/minecraft@1.21.1/net.minecraft.nbt.CompoundTag$1.load(CompoundTag.java:41) ~[server-1.21.1-20240808.144430-srg.jar%23247!/:?]
			at TRANSFORMER/minecraft@1.21.1/net.minecraft.nbt.CompoundTag$1.load(CompoundTag.java:35) ~[server-1.21.1-20240808.144430-srg.jar%23247!/:?]
			at TRANSFORMER/minecraft@1.21.1/net.minecraft.nbt.ListTag$1.loadList(ListTag.java:40) ~[server-1.21.1-20240808.144430-srg.jar%23247!/:?]
			at TRANSFORMER/minecraft@1.21.1/net.minecraft.nbt.ListTag$1.load(ListTag.java:20) ~[server-1.21.1-20240808.144430-srg.jar%23247!/:?]
			at TRANSFORMER/minecraft@1.21.1/net.minecraft.nbt.ListTag$1.load(ListTag.java:14) ~[server-1.21.1-20240808.144430-srg.jar%23247!/:?]
			at TRANSFORMER/minecraft@1.21.1/net.minecraft.nbt.CompoundTag.readNamedTagData(CompoundTag.java:524) ~[server-1.21.1-20240808.144430-srg.jar%23247!/:?]
			at TRANSFORMER/minecraft@1.21.1/net.minecraft.nbt.CompoundTag$1.loadCompound(CompoundTag.java:62) ~[server-1.21.1-20240808.144430-srg.jar%23247!/:?]
			at TRANSFORMER/minecraft@1.21.1/net.minecraft.nbt.CompoundTag$1.load(CompoundTag.java:41) ~[server-1.21.1-20240808.144430-srg.jar%23247!/:?]
			at TRANSFORMER/minecraft@1.21.1/net.minecraft.nbt.CompoundTag$1.load(CompoundTag.java:35) ~[server-1.21.1-20240808.144430-srg.jar%23247!/:?]
			at TRANSFORMER/minecraft@1.21.1/net.minecraft.nbt.NbtIo.readTagSafe(NbtIo.java:193) ~[server-1.21.1-20240808.144430-srg.jar%23247!/:?]
			at TRANSFORMER/minecraft@1.21.1/net.minecraft.nbt.NbtIo.readUnnamedTag(NbtIo.java:187) ~[server-1.21.1-20240808.144430-srg.jar%23247!/:?]
			at TRANSFORMER/minecraft@1.21.1/net.minecraft.nbt.NbtIo.read(NbtIo.java:121) ~[server-1.21.1-20240808.144430-srg.jar%23247!/:?]
			at TRANSFORMER/minecraft@1.21.1/net.minecraft.nbt.NbtIo.read(NbtIo.java:117) ~[server-1.21.1-20240808.144430-srg.jar%23247!/:?]
			at TRANSFORMER/c2me_rewrites_chunkio@0.4.0-alpha.0.120+1.21.1/com.ishland.c2me.rewrites.chunkio.common.C2MEStorageThread.lambda$scheduleChunkRead$0(C2MEStorageThread.java:378) ~[c2me-neoforge-rewrites-chunkio-mc1.21.1-0.4.0-alpha.0.120.jar%23607!/:?]
			at java.base/java.util.concurrent.CompletableFuture$AsyncSupply.run(CompletableFuture.java:1768) ~[?:?]
			... 3 more
	Suppressed: java.util.concurrent.CompletionException: net.minecraft.nbt.ReportedNbtException: Loading NBT data
		at java.base/java.util.concurrent.CompletableFuture.encodeThrowable(CompletableFuture.java:315) ~[?:?]
		at java.base/java.util.concurrent.CompletableFuture.completeThrowable(CompletableFuture.java:320) ~[?:?]
		at java.base/java.util.concurrent.CompletableFuture$AsyncSupply.run(CompletableFuture.java:1770) ~[?:?]
		at TRANSFORMER/c2me_base@0.4.0-alpha.0.120+1.21.1/com.ishland.c2me.base.common.scheduler.WrappingTask.run(WrappingTask.java:45) ~[c2me-neoforge-base-mc1.21.1-0.4.0-alpha.0.120-all.jar%23522!/:?]
		at TRANSFORMER/c2me_base@0.4.0-alpha.0.120+1.21.1/com.ishland.flowsched.executor.WorkerThread.pollTasks(WorkerThread.java:51) ~[c2me-neoforge-base-mc1.21.1-0.4.0-alpha.0.120-all.jar%23522!/:?]
		at TRANSFORMER/c2me_base@0.4.0-alpha.0.120+1.21.1/com.ishland.flowsched.executor.WorkerThread.run(WorkerThread.java:29) ~[c2me-neoforge-base-mc1.21.1-0.4.0-alpha.0.120-all.jar%23522!/:?]
	Caused by: net.minecraft.nbt.ReportedNbtException: Loading NBT data
		at TRANSFORMER/minecraft@1.21.1/net.minecraft.nbt.CompoundTag.readNamedTagData(CompoundTag.java:530) ~[server-1.21.1-20240808.144430-srg.jar%23247!/:?]
		at TRANSFORMER/minecraft@1.21.1/net.minecraft.nbt.CompoundTag$1.loadCompound(CompoundTag.java:62) ~[server-1.21.1-20240808.144430-srg.jar%23247!/:?]
		at TRANSFORMER/minecraft@1.21.1/net.minecraft.nbt.CompoundTag$1.load(CompoundTag.java:41) ~[server-1.21.1-20240808.144430-srg.jar%23247!/:?]
		at TRANSFORMER/minecraft@1.21.1/net.minecraft.nbt.CompoundTag$1.load(CompoundTag.java:35) ~[server-1.21.1-20240808.144430-srg.jar%23247!/:?]
		at TRANSFORMER/minecraft@1.21.1/net.minecraft.nbt.ListTag$1.loadList(ListTag.java:40) ~[server-1.21.1-20240808.144430-srg.jar%23247!/:?]
		at TRANSFORMER/minecraft@1.21.1/net.minecraft.nbt.ListTag$1.load(ListTag.java:20) ~[server-1.21.1-20240808.144430-srg.jar%23247!/:?]
		at TRANSFORMER/minecraft@1.21.1/net.minecraft.nbt.ListTag$1.load(ListTag.java:14) ~[server-1.21.1-20240808.144430-srg.jar%23247!/:?]
		at TRANSFORMER/minecraft@1.21.1/net.minecraft.nbt.CompoundTag.readNamedTagData(CompoundTag.java:524) ~[server-1.21.1-20240808.144430-srg.jar%23247!/:?]
		at TRANSFORMER/minecraft@1.21.1/net.minecraft.nbt.CompoundTag$1.loadCompound(CompoundTag.java:62) ~[server-1.21.1-20240808.144430-srg.jar%23247!/:?]
		at TRANSFORMER/minecraft@1.21.1/net.minecraft.nbt.CompoundTag$1.load(CompoundTag.java:41) ~[server-1.21.1-20240808.144430-srg.jar%23247!/:?]
		at TRANSFORMER/minecraft@1.21.1/net.minecraft.nbt.CompoundTag$1.load(CompoundTag.java:35) ~[server-1.21.1-20240808.144430-srg.jar%23247!/:?]
		at TRANSFORMER/minecraft@1.21.1/net.minecraft.nbt.NbtIo.readTagSafe(NbtIo.java:193) ~[server-1.21.1-20240808.144430-srg.jar%23247!/:?]
		at TRANSFORMER/minecraft@1.21.1/net.minecraft.nbt.NbtIo.readUnnamedTag(NbtIo.java:187) ~[server-1.21.1-20240808.144430-srg.jar%23247!/:?]
		at TRANSFORMER/minecraft@1.21.1/net.minecraft.nbt.NbtIo.read(NbtIo.java:121) ~[server-1.21.1-20240808.144430-srg.jar%23247!/:?]
		at TRANSFORMER/minecraft@1.21.1/net.minecraft.nbt.NbtIo.read(NbtIo.java:117) ~[server-1.21.1-20240808.144430-srg.jar%23247!/:?]
		at TRANSFORMER/c2me_rewrites_chunkio@0.4.0-alpha.0.120+1.21.1/com.ishland.c2me.rewrites.chunkio.common.C2MEStorageThread.lambda$scheduleChunkRead$0(C2MEStorageThread.java:378) ~[c2me-neoforge-rewrites-chunkio-mc1.21.1-0.4.0-alpha.0.120.jar%23607!/:?]
		at java.base/java.util.concurrent.CompletableFuture$AsyncSupply.run(CompletableFuture.java:1768) ~[?:?]
		... 3 more
	Caused by: java.io.EOFException: Unexpected end of ZLIB input stream
		at java.base/java.util.zip.InflaterInputStream.fill(InflaterInputStream.java:266) ~[?:?]
		at java.base/java.util.zip.InflaterInputStream.read(InflaterInputStream.java:175) ~[?:?]
		at TRANSFORMER/minecraft@1.21.1/net.minecraft.util.FastBufferedInputStream.read(FastBufferedInputStream.java:45) ~[server-1.21.1-20240808.144430-srg.jar%23247!/:?]
		at java.base/java.io.DataInputStream.readFully(DataInputStream.java:208) ~[?:?]
		at java.base/java.io.DataInputStream.readUTF(DataInputStream.java:594) ~[?:?]
		at java.base/java.io.DataInputStream.readUTF(DataInputStream.java:550) ~[?:?]
		at TRANSFORMER/minecraft@1.21.1/net.minecraft.nbt.CompoundTag$1.loadCompound(CompoundTag.java:60) ~[server-1.21.1-20240808.144430-srg.jar%23247!/:?]
		at TRANSFORMER/minecraft@1.21.1/net.minecraft.nbt.CompoundTag$1.load(CompoundTag.java:41) ~[server-1.21.1-20240808.144430-srg.jar%23247!/:?]
		at TRANSFORMER/minecraft@1.21.1/net.minecraft.nbt.CompoundTag$1.load(CompoundTag.java:35) ~[server-1.21.1-20240808.144430-srg.jar%23247!/:?]
		at TRANSFORMER/minecraft@1.21.1/net.minecraft.nbt.CompoundTag.readNamedTagData(CompoundTag.java:524) ~[server-1.21.1-20240808.144430-srg.jar%23247!/:?]
		at TRANSFORMER/minecraft@1.21.1/net.minecraft.nbt.CompoundTag$1.loadCompound(CompoundTag.java:62) ~[server-1.21.1-20240808.144430-srg.jar%23247!/:?]
		at TRANSFORMER/minecraft@1.21.1/net.minecraft.nbt.CompoundTag$1.load(CompoundTag.java:41) ~[server-1.21.1-20240808.144430-srg.jar%23247!/:?]
		at TRANSFORMER/minecraft@1.21.1/net.minecraft.nbt.CompoundTag$1.load(CompoundTag.java:35) ~[server-1.21.1-20240808.144430-srg.jar%23247!/:?]
		at TRANSFORMER/minecraft@1.21.1/net.minecraft.nbt.ListTag$1.loadList(ListTag.java:40) ~[server-1.21.1-20240808.144430-srg.jar%23247!/:?]
		at TRANSFORMER/minecraft@1.21.1/net.minecraft.nbt.ListTag$1.load(ListTag.java:20) ~[server-1.21.1-20240808.144430-srg.jar%23247!/:?]
		at TRANSFORMER/minecraft@1.21.1/net.minecraft.nbt.ListTag$1.load(ListTag.java:14) ~[server-1.21.1-20240808.144430-srg.jar%23247!/:?]
		at TRANSFORMER/minecraft@1.21.1/net.minecraft.nbt.CompoundTag.readNamedTagData(CompoundTag.java:524) ~[server-1.21.1-20240808.144430-srg.jar%23247!/:?]
		at TRANSFORMER/minecraft@1.21.1/net.minecraft.nbt.CompoundTag$1.loadCompound(CompoundTag.java:62) ~[server-1.21.1-20240808.144430-srg.jar%23247!/:?]
		at TRANSFORMER/minecraft@1.21.1/net.minecraft.nbt.CompoundTag$1.load(CompoundTag.java:41) ~[server-1.21.1-20240808.144430-srg.jar%23247!/:?]
		at TRANSFORMER/minecraft@1.21.1/net.minecraft.nbt.CompoundTag$1.load(CompoundTag.java:35) ~[server-1.21.1-20240808.144430-srg.jar%23247!/:?]
		at TRANSFORMER/minecraft@1.21.1/net.minecraft.nbt.NbtIo.readTagSafe(NbtIo.java:193) ~[server-1.21.1-20240808.144430-srg.jar%23247!/:?]
		at TRANSFORMER/minecraft@1.21.1/net.minecraft.nbt.NbtIo.readUnnamedTag(NbtIo.java:187) ~[server-1.21.1-20240808.144430-srg.jar%23247!/:?]
		at TRANSFORMER/minecraft@1.21.1/net.minecraft.nbt.NbtIo.read(NbtIo.java:121) ~[server-1.21.1-20240808.144430-srg.jar%23247!/:?]
		at TRANSFORMER/minecraft@1.21.1/net.minecraft.nbt.NbtIo.read(NbtIo.java:117) ~[server-1.21.1-20240808.144430-srg.jar%23247!/:?]
		at TRANSFORMER/c2me_rewrites_chunkio@0.4.0-alpha.0.120+1.21.1/com.ishland.c2me.rewrites.chunkio.common.C2MEStorageThread.lambda$scheduleChunkRead$0(C2MEStorageThread.java:378) ~[c2me-neoforge-rewrites-chunkio-mc1.21.1-0.4.0-alpha.0.120.jar%23607!/:?]
		at java.base/java.util.concurrent.CompletableFuture$AsyncSupply.run(CompletableFuture.java:1768) ~[?:?]
		... 3 more
	Suppressed: java.util.concurrent.CompletionException: net.minecraft.nbt.ReportedNbtException: Loading NBT data
		at java.base/java.util.concurrent.CompletableFuture.encodeThrowable(CompletableFuture.java:315) ~[?:?]
		at java.base/java.util.concurrent.CompletableFuture.completeThrowable(CompletableFuture.java:320) ~[?:?]
		at java.base/java.util.concurrent.CompletableFuture$AsyncSupply.run(CompletableFuture.java:1770) ~[?:?]
		at TRANSFORMER/c2me_base@0.4.0-alpha.0.120+1.21.1/com.ishland.c2me.base.common.scheduler.WrappingTask.run(WrappingTask.java:45) ~[c2me-neoforge-base-mc1.21.1-0.4.0-alpha.0.120-all.jar%23522!/:?]
		at TRANSFORMER/c2me_base@0.4.0-alpha.0.120+1.21.1/com.ishland.flowsched.executor.WorkerThread.pollTasks(WorkerThread.java:51) ~[c2me-neoforge-base-mc1.21.1-0.4.0-alpha.0.120-all.jar%23522!/:?]
		at TRANSFORMER/c2me_base@0.4.0-alpha.0.120+1.21.1/com.ishland.flowsched.executor.WorkerThread.run(WorkerThread.java:29) ~[c2me-neoforge-base-mc1.21.1-0.4.0-alpha.0.120-all.jar%23522!/:?]
	Caused by: net.minecraft.nbt.ReportedNbtException: Loading NBT data
		at TRANSFORMER/minecraft@1.21.1/net.minecraft.nbt.CompoundTag.readNamedTagData(CompoundTag.java:530) ~[server-1.21.1-20240808.144430-srg.jar%23247!/:?]
		at TRANSFORMER/minecraft@1.21.1/net.minecraft.nbt.CompoundTag$1.loadCompound(CompoundTag.java:62) ~[server-1.21.1-20240808.144430-srg.jar%23247!/:?]
		at TRANSFORMER/minecraft@1.21.1/net.minecraft.nbt.CompoundTag$1.load(CompoundTag.java:41) ~[server-1.21.1-20240808.144430-srg.jar%23247!/:?]
		at TRANSFORMER/minecraft@1.21.1/net.minecraft.nbt.CompoundTag$1.load(CompoundTag.java:35) ~[server-1.21.1-20240808.144430-srg.jar%23247!/:?]
		at TRANSFORMER/minecraft@1.21.1/net.minecraft.nbt.ListTag$1.loadList(ListTag.java:40) ~[server-1.21.1-20240808.144430-srg.jar%23247!/:?]
		at TRANSFORMER/minecraft@1.21.1/net.minecraft.nbt.ListTag$1.load(ListTag.java:20) ~[server-1.21.1-20240808.144430-srg.jar%23247!/:?]
		at TRANSFORMER/minecraft@1.21.1/net.minecraft.nbt.ListTag$1.load(ListTag.java:14) ~[server-1.21.1-20240808.144430-srg.jar%23247!/:?]
		at TRANSFORMER/minecraft@1.21.1/net.minecraft.nbt.CompoundTag.readNamedTagData(CompoundTag.java:524) ~[server-1.21.1-20240808.144430-srg.jar%23247!/:?]
		at TRANSFORMER/minecraft@1.21.1/net.minecraft.nbt.CompoundTag$1.loadCompound(CompoundTag.java:62) ~[server-1.21.1-20240808.144430-srg.jar%23247!/:?]
		at TRANSFORMER/minecraft@1.21.1/net.minecraft.nbt.CompoundTag$1.load(CompoundTag.java:41) ~[server-1.21.1-20240808.144430-srg.jar%23247!/:?]
		at TRANSFORMER/minecraft@1.21.1/net.minecraft.nbt.CompoundTag$1.load(CompoundTag.java:35) ~[server-1.21.1-20240808.144430-srg.jar%23247!/:?]
		at TRANSFORMER/minecraft@1.21.1/net.minecraft.nbt.NbtIo.readTagSafe(NbtIo.java:193) ~[server-1.21.1-20240808.144430-srg.jar%23247!/:?]
		at TRANSFORMER/minecraft@1.21.1/net.minecraft.nbt.NbtIo.readUnnamedTag(NbtIo.java:187) ~[server-1.21.1-20240808.144430-srg.jar%23247!/:?]
		at TRANSFORMER/minecraft@1.21.1/net.minecraft.nbt.NbtIo.read(NbtIo.java:121) ~[server-1.21.1-20240808.144430-srg.jar%23247!/:?]
		at TRANSFORMER/minecraft@1.21.1/net.minecraft.nbt.NbtIo.read(NbtIo.java:117) ~[server-1.21.1-20240808.144430-srg.jar%23247!/:?]
		at TRANSFORMER/c2me_rewrites_chunkio@0.4.0-alpha.0.120+1.21.1/com.ishland.c2me.rewrites.chunkio.common.C2MEStorageThread.lambda$scheduleChunkRead$0(C2MEStorageThread.java:378) ~[c2me-neoforge-rewrites-chunkio-mc1.21.1-0.4.0-alpha.0.120.jar%23607!/:?]
		at java.base/java.util.concurrent.CompletableFuture$AsyncSupply.run(CompletableFuture.java:1768) ~[?:?]
		... 3 more
	Caused by: java.io.EOFException: Unexpected end of ZLIB input stream
		at java.base/java.util.zip.InflaterInputStream.fill(InflaterInputStream.java:266) ~[?:?]
		at java.base/java.util.zip.InflaterInputStream.read(InflaterInputStream.java:175) ~[?:?]
		at TRANSFORMER/minecraft@1.21.1/net.minecraft.util.FastBufferedInputStream.read(FastBufferedInputStream.java:45) ~[server-1.21.1-20240808.144430-srg.jar%23247!/:?]
		at java.base/java.io.DataInputStream.readFully(DataInputStream.java:208) ~[?:?]
		at java.base/java.io.DataInputStream.readUTF(DataInputStream.java:594) ~[?:?]
		at java.base/java.io.DataInputStream.readUTF(DataInputStream.java:550) ~[?:?]
		at TRANSFORMER/minecraft@1.21.1/net.minecraft.nbt.CompoundTag$1.loadCompound(CompoundTag.java:60) ~[server-1.21.1-20240808.144430-srg.jar%23247!/:?]
		at TRANSFORMER/minecraft@1.21.1/net.minecraft.nbt.CompoundTag$1.load(CompoundTag.java:41) ~[server-1.21.1-20240808.144430-srg.jar%23247!/:?]
		at TRANSFORMER/minecraft@1.21.1/net.minecraft.nbt.CompoundTag$1.load(CompoundTag.java:35) ~[server-1.21.1-20240808.144430-srg.jar%23247!/:?]
		at TRANSFORMER/minecraft@1.21.1/net.minecraft.nbt.CompoundTag.readNamedTagData(CompoundTag.java:524) ~[server-1.21.1-20240808.144430-srg.jar%23247!/:?]
		at TRANSFORMER/minecraft@1.21.1/net.minecraft.nbt.CompoundTag$1.loadCompound(CompoundTag.java:62) ~[server-1.21.1-20240808.144430-srg.jar%23247!/:?]
		at TRANSFORMER/minecraft@1.21.1/net.minecraft.nbt.CompoundTag$1.load(CompoundTag.java:41) ~[server-1.21.1-20240808.144430-srg.jar%23247!/:?]
		at TRANSFORMER/minecraft@1.21.1/net.minecraft.nbt.CompoundTag$1.load(CompoundTag.java:35) ~[server-1.21.1-20240808.144430-srg.jar%23247!/:?]
		at TRANSFORMER/minecraft@1.21.1/net.minecraft.nbt.ListTag$1.loadList(ListTag.java:40) ~[server-1.21.1-20240808.144430-srg.jar%23247!/:?]
		at TRANSFORMER/minecraft@1.21.1/net.minecraft.nbt.ListTag$1.load(ListTag.java:20) ~[server-1.21.1-20240808.144430-srg.jar%23247!/:?]
		at TRANSFORMER/minecraft@1.21.1/net.minecraft.nbt.ListTag$1.load(ListTag.java:14) ~[server-1.21.1-20240808.144430-srg.jar%23247!/:?]
		at TRANSFORMER/minecraft@1.21.1/net.minecraft.nbt.CompoundTag.readNamedTagData(CompoundTag.java:524) ~[server-1.21.1-20240808.144430-srg.jar%23247!/:?]
		at TRANSFORMER/minecraft@1.21.1/net.minecraft.nbt.CompoundTag$1.loadCompound(CompoundTag.java:62) ~[server-1.21.1-20240808.144430-srg.jar%23247!/:?]
		at TRANSFORMER/minecraft@1.21.1/net.minecraft.nbt.CompoundTag$1.load(CompoundTag.java:41) ~[server-1.21.1-20240808.144430-srg.jar%23247!/:?]
		at TRANSFORMER/minecraft@1.21.1/net.minecraft.nbt.CompoundTag$1.load(CompoundTag.java:35) ~[server-1.21.1-20240808.144430-srg.jar%23247!/:?]
		at TRANSFORMER/minecraft@1.21.1/net.minecraft.nbt.NbtIo.readTagSafe(NbtIo.java:193) ~[server-1.21.1-20240808.144430-srg.jar%23247!/:?]
		at TRANSFORMER/minecraft@1.21.1/net.minecraft.nbt.NbtIo.readUnnamedTag(NbtIo.java:187) ~[server-1.21.1-20240808.144430-srg.jar%23247!/:?]
		at TRANSFORMER/minecraft@1.21.1/net.minecraft.nbt.NbtIo.read(NbtIo.java:121) ~[server-1.21.1-20240808.144430-srg.jar%23247!/:?]
		at TRANSFORMER/minecraft@1.21.1/net.minecraft.nbt.NbtIo.read(NbtIo.java:117) ~[server-1.21.1-20240808.144430-srg.jar%23247!/:?]
		at TRANSFORMER/c2me_rewrites_chunkio@0.4.0-alpha.0.120+1.21.1/com.ishland.c2me.rewrites.chunkio.common.C2MEStorageThread.lambda$scheduleChunkRead$0(C2MEStorageThread.java:378) ~[c2me-neoforge-rewrites-chunkio-mc1.21.1-0.4.0-alpha.0.120.jar%23607!/:?]
		at java.base/java.util.concurrent.CompletableFuture$AsyncSupply.run(CompletableFuture.java:1768) ~[?:?]
		... 3 more
	Suppressed: java.util.concurrent.CompletionException: net.minecraft.nbt.ReportedNbtException: Loading NBT data
		at java.base/java.util.concurrent.CompletableFuture.encodeThrowable(CompletableFuture.java:315) ~[?:?]
		at java.base/java.util.concurrent.CompletableFuture.completeThrowable(CompletableFuture.java:320) ~[?:?]
		at java.base/java.util.concurrent.CompletableFuture$AsyncSupply.run(CompletableFuture.java:1770) ~[?:?]
		at TRANSFORMER/c2me_base@0.4.0-alpha.0.120+1.21.1/com.ishland.c2me.base.common.scheduler.WrappingTask.run(WrappingTask.java:45) ~[c2me-neoforge-base-mc1.21.1-0.4.0-alpha.0.120-all.jar%23522!/:?]
		at TRANSFORMER/c2me_base@0.4.0-alpha.0.120+1.21.1/com.ishland.flowsched.executor.WorkerThread.pollTasks(WorkerThread.java:51) ~[c2me-neoforge-base-mc1.21.1-0.4.0-alpha.0.120-all.jar%23522!/:?]
		at TRANSFORMER/c2me_base@0.4.0-alpha.0.120+1.21.1/com.ishland.flowsched.executor.WorkerThread.run(WorkerThread.java:29) ~[c2me-neoforge-base-mc1.21.1-0.4.0-alpha.0.120-all.jar%23522!/:?]
	Caused by: net.minecraft.nbt.ReportedNbtException: Loading NBT data
		at TRANSFORMER/minecraft@1.21.1/net.minecraft.nbt.CompoundTag.readNamedTagData(CompoundTag.java:530) ~[server-1.21.1-20240808.144430-srg.jar%23247!/:?]
		at TRANSFORMER/minecraft@1.21.1/net.minecraft.nbt.CompoundTag$1.loadCompound(CompoundTag.java:62) ~[server-1.21.1-20240808.144430-srg.jar%23247!/:?]
		at TRANSFORMER/minecraft@1.21.1/net.minecraft.nbt.CompoundTag$1.load(CompoundTag.java:41) ~[server-1.21.1-20240808.144430-srg.jar%23247!/:?]
		at TRANSFORMER/minecraft@1.21.1/net.minecraft.nbt.CompoundTag$1.load(CompoundTag.java:35) ~[server-1.21.1-20240808.144430-srg.jar%23247!/:?]
		at TRANSFORMER/minecraft@1.21.1/net.minecraft.nbt.ListTag$1.loadList(ListTag.java:40) ~[server-1.21.1-20240808.144430-srg.jar%23247!/:?]
		at TRANSFORMER/minecraft@1.21.1/net.minecraft.nbt.ListTag$1.load(ListTag.java:20) ~[server-1.21.1-20240808.144430-srg.jar%23247!/:?]
		at TRANSFORMER/minecraft@1.21.1/net.minecraft.nbt.ListTag$1.load(ListTag.java:14) ~[server-1.21.1-20240808.144430-srg.jar%23247!/:?]
		at TRANSFORMER/minecraft@1.21.1/net.minecraft.nbt.CompoundTag.readNamedTagData(CompoundTag.java:524) ~[server-1.21.1-20240808.144430-srg.jar%23247!/:?]
		at TRANSFORMER/minecraft@1.21.1/net.minecraft.nbt.CompoundTag$1.loadCompound(CompoundTag.java:62) ~[server-1.21.1-20240808.144430-srg.jar%23247!/:?]
		at TRANSFORMER/minecraft@1.21.1/net.minecraft.nbt.CompoundTag$1.load(CompoundTag.java:41) ~[server-1.21.1-20240808.144430-srg.jar%23247!/:?]
		at TRANSFORMER/minecraft@1.21.1/net.minecraft.nbt.CompoundTag$1.load(CompoundTag.java:35) ~[server-1.21.1-20240808.144430-srg.jar%23247!/:?]
		at TRANSFORMER/minecraft@1.21.1/net.minecraft.nbt.NbtIo.readTagSafe(NbtIo.java:193) ~[server-1.21.1-20240808.144430-srg.jar%23247!/:?]
		at TRANSFORMER/minecraft@1.21.1/net.minecraft.nbt.NbtIo.readUnnamedTag(NbtIo.java:187) ~[server-1.21.1-20240808.144430-srg.jar%23247!/:?]
		at TRANSFORMER/minecraft@1.21.1/net.minecraft.nbt.NbtIo.read(NbtIo.java:121) ~[server-1.21.1-20240808.144430-srg.jar%23247!/:?]
		at TRANSFORMER/minecraft@1.21.1/net.minecraft.nbt.NbtIo.read(NbtIo.java:117) ~[server-1.21.1-20240808.144430-srg.jar%23247!/:?]
		at TRANSFORMER/c2me_rewrites_chunkio@0.4.0-alpha.0.120+1.21.1/com.ishland.c2me.rewrites.chunkio.common.C2MEStorageThread.lambda$scheduleChunkRead$0(C2MEStorageThread.java:378) ~[c2me-neoforge-rewrites-chunkio-mc1.21.1-0.4.0-alpha.0.120.jar%23607!/:?]
		at java.base/java.util.concurrent.CompletableFuture$AsyncSupply.run(CompletableFuture.java:1768) ~[?:?]
		... 3 more
	Caused by: java.io.EOFException: Unexpected end of ZLIB input stream
		at java.base/java.util.zip.InflaterInputStream.fill(InflaterInputStream.java:266) ~[?:?]
		at java.base/java.util.zip.InflaterInputStream.read(InflaterInputStream.java:175) ~[?:?]
		at TRANSFORMER/minecraft@1.21.1/net.minecraft.util.FastBufferedInputStream.read(FastBufferedInputStream.java:45) ~[server-1.21.1-20240808.144430-srg.jar%23247!/:?]
		at java.base/java.io.DataInputStream.readFully(DataInputStream.java:208) ~[?:?]
		at java.base/java.io.DataInputStream.readUTF(DataInputStream.java:594) ~[?:?]
		at java.base/java.io.DataInputStream.readUTF(DataInputStream.java:550) ~[?:?]
		at TRANSFORMER/minecraft@1.21.1/net.minecraft.nbt.CompoundTag$1.loadCompound(CompoundTag.java:60) ~[server-1.21.1-20240808.144430-srg.jar%23247!/:?]
		at TRANSFORMER/minecraft@1.21.1/net.minecraft.nbt.CompoundTag$1.load(CompoundTag.java:41) ~[server-1.21.1-20240808.144430-srg.jar%23247!/:?]
		at TRANSFORMER/minecraft@1.21.1/net.minecraft.nbt.CompoundTag$1.load(CompoundTag.java:35) ~[server-1.21.1-20240808.144430-srg.jar%23247!/:?]
		at TRANSFORMER/minecraft@1.21.1/net.minecraft.nbt.CompoundTag.readNamedTagData(CompoundTag.java:524) ~[server-1.21.1-20240808.144430-srg.jar%23247!/:?]
		at TRANSFORMER/minecraft@1.21.1/net.minecraft.nbt.CompoundTag$1.loadCompound(CompoundTag.java:62) ~[server-1.21.1-20240808.144430-srg.jar%23247!/:?]
		at TRANSFORMER/minecraft@1.21.1/net.minecraft.nbt.CompoundTag$1.load(CompoundTag.java:41) ~[server-1.21.1-20240808.144430-srg.jar%23247!/:?]
		at TRANSFORMER/minecraft@1.21.1/net.minecraft.nbt.CompoundTag$1.load(CompoundTag.java:35) ~[server-1.21.1-20240808.144430-srg.jar%23247!/:?]
		at TRANSFORMER/minecraft@1.21.1/net.minecraft.nbt.ListTag$1.loadList(ListTag.java:40) ~[server-1.21.1-20240808.144430-srg.jar%23247!/:?]
		at TRANSFORMER/minecraft@1.21.1/net.minecraft.nbt.ListTag$1.load(ListTag.java:20) ~[server-1.21.1-20240808.144430-srg.jar%23247!/:?]
		at TRANSFORMER/minecraft@1.21.1/net.minecraft.nbt.ListTag$1.load(ListTag.java:14) ~[server-1.21.1-20240808.144430-srg.jar%23247!/:?]
		at TRANSFORMER/minecraft@1.21.1/net.minecraft.nbt.CompoundTag.readNamedTagData(CompoundTag.java:524) ~[server-1.21.1-20240808.144430-srg.jar%23247!/:?]
		at TRANSFORMER/minecraft@1.21.1/net.minecraft.nbt.CompoundTag$1.loadCompound(CompoundTag.java:62) ~[server-1.21.1-20240808.144430-srg.jar%23247!/:?]
		at TRANSFORMER/minecraft@1.21.1/net.minecraft.nbt.CompoundTag$1.load(CompoundTag.java:41) ~[server-1.21.1-20240808.144430-srg.jar%23247!/:?]
		at TRANSFORMER/minecraft@1.21.1/net.minecraft.nbt.CompoundTag$1.load(CompoundTag.java:35) ~[server-1.21.1-20240808.144430-srg.jar%23247!/:?]
		at TRANSFORMER/minecraft@1.21.1/net.minecraft.nbt.NbtIo.readTagSafe(NbtIo.java:193) ~[server-1.21.1-20240808.144430-srg.jar%23247!/:?]
		at TRANSFORMER/minecraft@1.21.1/net.minecraft.nbt.NbtIo.readUnnamedTag(NbtIo.java:187) ~[server-1.21.1-20240808.144430-srg.jar%23247!/:?]
		at TRANSFORMER/minecraft@1.21.1/net.minecraft.nbt.NbtIo.read(NbtIo.java:121) ~[server-1.21.1-20240808.144430-srg.jar%23247!/:?]
		at TRANSFORMER/minecraft@1.21.1/net.minecraft.nbt.NbtIo.read(NbtIo.java:117) ~[server-1.21.1-20240808.144430-srg.jar%23247!/:?]
		at TRANSFORMER/c2me_rewrites_chunkio@0.4.0-alpha.0.120+1.21.1/com.ishland.c2me.rewrites.chunkio.common.C2MEStorageThread.lambda$scheduleChunkRead$0(C2MEStorageThread.java:378) ~[c2me-neoforge-rewrites-chunkio-mc1.21.1-0.4.0-alpha.0.120.jar%23607!/:?]
		at java.base/java.util.concurrent.CompletableFuture$AsyncSupply.run(CompletableFuture.java:1768) ~[?:?]
		... 3 more
	Suppressed: java.util.concurrent.CompletionException: net.minecraft.nbt.ReportedNbtException: Loading NBT data
		at java.base/java.util.concurrent.CompletableFuture.encodeThrowable(CompletableFuture.java:315) ~[?:?]
		at java.base/java.util.concurrent.CompletableFuture.completeThrowable(CompletableFuture.java:320) ~[?:?]
		at java.base/java.util.concurrent.CompletableFuture$AsyncSupply.run(CompletableFuture.java:1770) ~[?:?]
		at TRANSFORMER/c2me_base@0.4.0-alpha.0.120+1.21.1/com.ishland.c2me.base.common.scheduler.WrappingTask.run(WrappingTask.java:45) ~[c2me-neoforge-base-mc1.21.1-0.4.0-alpha.0.120-all.jar%23522!/:?]
		at TRANSFORMER/c2me_base@0.4.0-alpha.0.120+1.21.1/com.ishland.flowsched.executor.WorkerThread.pollTasks(WorkerThread.java:51) ~[c2me-neoforge-base-mc1.21.1-0.4.0-alpha.0.120-all.jar%23522!/:?]
		at TRANSFORMER/c2me_base@0.4.0-alpha.0.120+1.21.1/com.ishland.flowsched.executor.WorkerThread.run(WorkerThread.java:29) ~[c2me-neoforge-base-mc1.21.1-0.4.0-alpha.0.120-all.jar%23522!/:?]
	Caused by: net.minecraft.nbt.ReportedNbtException: Loading NBT data
		at TRANSFORMER/minecraft@1.21.1/net.minecraft.nbt.CompoundTag.readNamedTagData(CompoundTag.java:530) ~[server-1.21.1-20240808.144430-srg.jar%23247!/:?]
		at TRANSFORMER/minecraft@1.21.1/net.minecraft.nbt.CompoundTag$1.loadCompound(CompoundTag.java:62) ~[server-1.21.1-20240808.144430-srg.jar%23247!/:?]
		at TRANSFORMER/minecraft@1.21.1/net.minecraft.nbt.CompoundTag$1.load(CompoundTag.java:41) ~[server-1.21.1-20240808.144430-srg.jar%23247!/:?]
		at TRANSFORMER/minecraft@1.21.1/net.minecraft.nbt.CompoundTag$1.load(CompoundTag.java:35) ~[server-1.21.1-20240808.144430-srg.jar%23247!/:?]
		at TRANSFORMER/minecraft@1.21.1/net.minecraft.nbt.ListTag$1.loadList(ListTag.java:40) ~[server-1.21.1-20240808.144430-srg.jar%23247!/:?]
		at TRANSFORMER/minecraft@1.21.1/net.minecraft.nbt.ListTag$1.load(ListTag.java:20) ~[server-1.21.1-20240808.144430-srg.jar%23247!/:?]
		at TRANSFORMER/minecraft@1.21.1/net.minecraft.nbt.ListTag$1.load(ListTag.java:14) ~[server-1.21.1-20240808.144430-srg.jar%23247!/:?]
		at TRANSFORMER/minecraft@1.21.1/net.minecraft.nbt.CompoundTag.readNamedTagData(CompoundTag.java:524) ~[server-1.21.1-20240808.144430-srg.jar%23247!/:?]
		at TRANSFORMER/minecraft@1.21.1/net.minecraft.nbt.CompoundTag$1.loadCompound(CompoundTag.java:62) ~[server-1.21.1-20240808.144430-srg.jar%23247!/:?]
		at TRANSFORMER/minecraft@1.21.1/net.minecraft.nbt.CompoundTag$1.load(CompoundTag.java:41) ~[server-1.21.1-20240808.144430-srg.jar%23247!/:?]
		at TRANSFORMER/minecraft@1.21.1/net.minecraft.nbt.CompoundTag$1.load(CompoundTag.java:35) ~[server-1.21.1-20240808.144430-srg.jar%23247!/:?]
		at TRANSFORMER/minecraft@1.21.1/net.minecraft.nbt.NbtIo.readTagSafe(NbtIo.java:193) ~[server-1.21.1-20240808.144430-srg.jar%23247!/:?]
		at TRANSFORMER/minecraft@1.21.1/net.minecraft.nbt.NbtIo.readUnnamedTag(NbtIo.java:187) ~[server-1.21.1-20240808.144430-srg.jar%23247!/:?]
		at TRANSFORMER/minecraft@1.21.1/net.minecraft.nbt.NbtIo.read(NbtIo.java:121) ~[server-1.21.1-20240808.144430-srg.jar%23247!/:?]
		at TRANSFORMER/minecraft@1.21.1/net.minecraft.nbt.NbtIo.read(NbtIo.java:117) ~[server-1.21.1-20240808.144430-srg.jar%23247!/:?]
		at TRANSFORMER/c2me_rewrites_chunkio@0.4.0-alpha.0.120+1.21.1/com.ishland.c2me.rewrites.chunkio.common.C2MEStorageThread.lambda$scheduleChunkRead$0(C2MEStorageThread.java:378) ~[c2me-neoforge-rewrites-chunkio-mc1.21.1-0.4.0-alpha.0.120.jar%23607!/:?]
		at java.base/java.util.concurrent.CompletableFuture$AsyncSupply.run(CompletableFuture.java:1768) ~[?:?]
		... 3 more
	Caused by: java.io.EOFException: Unexpected end of ZLIB input stream
		at java.base/java.util.zip.InflaterInputStream.fill(InflaterInputStream.java:266) ~[?:?]
		at java.base/java.util.zip.InflaterInputStream.read(InflaterInputStream.java:175) ~[?:?]
		at TRANSFORMER/minecraft@1.21.1/net.minecraft.util.FastBufferedInputStream.read(FastBufferedInputStream.java:45) ~[server-1.21.1-20240808.144430-srg.jar%23247!/:?]
		at java.base/java.io.DataInputStream.readFully(DataInputStream.java:208) ~[?:?]
		at java.base/java.io.DataInputStream.readUTF(DataInputStream.java:594) ~[?:?]
		at java.base/java.io.DataInputStream.readUTF(DataInputStream.java:550) ~[?:?]
		at TRANSFORMER/minecraft@1.21.1/net.minecraft.nbt.CompoundTag$1.loadCompound(CompoundTag.java:60) ~[server-1.21.1-20240808.144430-srg.jar%23247!/:?]
		at TRANSFORMER/minecraft@1.21.1/net.minecraft.nbt.CompoundTag$1.load(CompoundTag.java:41) ~[server-1.21.1-20240808.144430-srg.jar%23247!/:?]
		at TRANSFORMER/minecraft@1.21.1/net.minecraft.nbt.CompoundTag$1.load(CompoundTag.java:35) ~[server-1.21.1-20240808.144430-srg.jar%23247!/:?]
		at TRANSFORMER/minecraft@1.21.1/net.minecraft.nbt.CompoundTag.readNamedTagData(CompoundTag.java:524) ~[server-1.21.1-20240808.144430-srg.jar%23247!/:?]
		at TRANSFORMER/minecraft@1.21.1/net.minecraft.nbt.CompoundTag$1.loadCompound(CompoundTag.java:62) ~[server-1.21.1-20240808.144430-srg.jar%23247!/:?]
		at TRANSFORMER/minecraft@1.21.1/net.minecraft.nbt.CompoundTag$1.load(CompoundTag.java:41) ~[server-1.21.1-20240808.144430-srg.jar%23247!/:?]
		at TRANSFORMER/minecraft@1.21.1/net.minecraft.nbt.CompoundTag$1.load(CompoundTag.java:35) ~[server-1.21.1-20240808.144430-srg.jar%23247!/:?]
		at TRANSFORMER/minecraft@1.21.1/net.minecraft.nbt.ListTag$1.loadList(ListTag.java:40) ~[server-1.21.1-20240808.144430-srg.jar%23247!/:?]
		at TRANSFORMER/minecraft@1.21.1/net.minecraft.nbt.ListTag$1.load(ListTag.java:20) ~[server-1.21.1-20240808.144430-srg.jar%23247!/:?]
		at TRANSFORMER/minecraft@1.21.1/net.minecraft.nbt.ListTag$1.load(ListTag.java:14) ~[server-1.21.1-20240808.144430-srg.jar%23247!/:?]
		at TRANSFORMER/minecraft@1.21.1/net.minecraft.nbt.CompoundTag.readNamedTagData(CompoundTag.java:524) ~[server-1.21.1-20240808.144430-srg.jar%23247!/:?]
		at TRANSFORMER/minecraft@1.21.1/net.minecraft.nbt.CompoundTag$1.loadCompound(CompoundTag.java:62) ~[server-1.21.1-20240808.144430-srg.jar%23247!/:?]
		at TRANSFORMER/minecraft@1.21.1/net.minecraft.nbt.CompoundTag$1.load(CompoundTag.java:41) ~[server-1.21.1-20240808.144430-srg.jar%23247!/:?]
		at TRANSFORMER/minecraft@1.21.1/net.minecraft.nbt.CompoundTag$1.load(CompoundTag.java:35) ~[server-1.21.1-20240808.144430-srg.jar%23247!/:?]
		at TRANSFORMER/minecraft@1.21.1/net.minecraft.nbt.NbtIo.readTagSafe(NbtIo.java:193) ~[server-1.21.1-20240808.144430-srg.jar%23247!/:?]
		at TRANSFORMER/minecraft@1.21.1/net.minecraft.nbt.NbtIo.readUnnamedTag(NbtIo.java:187) ~[server-1.21.1-20240808.144430-srg.jar%23247!/:?]
		at TRANSFORMER/minecraft@1.21.1/net.minecraft.nbt.NbtIo.read(NbtIo.java:121) ~[server-1.21.1-20240808.144430-srg.jar%23247!/:?]
		at TRANSFORMER/minecraft@1.21.1/net.minecraft.nbt.NbtIo.read(NbtIo.java:117) ~[server-1.21.1-20240808.144430-srg.jar%23247!/:?]
		at TRANSFORMER/c2me_rewrites_chunkio@0.4.0-alpha.0.120+1.21.1/com.ishland.c2me.rewrites.chunkio.common.C2MEStorageThread.lambda$scheduleChunkRead$0(C2MEStorageThread.java:378) ~[c2me-neoforge-rewrites-chunkio-mc1.21.1-0.4.0-alpha.0.120.jar%23607!/:?]
		at java.base/java.util.concurrent.CompletableFuture$AsyncSupply.run(CompletableFuture.java:1768) ~[?:?]
		... 3 more
[15Sept2026 11:40:48.229] [IO-Worker-2/ERROR] [net.minecraft.CrashReport/]: Negative index in crash report handler (0/4)
[15Sept2026 11:40:48.228] [Server thread/ERROR] [Chunk System of minecraft:overworld/]: Error upgrading chunk [1312, 1207] to "minecraft:empty"
com.ishland.c2me.base.common.util.RxJavaUtils$StacklessRuntimeException: Max retries reached
	Suppressed: java.lang.RuntimeException: Failed to load asynchronously, falling back to sync loading
		at TRANSFORMER/c2me_rewrites_chunk_system@0.4.0-alpha.0.120+1.21.1/com.ishland.c2me.rewrites.chunksystem.common.statuses.ReadFromDiskAsync.lambda$upgradeToThis$0(ReadFromDiskAsync.java:97) ~[c2me-neoforge-rewrites-chunk-system-mc1.21.1-0.4.0-alpha.0.120.jar%23622!/:?]
		at LAYER PLUGIN/io.reactivex.rxjava3@3.1.12/io.reactivex.rxjava3.internal.operators.single.SingleResumeNext$ResumeMainSingleObserver.onError(SingleResumeNext.java:73) ~[rxjava-3.1.12.jar%23627!/:?]
		at LAYER PLUGIN/io.reactivex.rxjava3@3.1.12/io.reactivex.rxjava3.internal.operators.single.SingleCache.onError(SingleCache.java:146) ~[rxjava-3.1.12.jar%23627!/:?]
		at LAYER PLUGIN/io.reactivex.rxjava3@3.1.12/io.reactivex.rxjava3.internal.operators.flowable.FlowableSingleSingle$SingleElementSubscriber.onError(FlowableSingleSingle.java:97) ~[rxjava-3.1.12.jar%23627!/:?]
		at LAYER PLUGIN/io.reactivex.rxjava3@3.1.12/io.reactivex.rxjava3.subscribers.SerializedSubscriber.onError(SerializedSubscriber.java:145) ~[rxjava-3.1.12.jar%23627!/:?]
		at LAYER PLUGIN/io.reactivex.rxjava3@3.1.12/io.reactivex.rxjava3.internal.operators.flowable.FlowableRepeatWhen$WhenReceiver.onError(FlowableRepeatWhen.java:112) ~[rxjava-3.1.12.jar%23627!/:?]
		at LAYER PLUGIN/io.reactivex.rxjava3@3.1.12/io.reactivex.rxjava3.internal.util.AtomicThrowable.tryTerminateConsumer(AtomicThrowable.java:94) ~[rxjava-3.1.12.jar%23627!/:?]
		at LAYER PLUGIN/io.reactivex.rxjava3@3.1.12/io.reactivex.rxjava3.internal.operators.flowable.FlowableFlatMap$MergeSubscriber.checkTerminate(FlowableFlatMap.java:540) ~[rxjava-3.1.12.jar%23627!/:?]
		at LAYER PLUGIN/io.reactivex.rxjava3@3.1.12/io.reactivex.rxjava3.internal.operators.flowable.FlowableFlatMap$MergeSubscriber.drainLoop(FlowableFlatMap.java:365) ~[rxjava-3.1.12.jar%23627!/:?]
		at LAYER PLUGIN/io.reactivex.rxjava3@3.1.12/io.reactivex.rxjava3.internal.operators.flowable.FlowableFlatMap$MergeSubscriber.drain(FlowableFlatMap.java:357) ~[rxjava-3.1.12.jar%23627!/:?]
		at LAYER PLUGIN/io.reactivex.rxjava3@3.1.12/io.reactivex.rxjava3.internal.operators.flowable.FlowableFlatMap$MergeSubscriber.onError(FlowableFlatMap.java:318) ~[rxjava-3.1.12.jar%23627!/:?]
		at LAYER PLUGIN/io.reactivex.rxjava3@3.1.12/io.reactivex.rxjava3.internal.util.AtomicThrowable.tryTerminateConsumer(AtomicThrowable.java:94) ~[rxjava-3.1.12.jar%23627!/:?]
		at LAYER PLUGIN/io.reactivex.rxjava3@3.1.12/io.reactivex.rxjava3.internal.operators.flowable.FlowableZip$ZipCoordinator.drain(FlowableZip.java:239) ~[rxjava-3.1.12.jar%23627!/:?]
		at LAYER PLUGIN/io.reactivex.rxjava3@3.1.12/io.reactivex.rxjava3.internal.operators.flowable.FlowableZip$ZipSubscriber.onNext(FlowableZip.java:371) ~[rxjava-3.1.12.jar%23627!/:?]
		at LAYER PLUGIN/io.reactivex.rxjava3@3.1.12/io.reactivex.rxjava3.processors.UnicastProcessor.drainFused(UnicastProcessor.java:349) ~[rxjava-3.1.12.jar%23627!/:?]
		at LAYER PLUGIN/io.reactivex.rxjava3@3.1.12/io.reactivex.rxjava3.processors.UnicastProcessor.drain(UnicastProcessor.java:382) ~[rxjava-3.1.12.jar%23627!/:?]
		at LAYER PLUGIN/io.reactivex.rxjava3@3.1.12/io.reactivex.rxjava3.processors.UnicastProcessor.onNext(UnicastProcessor.java:444) ~[rxjava-3.1.12.jar%23627!/:?]
		at LAYER PLUGIN/io.reactivex.rxjava3@3.1.12/io.reactivex.rxjava3.processors.SerializedProcessor.onNext(SerializedProcessor.java:103) ~[rxjava-3.1.12.jar%23627!/:?]
		at LAYER PLUGIN/io.reactivex.rxjava3@3.1.12/io.reactivex.rxjava3.internal.operators.flowable.FlowableRepeatWhen$WhenSourceSubscriber.again(FlowableRepeatWhen.java:171) ~[?:?]
		at LAYER PLUGIN/io.reactivex.rxjava3@3.1.12/io.reactivex.rxjava3.internal.operators.flowable.FlowableRetryWhen$RetryWhenSubscriber.onError(FlowableRetryWhen.java:77) ~[?:?]
		at LAYER PLUGIN/io.reactivex.rxjava3@3.1.12/io.reactivex.rxjava3.internal.operators.single.SingleToFlowable$SingleToFlowableObserver.onError(SingleToFlowable.java:68) ~[?:?]
		at LAYER PLUGIN/io.reactivex.rxjava3@3.1.12/io.reactivex.rxjava3.internal.operators.single.SingleMap$MapSingleObserver.onError(SingleMap.java:70) ~[?:?]
		at LAYER PLUGIN/io.reactivex.rxjava3@3.1.12/io.reactivex.rxjava3.internal.operators.single.SingleObserveOn$ObserveOnSingleObserver.run(SingleObserveOn.java:79) ~[?:?]
		at LAYER PLUGIN/io.reactivex.rxjava3@3.1.12/io.reactivex.rxjava3.internal.schedulers.ExecutorScheduler$ExecutorWorker$BooleanRunnable.run(ExecutorScheduler.java:324) ~[?:?]
		at TRANSFORMER/minecraft@1.21.1/net.minecraft.util.thread.BlockableEventLoop.doRunTask(BlockableEventLoop.java:148) ~[server-1.21.1-20240808.144430-srg.jar%23247!/:?]
		at TRANSFORMER/minecraft@1.21.1/net.minecraft.server.level.ServerChunkCache$MainThreadExecutor.doRunTask(ServerChunkCache.java:559) ~[server-1.21.1-20240808.144430-srg.jar%23247!/:?]
		at TRANSFORMER/minecraft@1.21.1/net.minecraft.util.thread.BlockableEventLoop.pollTask(BlockableEventLoop.java:122) ~[server-1.21.1-20240808.144430-srg.jar%23247!/:?]
		at TRANSFORMER/minecraft@1.21.1/net.minecraft.server.level.ServerChunkCache$MainThreadExecutor.pollTask(ServerChunkCache.java:568) ~[server-1.21.1-20240808.144430-srg.jar%23247!/:?]
		at TRANSFORMER/minecraft@1.21.1/net.minecraft.server.level.ServerChunkCache.pollTask(ServerChunkCache.java:275) ~[server-1.21.1-20240808.144430-srg.jar%23247!/:?]
		at TRANSFORMER/minecraft@1.21.1/net.minecraft.server.MinecraftServer.pollTaskInternal(MinecraftServer.java:860) ~[server-1.21.1-20240808.144430-srg.jar%23247!/:?]
		at TRANSFORMER/minecraft@1.21.1/net.minecraft.server.MinecraftServer.pollTask(MinecraftServer.java:849) ~[server-1.21.1-20240808.144430-srg.jar%23247!/:?]
		at TRANSFORMER/minecraft@1.21.1/net.minecraft.util.thread.BlockableEventLoop.managedBlock(BlockableEventLoop.java:132) ~[server-1.21.1-20240808.144430-srg.jar%23247!/:?]
		at TRANSFORMER/minecraft@1.21.1/net.minecraft.server.MinecraftServer.managedBlock(MinecraftServer.java:821) ~[server-1.21.1-20240808.144430-srg.jar%23247!/:?]
		at TRANSFORMER/minecraft@1.21.1/net.minecraft.server.MinecraftServer.mixinextras$bridge$managedBlock$300(MinecraftServer.java) ~[server-1.21.1-20240808.144430-srg.jar%23247!/:?]
		at TRANSFORMER/minecraft@1.21.1/net.minecraft.server.MinecraftServer.wrapOperation$zcm000$modernfix$managedBlock(MinecraftServer.java:2154) ~[server-1.21.1-20240808.144430-srg.jar%23247!/:?]
		at TRANSFORMER/minecraft@1.21.1/net.minecraft.server.MinecraftServer.waitUntilNextTick(MinecraftServer.java:826) ~[server-1.21.1-20240808.144430-srg.jar%23247!/:?]
		at TRANSFORMER/minecraft@1.21.1/net.minecraft.server.MinecraftServer.runServer(MinecraftServer.java:712) ~[server-1.21.1-20240808.144430-srg.jar%23247!/:?]
		at TRANSFORMER/minecraft@1.21.1/net.minecraft.server.MinecraftServer.lambda$spin$2(MinecraftServer.java:267) ~[server-1.21.1-20240808.144430-srg.jar%23247!/:?]
		at java.base/java.lang.Thread.run(Thread.java:1583) [?:?]
	Caused by: com.ishland.c2me.base.common.util.RxJavaUtils$StacklessRuntimeException: Max retries reached
		Suppressed: java.util.concurrent.CompletionException: net.minecraft.nbt.ReportedNbtException: Loading NBT data
			at java.base/java.util.concurrent.CompletableFuture.encodeThrowable(CompletableFuture.java:315) ~[?:?]
			at java.base/java.util.concurrent.CompletableFuture.completeThrowable(CompletableFuture.java:320) ~[?:?]
			at java.base/java.util.concurrent.CompletableFuture$AsyncSupply.run(CompletableFuture.java:1770) ~[?:?]
			at TRANSFORMER/c2me_base@0.4.0-alpha.0.120+1.21.1/com.ishland.c2me.base.common.scheduler.WrappingTask.run(WrappingTask.java:45) ~[c2me-neoforge-base-mc1.21.1-0.4.0-alpha.0.120-all.jar%23522!/:?]
			at TRANSFORMER/c2me_base@0.4.0-alpha.0.120+1.21.1/com.ishland.flowsched.executor.WorkerThread.pollTasks(WorkerThread.java:51) ~[c2me-neoforge-base-mc1.21.1-0.4.0-alpha.0.120-all.jar%23522!/:?]
			at TRANSFORMER/c2me_base@0.4.0-alpha.0.120+1.21.1/com.ishland.flowsched.executor.WorkerThread.run(WorkerThread.java:29) ~[c2me-neoforge-base-mc1.21.1-0.4.0-alpha.0.120-all.jar%23522!/:?]
		Caused by: net.minecraft.nbt.ReportedNbtException: Loading NBT data
			at TRANSFORMER/minecraft@1.21.1/net.minecraft.nbt.CompoundTag.readNamedTagData(CompoundTag.java:530) ~[server-1.21.1-20240808.144430-srg.jar%23247!/:?]
			at TRANSFORMER/minecraft@1.21.1/net.minecraft.nbt.CompoundTag$1.loadCompound(CompoundTag.java:62) ~[server-1.21.1-20240808.144430-srg.jar%23247!/:?]
			at TRANSFORMER/minecraft@1.21.1/net.minecraft.nbt.CompoundTag$1.load(CompoundTag.java:41) ~[server-1.21.1-20240808.144430-srg.jar%23247!/:?]
			at TRANSFORMER/minecraft@1.21.1/net.minecraft.nbt.CompoundTag$1.load(CompoundTag.java:35) ~[server-1.21.1-20240808.144430-srg.jar%23247!/:?]
			at TRANSFORMER/minecraft@1.21.1/net.minecraft.nbt.ListTag$1.loadList(ListTag.java:40) ~[server-1.21.1-20240808.144430-srg.jar%23247!/:?]
			at TRANSFORMER/minecraft@1.21.1/net.minecraft.nbt.ListTag$1.load(ListTag.java:20) ~[server-1.21.1-20240808.144430-srg.jar%23247!/:?]
			at TRANSFORMER/minecraft@1.21.1/net.minecraft.nbt.ListTag$1.load(ListTag.java:14) ~[server-1.21.1-20240808.144430-srg.jar%23247!/:?]
			at TRANSFORMER/minecraft@1.21.1/net.minecraft.nbt.CompoundTag.readNamedTagData(CompoundTag.java:524) ~[server-1.21.1-20240808.144430-srg.jar%23247!/:?]
			at TRANSFORMER/minecraft@1.21.1/net.minecraft.nbt.CompoundTag$1.loadCompound(CompoundTag.java:62) ~[server-1.21.1-20240808.144430-srg.jar%23247!/:?]
			at TRANSFORMER/minecraft@1.21.1/net.minecraft.nbt.CompoundTag$1.load(CompoundTag.java:41) ~[server-1.21.1-20240808.144430-srg.jar%23247!/:?]
			at TRANSFORMER/minecraft@1.21.1/net.minecraft.nbt.CompoundTag$1.load(CompoundTag.java:35) ~[server-1.21.1-20240808.144430-srg.jar%23247!/:?]
			at TRANSFORMER/minecraft@1.21.1/net.minecraft.nbt.NbtIo.readTagSafe(NbtIo.java:193) ~[server-1.21.1-20240808.144430-srg.jar%23247!/:?]
			at TRANSFORMER/minecraft@1.21.1/net.minecraft.nbt.NbtIo.readUnnamedTag(NbtIo.java:187) ~[server-1.21.1-20240808.144430-srg.jar%23247!/:?]
			at TRANSFORMER/minecraft@1.21.1/net.minecraft.nbt.NbtIo.read(NbtIo.java:121) ~[server-1.21.1-20240808.144430-srg.jar%23247!/:?]
			at TRANSFORMER/minecraft@1.21.1/net.minecraft.nbt.NbtIo.read(NbtIo.java:117) ~[server-1.21.1-20240808.144430-srg.jar%23247!/:?]
			at TRANSFORMER/c2me_rewrites_chunkio@0.4.0-alpha.0.120+1.21.1/com.ishland.c2me.rewrites.chunkio.common.C2MEStorageThread.lambda$scheduleChunkRead$0(C2MEStorageThread.java:378) ~[c2me-neoforge-rewrites-chunkio-mc1.21.1-0.4.0-alpha.0.120.jar%23607!/:?]
			at java.base/java.util.concurrent.CompletableFuture$AsyncSupply.run(CompletableFuture.java:1768) ~[?:?]
			... 3 more
		Caused by: java.io.EOFException: Unexpected end of ZLIB input stream
			at java.base/java.util.zip.InflaterInputStream.fill(InflaterInputStream.java:266) ~[?:?]
			at java.base/java.util.zip.InflaterInputStream.read(InflaterInputStream.java:175) ~[?:?]
			at TRANSFORMER/minecraft@1.21.1/net.minecraft.util.FastBufferedInputStream.read(FastBufferedInputStream.java:45) ~[server-1.21.1-20240808.144430-srg.jar%23247!/:?]
			at java.base/java.io.DataInputStream.readFully(DataInputStream.java:208) ~[?:?]
			at java.base/java.io.DataInputStream.readUTF(DataInputStream.java:594) ~[?:?]
			at java.base/java.io.DataInputStream.readUTF(DataInputStream.java:550) ~[?:?]
			at TRANSFORMER/minecraft@1.21.1/net.minecraft.nbt.CompoundTag$1.loadCompound(CompoundTag.java:60) ~[server-1.21.1-20240808.144430-srg.jar%23247!/:?]
			at TRANSFORMER/minecraft@1.21.1/net.minecraft.nbt.CompoundTag$1.load(CompoundTag.java:41) ~[server-1.21.1-20240808.144430-srg.jar%23247!/:?]
			at TRANSFORMER/minecraft@1.21.1/net.minecraft.nbt.CompoundTag$1.load(CompoundTag.java:35) ~[server-1.21.1-20240808.144430-srg.jar%23247!/:?]
			at TRANSFORMER/minecraft@1.21.1/net.minecraft.nbt.CompoundTag.readNamedTagData(CompoundTag.java:524) ~[server-1.21.1-20240808.144430-srg.jar%23247!/:?]
			at TRANSFORMER/minecraft@1.21.1/net.minecraft.nbt.CompoundTag$1.loadCompound(CompoundTag.java:62) ~[server-1.21.1-20240808.144430-srg.jar%23247!/:?]
			at TRANSFORMER/minecraft@1.21.1/net.minecraft.nbt.CompoundTag$1.load(CompoundTag.java:41) ~[server-1.21.1-20240808.144430-srg.jar%23247!/:?]
			at TRANSFORMER/minecraft@1.21.1/net.minecraft.nbt.CompoundTag$1.load(CompoundTag.java:35) ~[server-1.21.1-20240808.144430-srg.jar%23247!/:?]
			at TRANSFORMER/minecraft@1.21.1/net.minecraft.nbt.ListTag$1.loadList(ListTag.java:40) ~[server-1.21.1-20240808.144430-srg.jar%23247!/:?]
			at TRANSFORMER/minecraft@1.21.1/net.minecraft.nbt.ListTag$1.load(ListTag.java:20) ~[server-1.21.1-20240808.144430-srg.jar%23247!/:?]
			at TRANSFORMER/minecraft@1.21.1/net.minecraft.nbt.ListTag$1.load(ListTag.java:14) ~[server-1.21.1-20240808.144430-srg.jar%23247!/:?]
			at TRANSFORMER/minecraft@1.21.1/net.minecraft.nbt.CompoundTag.readNamedTagData(CompoundTag.java:524) ~[server-1.21.1-20240808.144430-srg.jar%23247!/:?]
			at TRANSFORMER/minecraft@1.21.1/net.minecraft.nbt.CompoundTag$1.loadCompound(CompoundTag.java:62) ~[server-1.21.1-20240808.144430-srg.jar%23247!/:?]
			at TRANSFORMER/minecraft@1.21.1/net.minecraft.nbt.CompoundTag$1.load(CompoundTag.java:41) ~[server-1.21.1-20240808.144430-srg.jar%23247!/:?]
			at TRANSFORMER/minecraft@1.21.1/net.minecraft.nbt.CompoundTag$1.load(CompoundTag.java:35) ~[server-1.21.1-20240808.144430-srg.jar%23247!/:?]
			at TRANSFORMER/minecraft@1.21.1/net.minecraft.nbt.NbtIo.readTagSafe(NbtIo.java:193) ~[server-1.21.1-20240808.144430-srg.jar%23247!/:?]
			at TRANSFORMER/minecraft@1.21.1/net.minecraft.nbt.NbtIo.readUnnamedTag(NbtIo.java:187) ~[server-1.21.1-20240808.144430-srg.jar%23247!/:?]
			at TRANSFORMER/minecraft@1.21.1/net.minecraft.nbt.NbtIo.read(NbtIo.java:121) ~[server-1.21.1-20240808.144430-srg.jar%23247!/:?]
			at TRANSFORMER/minecraft@1.21.1/net.minecraft.nbt.NbtIo.read(NbtIo.java:117) ~[server-1.21.1-20240808.144430-srg.jar%23247!/:?]
			at TRANSFORMER/c2me_rewrites_chunkio@0.4.0-alpha.0.120+1.21.1/com.ishland.c2me.rewrites.chunkio.common.C2MEStorageThread.lambda$scheduleChunkRead$0(C2MEStorageThread.java:378) ~[c2me-neoforge-rewrites-chunkio-mc1.21.1-0.4.0-alpha.0.120.jar%23607!/:?]
			at java.base/java.util.concurrent.CompletableFuture$AsyncSupply.run(CompletableFuture.java:1768) ~[?:?]
			... 3 more
		Suppressed: java.util.concurrent.CompletionException: net.minecraft.nbt.ReportedNbtException: Loading NBT data
			at java.base/java.util.concurrent.CompletableFuture.encodeThrowable(CompletableFuture.java:315) ~[?:?]
			at java.base/java.util.concurrent.CompletableFuture.completeThrowable(CompletableFuture.java:320) ~[?:?]
			at java.base/java.util.concurrent.CompletableFuture$AsyncSupply.run(CompletableFuture.java:1770) ~[?:?]
			at TRANSFORMER/c2me_base@0.4.0-alpha.0.120+1.21.1/com.ishland.c2me.base.common.scheduler.WrappingTask.run(WrappingTask.java:45) ~[c2me-neoforge-base-mc1.21.1-0.4.0-alpha.0.120-all.jar%23522!/:?]
			at TRANSFORMER/c2me_base@0.4.0-alpha.0.120+1.21.1/com.ishland.flowsched.executor.WorkerThread.pollTasks(WorkerThread.java:51) ~[c2me-neoforge-base-mc1.21.1-0.4.0-alpha.0.120-all.jar%23522!/:?]
			at TRANSFORMER/c2me_base@0.4.0-alpha.0.120+1.21.1/com.ishland.flowsched.executor.WorkerThread.run(WorkerThread.java:29) ~[c2me-neoforge-base-mc1.21.1-0.4.0-alpha.0.120-all.jar%23522!/:?]
		Caused by: net.minecraft.nbt.ReportedNbtException: Loading NBT data
			at TRANSFORMER/minecraft@1.21.1/net.minecraft.nbt.CompoundTag.readNamedTagData(CompoundTag.java:530) ~[server-1.21.1-20240808.144430-srg.jar%23247!/:?]
			at TRANSFORMER/minecraft@1.21.1/net.minecraft.nbt.CompoundTag$1.loadCompound(CompoundTag.java:62) ~[server-1.21.1-20240808.144430-srg.jar%23247!/:?]
			at TRANSFORMER/minecraft@1.21.1/net.minecraft.nbt.CompoundTag$1.load(CompoundTag.java:41) ~[server-1.21.1-20240808.144430-srg.jar%23247!/:?]
			at TRANSFORMER/minecraft@1.21.1/net.minecraft.nbt.CompoundTag$1.load(CompoundTag.java:35) ~[server-1.21.1-20240808.144430-srg.jar%23247!/:?]
			at TRANSFORMER/minecraft@1.21.1/net.minecraft.nbt.ListTag$1.loadList(ListTag.java:40) ~[server-1.21.1-20240808.144430-srg.jar%23247!/:?]
			at TRANSFORMER/minecraft@1.21.1/net.minecraft.nbt.ListTag$1.load(ListTag.java:20) ~[server-1.21.1-20240808.144430-srg.jar%23247!/:?]
			at TRANSFORMER/minecraft@1.21.1/net.minecraft.nbt.ListTag$1.load(ListTag.java:14) ~[server-1.21.1-20240808.144430-srg.jar%23247!/:?]
			at TRANSFORMER/minecraft@1.21.1/net.minecraft.nbt.CompoundTag.readNamedTagData(CompoundTag.java:524) ~[server-1.21.1-20240808.144430-srg.jar%23247!/:?]
			at TRANSFORMER/minecraft@1.21.1/net.minecraft.nbt.CompoundTag$1.loadCompound(CompoundTag.java:62) ~[server-1.21.1-20240808.144430-srg.jar%23247!/:?]
			at TRANSFORMER/minecraft@1.21.1/net.minecraft.nbt.CompoundTag$1.load(CompoundTag.java:41) ~[server-1.21.1-20240808.144430-srg.jar%23247!/:?]
			at TRANSFORMER/minecraft@1.21.1/net.minecraft.nbt.CompoundTag$1.load(CompoundTag.java:35) ~[server-1.21.1-20240808.144430-srg.jar%23247!/:?]
			at TRANSFORMER/minecraft@1.21.1/net.minecraft.nbt.NbtIo.readTagSafe(NbtIo.java:193) ~[server-1.21.1-20240808.144430-srg.jar%23247!/:?]
			at TRANSFORMER/minecraft@1.21.1/net.minecraft.nbt.NbtIo.readUnnamedTag(NbtIo.java:187) ~[server-1.21.1-20240808.144430-srg.jar%23247!/:?]
			at TRANSFORMER/minecraft@1.21.1/net.minecraft.nbt.NbtIo.read(NbtIo.java:121) ~[server-1.21.1-20240808.144430-srg.jar%23247!/:?]
			at TRANSFORMER/minecraft@1.21.1/net.minecraft.nbt.NbtIo.read(NbtIo.java:117) ~[server-1.21.1-20240808.144430-srg.jar%23247!/:?]
			at TRANSFORMER/c2me_rewrites_chunkio@0.4.0-alpha.0.120+1.21.1/com.ishland.c2me.rewrites.chunkio.common.C2MEStorageThread.lambda$scheduleChunkRead$0(C2MEStorageThread.java:378) ~[c2me-neoforge-rewrites-chunkio-mc1.21.1-0.4.0-alpha.0.120.jar%23607!/:?]
			at java.base/java.util.concurrent.CompletableFuture$AsyncSupply.run(CompletableFuture.java:1768) ~[?:?]
			... 3 more
		Caused by: java.io.EOFException: Unexpected end of ZLIB input stream
			at java.base/java.util.zip.InflaterInputStream.fill(InflaterInputStream.java:266) ~[?:?]
			at java.base/java.util.zip.InflaterInputStream.read(InflaterInputStream.java:175) ~[?:?]
			at TRANSFORMER/minecraft@1.21.1/net.minecraft.util.FastBufferedInputStream.read(FastBufferedInputStream.java:45) ~[server-1.21.1-20240808.144430-srg.jar%23247!/:?]
			at java.base/java.io.DataInputStream.readFully(DataInputStream.java:208) ~[?:?]
			at java.base/java.io.DataInputStream.readUTF(DataInputStream.java:594) ~[?:?]
			at java.base/java.io.DataInputStream.readUTF(DataInputStream.java:550) ~[?:?]
			at TRANSFORMER/minecraft@1.21.1/net.minecraft.nbt.CompoundTag$1.loadCompound(CompoundTag.java:60) ~[server-1.21.1-20240808.144430-srg.jar%23247!/:?]
			at TRANSFORMER/minecraft@1.21.1/net.minecraft.nbt.CompoundTag$1.load(CompoundTag.java:41) ~[server-1.21.1-20240808.144430-srg.jar%23247!/:?]
			at TRANSFORMER/minecraft@1.21.1/net.minecraft.nbt.CompoundTag$1.load(CompoundTag.java:35) ~[server-1.21.1-20240808.144430-srg.jar%23247!/:?]
			at TRANSFORMER/minecraft@1.21.1/net.minecraft.nbt.CompoundTag.readNamedTagData(CompoundTag.java:524) ~[server-1.21.1-20240808.144430-srg.jar%23247!/:?]
			at TRANSFORMER/minecraft@1.21.1/net.minecraft.nbt.CompoundTag$1.loadCompound(CompoundTag.java:62) ~[server-1.21.1-20240808.144430-srg.jar%23247!/:?]
			at TRANSFORMER/minecraft@1.21.1/net.minecraft.nbt.CompoundTag$1.load(CompoundTag.java:41) ~[server-1.21.1-20240808.144430-srg.jar%23247!/:?]
			at TRANSFORMER/minecraft@1.21.1/net.minecraft.nbt.CompoundTag$1.load(CompoundTag.java:35) ~[server-1.21.1-20240808.144430-srg.jar%23247!/:?]
			at TRANSFORMER/minecraft@1.21.1/net.minecraft.nbt.ListTag$1.loadList(ListTag.java:40) ~[server-1.21.1-20240808.144430-srg.jar%23247!/:?]
			at TRANSFORMER/minecraft@1.21.1/net.minecraft.nbt.ListTag$1.load(ListTag.java:20) ~[server-1.21.1-20240808.144430-srg.jar%23247!/:?]
			at TRANSFORMER/minecraft@1.21.1/net.minecraft.nbt.ListTag$1.load(ListTag.java:14) ~[server-1.21.1-20240808.144430-srg.jar%23247!/:?]
			at TRANSFORMER/minecraft@1.21.1/net.minecraft.nbt.CompoundTag.readNamedTagData(CompoundTag.java:524) ~[server-1.21.1-20240808.144430-srg.jar%23247!/:?]
			at TRANSFORMER/minecraft@1.21.1/net.minecraft.nbt.CompoundTag$1.loadCompound(CompoundTag.java:62) ~[server-1.21.1-20240808.144430-srg.jar%23247!/:?]
			at TRANSFORMER/minecraft@1.21.1/net.minecraft.nbt.CompoundTag$1.load(CompoundTag.java:41) ~[server-1.21.1-20240808.144430-srg.jar%23247!/:?]
			at TRANSFORMER/minecraft@1.21.1/net.minecraft.nbt.CompoundTag$1.load(CompoundTag.java:35) ~[server-1.21.1-20240808.144430-srg.jar%23247!/:?]
			at TRANSFORMER/minecraft@1.21.1/net.minecraft.nbt.NbtIo.readTagSafe(NbtIo.java:193) ~[server-1.21.1-20240808.144430-srg.jar%23247!/:?]
			at TRANSFORMER/minecraft@1.21.1/net.minecraft.nbt.NbtIo.readUnnamedTag(NbtIo.java:187) ~[server-1.21.1-20240808.144430-srg.jar%23247!/:?]
			at TRANSFORMER/minecraft@1.21.1/net.minecraft.nbt.NbtIo.read(NbtIo.java:121) ~[server-1.21.1-20240808.144430-srg.jar%23247!/:?]
			at TRANSFORMER/minecraft@1.21.1/net.minecraft.nbt.NbtIo.read(NbtIo.java:117) ~[server-1.21.1-20240808.144430-srg.jar%23247!/:?]
			at TRANSFORMER/c2me_rewrites_chunkio@0.4.0-alpha.0.120+1.21.1/com.ishland.c2me.rewrites.chunkio.common.C2MEStorageThread.lambda$scheduleChunkRead$0(C2MEStorageThread.java:378) ~[c2me-neoforge-rewrites-chunkio-mc1.21.1-0.4.0-alpha.0.120.jar%23607!/:?]
			at java.base/java.util.concurrent.CompletableFuture$AsyncSupply.run(CompletableFuture.java:1768) ~[?:?]
			... 3 more
		Suppressed: java.util.concurrent.CompletionException: net.minecraft.nbt.ReportedNbtException: Loading NBT data
			at java.base/java.util.concurrent.CompletableFuture.encodeThrowable(CompletableFuture.java:315) ~[?:?]
			at java.base/java.util.concurrent.CompletableFuture.completeThrowable(CompletableFuture.java:320) ~[?:?]
			at java.base/java.util.concurrent.CompletableFuture$AsyncSupply.run(CompletableFuture.java:1770) ~[?:?]
			at TRANSFORMER/c2me_base@0.4.0-alpha.0.120+1.21.1/com.ishland.c2me.base.common.scheduler.WrappingTask.run(WrappingTask.java:45) ~[c2me-neoforge-base-mc1.21.1-0.4.0-alpha.0.120-all.jar%23522!/:?]
			at TRANSFORMER/c2me_base@0.4.0-alpha.0.120+1.21.1/com.ishland.flowsched.executor.WorkerThread.pollTasks(WorkerThread.java:51) ~[c2me-neoforge-base-mc1.21.1-0.4.0-alpha.0.120-all.jar%23522!/:?]
			at TRANSFORMER/c2me_base@0.4.0-alpha.0.120+1.21.1/com.ishland.flowsched.executor.WorkerThread.run(WorkerThread.java:29) ~[c2me-neoforge-base-mc1.21.1-0.4.0-alpha.0.120-all.jar%23522!/:?]
		Caused by: net.minecraft.nbt.ReportedNbtException: Loading NBT data
			at TRANSFORMER/minecraft@1.21.1/net.minecraft.nbt.CompoundTag.readNamedTagData(CompoundTag.java:530) ~[server-1.21.1-20240808.144430-srg.jar%23247!/:?]
			at TRANSFORMER/minecraft@1.21.1/net.minecraft.nbt.CompoundTag$1.loadCompound(CompoundTag.java:62) ~[server-1.21.1-20240808.144430-srg.jar%23247!/:?]
			at TRANSFORMER/minecraft@1.21.1/net.minecraft.nbt.CompoundTag$1.load(CompoundTag.java:41) ~[server-1.21.1-20240808.144430-srg.jar%23247!/:?]
			at TRANSFORMER/minecraft@1.21.1/net.minecraft.nbt.CompoundTag$1.load(CompoundTag.java:35) ~[server-1.21.1-20240808.144430-srg.jar%23247!/:?]
			at TRANSFORMER/minecraft@1.21.1/net.minecraft.nbt.ListTag$1.loadList(ListTag.java:40) ~[server-1.21.1-20240808.144430-srg.jar%23247!/:?]
			at TRANSFORMER/minecraft@1.21.1/net.minecraft.nbt.ListTag$1.load(ListTag.java:20) ~[server-1.21.1-20240808.144430-srg.jar%23247!/:?]
			at TRANSFORMER/minecraft@1.21.1/net.minecraft.nbt.ListTag$1.load(ListTag.java:14) ~[server-1.21.1-20240808.144430-srg.jar%23247!/:?]
			at TRANSFORMER/minecraft@1.21.1/net.minecraft.nbt.CompoundTag.readNamedTagData(CompoundTag.java:524) ~[server-1.21.1-20240808.144430-srg.jar%23247!/:?]
			at TRANSFORMER/minecraft@1.21.1/net.minecraft.nbt.CompoundTag$1.loadCompound(CompoundTag.java:62) ~[server-1.21.1-20240808.144430-srg.jar%23247!/:?]
			at TRANSFORMER/minecraft@1.21.1/net.minecraft.nbt.CompoundTag$1.load(CompoundTag.java:41) ~[server-1.21.1-20240808.144430-srg.jar%23247!/:?]
			at TRANSFORMER/minecraft@1.21.1/net.minecraft.nbt.CompoundTag$1.load(CompoundTag.java:35) ~[server-1.21.1-20240808.144430-srg.jar%23247!/:?]
			at TRANSFORMER/minecraft@1.21.1/net.minecraft.nbt.NbtIo.readTagSafe(NbtIo.java:193) ~[server-1.21.1-20240808.144430-srg.jar%23247!/:?]
			at TRANSFORMER/minecraft@1.21.1/net.minecraft.nbt.NbtIo.readUnnamedTag(NbtIo.java:187) ~[server-1.21.1-20240808.144430-srg.jar%23247!/:?]
			at TRANSFORMER/minecraft@1.21.1/net.minecraft.nbt.NbtIo.read(NbtIo.java:121) ~[server-1.21.1-20240808.144430-srg.jar%23247!/:?]
			at TRANSFORMER/minecraft@1.21.1/net.minecraft.nbt.NbtIo.read(NbtIo.java:117) ~[server-1.21.1-20240808.144430-srg.jar%23247!/:?]
			at TRANSFORMER/c2me_rewrites_chunkio@0.4.0-alpha.0.120+1.21.1/com.ishland.c2me.rewrites.chunkio.common.C2MEStorageThread.lambda$scheduleChunkRead$0(C2MEStorageThread.java:378) ~[c2me-neoforge-rewrites-chunkio-mc1.21.1-0.4.0-alpha.0.120.jar%23607!/:?]
			at java.base/java.util.concurrent.CompletableFuture$AsyncSupply.run(CompletableFuture.java:1768) ~[?:?]
			... 3 more
		Caused by: java.io.EOFException: Unexpected end of ZLIB input stream
			at java.base/java.util.zip.InflaterInputStream.fill(InflaterInputStream.java:266) ~[?:?]
			at java.base/java.util.zip.InflaterInputStream.read(InflaterInputStream.java:175) ~[?:?]
			at TRANSFORMER/minecraft@1.21.1/net.minecraft.util.FastBufferedInputStream.read(FastBufferedInputStream.java:45) ~[server-1.21.1-20240808.144430-srg.jar%23247!/:?]
			at java.base/java.io.DataInputStream.readFully(DataInputStream.java:208) ~[?:?]
			at java.base/java.io.DataInputStream.readUTF(DataInputStream.java:594) ~[?:?]
			at java.base/java.io.DataInputStream.readUTF(DataInputStream.java:550) ~[?:?]
			at TRANSFORMER/minecraft@1.21.1/net.minecraft.nbt.CompoundTag$1.loadCompound(CompoundTag.java:60) ~[server-1.21.1-20240808.144430-srg.jar%23247!/:?]
			at TRANSFORMER/minecraft@1.21.1/net.minecraft.nbt.CompoundTag$1.load(CompoundTag.java:41) ~[server-1.21.1-20240808.144430-srg.jar%23247!/:?]
			at TRANSFORMER/minecraft@1.21.1/net.minecraft.nbt.CompoundTag$1.load(CompoundTag.java:35) ~[server-1.21.1-20240808.144430-srg.jar%23247!/:?]
			at TRANSFORMER/minecraft@1.21.1/net.minecraft.nbt.CompoundTag.readNamedTagData(CompoundTag.java:524) ~[server-1.21.1-20240808.144430-srg.jar%23247!/:?]
			at TRANSFORMER/minecraft@1.21.1/net.minecraft.nbt.CompoundTag$1.loadCompound(CompoundTag.java:62) ~[server-1.21.1-20240808.144430-srg.jar%23247!/:?]
			at TRANSFORMER/minecraft@1.21.1/net.minecraft.nbt.CompoundTag$1.load(CompoundTag.java:41) ~[server-1.21.1-20240808.144430-srg.jar%23247!/:?]
			at TRANSFORMER/minecraft@1.21.1/net.minecraft.nbt.CompoundTag$1.load(CompoundTag.java:35) ~[server-1.21.1-20240808.144430-srg.jar%23247!/:?]
			at TRANSFORMER/minecraft@1.21.1/net.minecraft.nbt.ListTag$1.loadList(ListTag.java:40) ~[server-1.21.1-20240808.144430-srg.jar%23247!/:?]
			at TRANSFORMER/minecraft@1.21.1/net.minecraft.nbt.ListTag$1.load(ListTag.java:20) ~[server-1.21.1-20240808.144430-srg.jar%23247!/:?]
			at TRANSFORMER/minecraft@1.21.1/net.minecraft.nbt.ListTag$1.load(ListTag.java:14) ~[server-1.21.1-20240808.144430-srg.jar%23247!/:?]
			at TRANSFORMER/minecraft@1.21.1/net.minecraft.nbt.CompoundTag.readNamedTagData(CompoundTag.java:524) ~[server-1.21.1-20240808.144430-srg.jar%23247!/:?]
			at TRANSFORMER/minecraft@1.21.1/net.minecraft.nbt.CompoundTag$1.loadCompound(CompoundTag.java:62) ~[server-1.21.1-20240808.144430-srg.jar%23247!/:?]
			at TRANSFORMER/minecraft@1.21.1/net.minecraft.nbt.CompoundTag$1.load(CompoundTag.java:41) ~[server-1.21.1-20240808.144430-srg.jar%23247!/:?]
			at TRANSFORMER/minecraft@1.21.1/net.minecraft.nbt.CompoundTag$1.load(CompoundTag.java:35) ~[server-1.21.1-20240808.144430-srg.jar%23247!/:?]
			at TRANSFORMER/minecraft@1.21.1/net.minecraft.nbt.NbtIo.readTagSafe(NbtIo.java:193) ~[server-1.21.1-20240808.144430-srg.jar%23247!/:?]
			at TRANSFORMER/minecraft@1.21.1/net.minecraft.nbt.NbtIo.readUnnamedTag(NbtIo.java:187) ~[server-1.21.1-20240808.144430-srg.jar%23247!/:?]
			at TRANSFORMER/minecraft@1.21.1/net.minecraft.nbt.NbtIo.read(NbtIo.java:121) ~[server-1.21.1-20240808.144430-srg.jar%23247!/:?]
			at TRANSFORMER/minecraft@1.21.1/net.minecraft.nbt.NbtIo.read(NbtIo.java:117) ~[server-1.21.1-20240808.144430-srg.jar%23247!/:?]
			at TRANSFORMER/c2me_rewrites_chunkio@0.4.0-alpha.0.120+1.21.1/com.ishland.c2me.rewrites.chunkio.common.C2MEStorageThread.lambda$scheduleChunkRead$0(C2MEStorageThread.java:378) ~[c2me-neoforge-rewrites-chunkio-mc1.21.1-0.4.0-alpha.0.120.jar%23607!/:?]
			at java.base/java.util.concurrent.CompletableFuture$AsyncSupply.run(CompletableFuture.java:1768) ~[?:?]
			... 3 more
		Suppressed: java.util.concurrent.CompletionException: net.minecraft.nbt.ReportedNbtException: Loading NBT data
			at java.base/java.util.concurrent.CompletableFuture.encodeThrowable(CompletableFuture.java:315) ~[?:?]
			at java.base/java.util.concurrent.CompletableFuture.completeThrowable(CompletableFuture.java:320) ~[?:?]
			at java.base/java.util.concurrent.CompletableFuture$AsyncSupply.run(CompletableFuture.java:1770) ~[?:?]
			at TRANSFORMER/c2me_base@0.4.0-alpha.0.120+1.21.1/com.ishland.c2me.base.common.scheduler.WrappingTask.run(WrappingTask.java:45) ~[c2me-neoforge-base-mc1.21.1-0.4.0-alpha.0.120-all.jar%23522!/:?]
			at TRANSFORMER/c2me_base@0.4.0-alpha.0.120+1.21.1/com.ishland.flowsched.executor.WorkerThread.pollTasks(WorkerThread.java:51) ~[c2me-neoforge-base-mc1.21.1-0.4.0-alpha.0.120-all.jar%23522!/:?]
			at TRANSFORMER/c2me_base@0.4.0-alpha.0.120+1.21.1/com.ishland.flowsched.executor.WorkerThread.run(WorkerThread.java:29) ~[c2me-neoforge-base-mc1.21.1-0.4.0-alpha.0.120-all.jar%23522!/:?]
		Caused by: net.minecraft.nbt.ReportedNbtException: Loading NBT data
			at TRANSFORMER/minecraft@1.21.1/net.minecraft.nbt.CompoundTag.readNamedTagData(CompoundTag.java:530) ~[server-1.21.1-20240808.144430-srg.jar%23247!/:?]
			at TRANSFORMER/minecraft@1.21.1/net.minecraft.nbt.CompoundTag$1.loadCompound(CompoundTag.java:62) ~[server-1.21.1-20240808.144430-srg.jar%23247!/:?]
			at TRANSFORMER/minecraft@1.21.1/net.minecraft.nbt.CompoundTag$1.load(CompoundTag.java:41) ~[server-1.21.1-20240808.144430-srg.jar%23247!/:?]
			at TRANSFORMER/minecraft@1.21.1/net.minecraft.nbt.CompoundTag$1.load(CompoundTag.java:35) ~[server-1.21.1-20240808.144430-srg.jar%23247!/:?]
			at TRANSFORMER/minecraft@1.21.1/net.minecraft.nbt.ListTag$1.loadList(ListTag.java:40) ~[server-1.21.1-20240808.144430-srg.jar%23247!/:?]
			at TRANSFORMER/minecraft@1.21.1/net.minecraft.nbt.ListTag$1.load(ListTag.java:20) ~[server-1.21.1-20240808.144430-srg.jar%23247!/:?]
			at TRANSFORMER/minecraft@1.21.1/net.minecraft.nbt.ListTag$1.load(ListTag.java:14) ~[server-1.21.1-20240808.144430-srg.jar%23247!/:?]
			at TRANSFORMER/minecraft@1.21.1/net.minecraft.nbt.CompoundTag.readNamedTagData(CompoundTag.java:524) ~[server-1.21.1-20240808.144430-srg.jar%23247!/:?]
			at TRANSFORMER/minecraft@1.21.1/net.minecraft.nbt.CompoundTag$1.loadCompound(CompoundTag.java:62) ~[server-1.21.1-20240808.144430-srg.jar%23247!/:?]
			at TRANSFORMER/minecraft@1.21.1/net.minecraft.nbt.CompoundTag$1.load(CompoundTag.java:41) ~[server-1.21.1-20240808.144430-srg.jar%23247!/:?]
			at TRANSFORMER/minecraft@1.21.1/net.minecraft.nbt.CompoundTag$1.load(CompoundTag.java:35) ~[server-1.21.1-20240808.144430-srg.jar%23247!/:?]
			at TRANSFORMER/minecraft@1.21.1/net.minecraft.nbt.NbtIo.readTagSafe(NbtIo.java:193) ~[server-1.21.1-20240808.144430-srg.jar%23247!/:?]
			at TRANSFORMER/minecraft@1.21.1/net.minecraft.nbt.NbtIo.readUnnamedTag(NbtIo.java:187) ~[server-1.21.1-20240808.144430-srg.jar%23247!/:?]
			at TRANSFORMER/minecraft@1.21.1/net.minecraft.nbt.NbtIo.read(NbtIo.java:121) ~[server-1.21.1-20240808.144430-srg.jar%23247!/:?]
			at TRANSFORMER/minecraft@1.21.1/net.minecraft.nbt.NbtIo.read(NbtIo.java:117) ~[server-1.21.1-20240808.144430-srg.jar%23247!/:?]
			at TRANSFORMER/c2me_rewrites_chunkio@0.4.0-alpha.0.120+1.21.1/com.ishland.c2me.rewrites.chunkio.common.C2MEStorageThread.lambda$scheduleChunkRead$0(C2MEStorageThread.java:378) ~[c2me-neoforge-rewrites-chunkio-mc1.21.1-0.4.0-alpha.0.120.jar%23607!/:?]
			at java.base/java.util.concurrent.CompletableFuture$AsyncSupply.run(CompletableFuture.java:1768) ~[?:?]
			... 3 more
		Caused by: java.io.EOFException: Unexpected end of ZLIB input stream
			at java.base/java.util.zip.InflaterInputStream.fill(InflaterInputStream.java:266) ~[?:?]
			at java.base/java.util.zip.InflaterInputStream.read(InflaterInputStream.java:175) ~[?:?]
			at TRANSFORMER/minecraft@1.21.1/net.minecraft.util.FastBufferedInputStream.read(FastBufferedInputStream.java:45) ~[server-1.21.1-20240808.144430-srg.jar%23247!/:?]
			at java.base/java.io.DataInputStream.readFully(DataInputStream.java:208) ~[?:?]
			at java.base/java.io.DataInputStream.readUTF(DataInputStream.java:594) ~[?:?]
			at java.base/java.io.DataInputStream.readUTF(DataInputStream.java:550) ~[?:?]
			at TRANSFORMER/minecraft@1.21.1/net.minecraft.nbt.CompoundTag$1.loadCompound(CompoundTag.java:60) ~[server-1.21.1-20240808.144430-srg.jar%23247!/:?]
			at TRANSFORMER/minecraft@1.21.1/net.minecraft.nbt.CompoundTag$1.load(CompoundTag.java:41) ~[server-1.21.1-20240808.144430-srg.jar%23247!/:?]
			at TRANSFORMER/minecraft@1.21.1/net.minecraft.nbt.CompoundTag$1.load(CompoundTag.java:35) ~[server-1.21.1-20240808.144430-srg.jar%23247!/:?]
			at TRANSFORMER/minecraft@1.21.1/net.minecraft.nbt.CompoundTag.readNamedTagData(CompoundTag.java:524) ~[server-1.21.1-20240808.144430-srg.jar%23247!/:?]
			at TRANSFORMER/minecraft@1.21.1/net.minecraft.nbt.CompoundTag$1.loadCompound(CompoundTag.java:62) ~[server-1.21.1-20240808.144430-srg.jar%23247!/:?]
			at TRANSFORMER/minecraft@1.21.1/net.minecraft.nbt.CompoundTag$1.load(CompoundTag.java:41) ~[server-1.21.1-20240808.144430-srg.jar%23247!/:?]
			at TRANSFORMER/minecraft@1.21.1/net.minecraft.nbt.CompoundTag$1.load(CompoundTag.java:35) ~[server-1.21.1-20240808.144430-srg.jar%23247!/:?]
			at TRANSFORMER/minecraft@1.21.1/net.minecraft.nbt.ListTag$1.loadList(ListTag.java:40) ~[server-1.21.1-20240808.144430-srg.jar%23247!/:?]
			at TRANSFORMER/minecraft@1.21.1/net.minecraft.nbt.ListTag$1.load(ListTag.java:20) ~[server-1.21.1-20240808.144430-srg.jar%23247!/:?]
			at TRANSFORMER/minecraft@1.21.1/net.minecraft.nbt.ListTag$1.load(ListTag.java:14) ~[server-1.21.1-20240808.144430-srg.jar%23247!/:?]
			at TRANSFORMER/minecraft@1.21.1/net.minecraft.nbt.CompoundTag.readNamedTagData(CompoundTag.java:524) ~[server-1.21.1-20240808.144430-srg.jar%23247!/:?]
			at TRANSFORMER/minecraft@1.21.1/net.minecraft.nbt.CompoundTag$1.loadCompound(CompoundTag.java:62) ~[server-1.21.1-20240808.144430-srg.jar%23247!/:?]
			at TRANSFORMER/minecraft@1.21.1/net.minecraft.nbt.CompoundTag$1.load(CompoundTag.java:41) ~[server-1.21.1-20240808.144430-srg.jar%23247!/:?]
			at TRANSFORMER/minecraft@1.21.1/net.minecraft.nbt.CompoundTag$1.load(CompoundTag.java:35) ~[server-1.21.1-20240808.144430-srg.jar%23247!/:?]
			at TRANSFORMER/minecraft@1.21.1/net.minecraft.nbt.NbtIo.readTagSafe(NbtIo.java:193) ~[server-1.21.1-20240808.144430-srg.jar%23247!/:?]
			at TRANSFORMER/minecraft@1.21.1/net.minecraft.nbt.NbtIo.readUnnamedTag(NbtIo.java:187) ~[server-1.21.1-20240808.144430-srg.jar%23247!/:?]
			at TRANSFORMER/minecraft@1.21.1/net.minecraft.nbt.NbtIo.read(NbtIo.java:121) ~[server-1.21.1-20240808.144430-srg.jar%23247!/:?]
			at TRANSFORMER/minecraft@1.21.1/net.minecraft.nbt.NbtIo.read(NbtIo.java:117) ~[server-1.21.1-20240808.144430-srg.jar%23247!/:?]
			at TRANSFORMER/c2me_rewrites_chunkio@0.4.0-alpha.0.120+1.21.1/com.ishland.c2me.rewrites.chunkio.common.C2MEStorageThread.lambda$scheduleChunkRead$0(C2MEStorageThread.java:378) ~[c2me-neoforge-rewrites-chunkio-mc1.21.1-0.4.0-alpha.0.120.jar%23607!/:?]
			at java.base/java.util.concurrent.CompletableFuture$AsyncSupply.run(CompletableFuture.java:1768) ~[?:?]
			... 3 more
	Suppressed: java.util.concurrent.CompletionException: net.minecraft.nbt.ReportedNbtException: Loading NBT data
		at java.base/java.util.concurrent.CompletableFuture.encodeThrowable(CompletableFuture.java:315) ~[?:?]
		at java.base/java.util.concurrent.CompletableFuture.completeThrowable(CompletableFuture.java:320) ~[?:?]
		at java.base/java.util.concurrent.CompletableFuture$AsyncSupply.run(CompletableFuture.java:1770) ~[?:?]
		at TRANSFORMER/c2me_base@0.4.0-alpha.0.120+1.21.1/com.ishland.c2me.base.common.scheduler.WrappingTask.run(WrappingTask.java:45) ~[c2me-neoforge-base-mc1.21.1-0.4.0-alpha.0.120-all.jar%23522!/:?]
		at TRANSFORMER/c2me_base@0.4.0-alpha.0.120+1.21.1/com.ishland.flowsched.executor.WorkerThread.pollTasks(WorkerThread.java:51) ~[c2me-neoforge-base-mc1.21.1-0.4.0-alpha.0.120-all.jar%23522!/:?]
		at TRANSFORMER/c2me_base@0.4.0-alpha.0.120+1.21.1/com.ishland.flowsched.executor.WorkerThread.run(WorkerThread.java:29) ~[c2me-neoforge-base-mc1.21.1-0.4.0-alpha.0.120-all.jar%23522!/:?]
	Caused by: net.minecraft.nbt.ReportedNbtException: Loading NBT data
		at TRANSFORMER/minecraft@1.21.1/net.minecraft.nbt.CompoundTag.readNamedTagData(CompoundTag.java:530) ~[server-1.21.1-20240808.144430-srg.jar%23247!/:?]
		at TRANSFORMER/minecraft@1.21.1/net.minecraft.nbt.CompoundTag$1.loadCompound(CompoundTag.java:62) ~[server-1.21.1-20240808.144430-srg.jar%23247!/:?]
		at TRANSFORMER/minecraft@1.21.1/net.minecraft.nbt.CompoundTag$1.load(CompoundTag.java:41) ~[server-1.21.1-20240808.144430-srg.jar%23247!/:?]
		at TRANSFORMER/minecraft@1.21.1/net.minecraft.nbt.CompoundTag$1.load(CompoundTag.java:35) ~[server-1.21.1-20240808.144430-srg.jar%23247!/:?]
		at TRANSFORMER/minecraft@1.21.1/net.minecraft.nbt.ListTag$1.loadList(ListTag.java:40) ~[server-1.21.1-20240808.144430-srg.jar%23247!/:?]
		at TRANSFORMER/minecraft@1.21.1/net.minecraft.nbt.ListTag$1.load(ListTag.java:20) ~[server-1.21.1-20240808.144430-srg.jar%23247!/:?]
		at TRANSFORMER/minecraft@1.21.1/net.minecraft.nbt.ListTag$1.load(ListTag.java:14) ~[server-1.21.1-20240808.144430-srg.jar%23247!/:?]
		at TRANSFORMER/minecraft@1.21.1/net.minecraft.nbt.CompoundTag.readNamedTagData(CompoundTag.java:524) ~[server-1.21.1-20240808.144430-srg.jar%23247!/:?]
		at TRANSFORMER/minecraft@1.21.1/net.minecraft.nbt.CompoundTag$1.loadCompound(CompoundTag.java:62) ~[server-1.21.1-20240808.144430-srg.jar%23247!/:?]
		at TRANSFORMER/minecraft@1.21.1/net.minecraft.nbt.CompoundTag$1.load(CompoundTag.java:41) ~[server-1.21.1-20240808.144430-srg.jar%23247!/:?]
		at TRANSFORMER/minecraft@1.21.1/net.minecraft.nbt.CompoundTag$1.load(CompoundTag.java:35) ~[server-1.21.1-20240808.144430-srg.jar%23247!/:?]
		at TRANSFORMER/minecraft@1.21.1/net.minecraft.nbt.NbtIo.readTagSafe(NbtIo.java:193) ~[server-1.21.1-20240808.144430-srg.jar%23247!/:?]
		at TRANSFORMER/minecraft@1.21.1/net.minecraft.nbt.NbtIo.readUnnamedTag(NbtIo.java:187) ~[server-1.21.1-20240808.144430-srg.jar%23247!/:?]
		at TRANSFORMER/minecraft@1.21.1/net.minecraft.nbt.NbtIo.read(NbtIo.java:121) ~[server-1.21.1-20240808.144430-srg.jar%23247!/:?]
		at TRANSFORMER/minecraft@1.21.1/net.minecraft.nbt.NbtIo.read(NbtIo.java:117) ~[server-1.21.1-20240808.144430-srg.jar%23247!/:?]
		at TRANSFORMER/c2me_rewrites_chunkio@0.4.0-alpha.0.120+1.21.1/com.ishland.c2me.rewrites.chunkio.common.C2MEStorageThread.lambda$scheduleChunkRead$0(C2MEStorageThread.java:378) ~[c2me-neoforge-rewrites-chunkio-mc1.21.1-0.4.0-alpha.0.120.jar%23607!/:?]
		at java.base/java.util.concurrent.CompletableFuture$AsyncSupply.run(CompletableFuture.java:1768) ~[?:?]
		... 3 more
	Caused by: java.io.EOFException: Unexpected end of ZLIB input stream
		at java.base/java.util.zip.InflaterInputStream.fill(InflaterInputStream.java:266) ~[?:?]
		at java.base/java.util.zip.InflaterInputStream.read(InflaterInputStream.java:175) ~[?:?]
		at TRANSFORMER/minecraft@1.21.1/net.minecraft.util.FastBufferedInputStream.read(FastBufferedInputStream.java:45) ~[server-1.21.1-20240808.144430-srg.jar%23247!/:?]
		at java.base/java.io.DataInputStream.readFully(DataInputStream.java:208) ~[?:?]
		at java.base/java.io.DataInputStream.readUTF(DataInputStream.java:594) ~[?:?]
		at java.base/java.io.DataInputStream.readUTF(DataInputStream.java:550) ~[?:?]
		at TRANSFORMER/minecraft@1.21.1/net.minecraft.nbt.CompoundTag$1.loadCompound(CompoundTag.java:60) ~[server-1.21.1-20240808.144430-srg.jar%23247!/:?]
		at TRANSFORMER/minecraft@1.21.1/net.minecraft.nbt.CompoundTag$1.load(CompoundTag.java:41) ~[server-1.21.1-20240808.144430-srg.jar%23247!/:?]
		at TRANSFORMER/minecraft@1.21.1/net.minecraft.nbt.CompoundTag$1.load(CompoundTag.java:35) ~[server-1.21.1-20240808.144430-srg.jar%23247!/:?]
		at TRANSFORMER/minecraft@1.21.1/net.minecraft.nbt.CompoundTag.readNamedTagData(CompoundTag.java:524) ~[server-1.21.1-20240808.144430-srg.jar%23247!/:?]
		at TRANSFORMER/minecraft@1.21.1/net.minecraft.nbt.CompoundTag$1.loadCompound(CompoundTag.java:62) ~[server-1.21.1-20240808.144430-srg.jar%23247!/:?]
		at TRANSFORMER/minecraft@1.21.1/net.minecraft.nbt.CompoundTag$1.load(CompoundTag.java:41) ~[server-1.21.1-20240808.144430-srg.jar%23247!/:?]
		at TRANSFORMER/minecraft@1.21.1/net.minecraft.nbt.CompoundTag$1.load(CompoundTag.java:35) ~[server-1.21.1-20240808.144430-srg.jar%23247!/:?]
		at TRANSFORMER/minecraft@1.21.1/net.minecraft.nbt.ListTag$1.loadList(ListTag.java:40) ~[server-1.21.1-20240808.144430-srg.jar%23247!/:?]
		at TRANSFORMER/minecraft@1.21.1/net.minecraft.nbt.ListTag$1.load(ListTag.java:20) ~[server-1.21.1-20240808.144430-srg.jar%23247!/:?]
		at TRANSFORMER/minecraft@1.21.1/net.minecraft.nbt.ListTag$1.load(ListTag.java:14) ~[server-1.21.1-20240808.144430-srg.jar%23247!/:?]
		at TRANSFORMER/minecraft@1.21.1/net.minecraft.nbt.CompoundTag.readNamedTagData(CompoundTag.java:524) ~[server-1.21.1-20240808.144430-srg.jar%23247!/:?]
		at TRANSFORMER/minecraft@1.21.1/net.minecraft.nbt.CompoundTag$1.loadCompound(CompoundTag.java:62) ~[server-1.21.1-20240808.144430-srg.jar%23247!/:?]
		at TRANSFORMER/minecraft@1.21.1/net.minecraft.nbt.CompoundTag$1.load(CompoundTag.java:41) ~[server-1.21.1-20240808.144430-srg.jar%23247!/:?]
		at TRANSFORMER/minecraft@1.21.1/net.minecraft.nbt.CompoundTag$1.load(CompoundTag.java:35) ~[server-1.21.1-20240808.144430-srg.jar%23247!/:?]
		at TRANSFORMER/minecraft@1.21.1/net.minecraft.nbt.NbtIo.readTagSafe(NbtIo.java:193) ~[server-1.21.1-20240808.144430-srg.jar%23247!/:?]
		at TRANSFORMER/minecraft@1.21.1/net.minecraft.nbt.NbtIo.readUnnamedTag(NbtIo.java:187) ~[server-1.21.1-20240808.144430-srg.jar%23247!/:?]
		at TRANSFORMER/minecraft@1.21.1/net.minecraft.nbt.NbtIo.read(NbtIo.java:121) ~[server-1.21.1-20240808.144430-srg.jar%23247!/:?]
		at TRANSFORMER/minecraft@1.21.1/net.minecraft.nbt.NbtIo.read(NbtIo.java:117) ~[server-1.21.1-20240808.144430-srg.jar%23247!/:?]
		at TRANSFORMER/c2me_rewrites_chunkio@0.4.0-alpha.0.120+1.21.1/com.ishland.c2me.rewrites.chunkio.common.C2MEStorageThread.lambda$scheduleChunkRead$0(C2MEStorageThread.java:378) ~[c2me-neoforge-rewrites-chunkio-mc1.21.1-0.4.0-alpha.0.120.jar%23607!/:?]
		at java.base/java.util.concurrent.CompletableFuture$AsyncSupply.run(CompletableFuture.java:1768) ~[?:?]
		... 3 more
	Suppressed: java.util.concurrent.CompletionException: net.minecraft.nbt.ReportedNbtException: Loading NBT data
		at java.base/java.util.concurrent.CompletableFuture.encodeThrowable(CompletableFuture.java:315) ~[?:?]
		at java.base/java.util.concurrent.CompletableFuture.completeThrowable(CompletableFuture.java:320) ~[?:?]
		at java.base/java.util.concurrent.CompletableFuture$AsyncSupply.run(CompletableFuture.java:1770) ~[?:?]
		at TRANSFORMER/c2me_base@0.4.0-alpha.0.120+1.21.1/com.ishland.c2me.base.common.scheduler.WrappingTask.run(WrappingTask.java:45) ~[c2me-neoforge-base-mc1.21.1-0.4.0-alpha.0.120-all.jar%23522!/:?]
		at TRANSFORMER/c2me_base@0.4.0-alpha.0.120+1.21.1/com.ishland.flowsched.executor.WorkerThread.pollTasks(WorkerThread.java:51) ~[c2me-neoforge-base-mc1.21.1-0.4.0-alpha.0.120-all.jar%23522!/:?]
		at TRANSFORMER/c2me_base@0.4.0-alpha.0.120+1.21.1/com.ishland.flowsched.executor.WorkerThread.run(WorkerThread.java:29) ~[c2me-neoforge-base-mc1.21.1-0.4.0-alpha.0.120-all.jar%23522!/:?]
	Caused by: net.minecraft.nbt.ReportedNbtException: Loading NBT data
		at TRANSFORMER/minecraft@1.21.1/net.minecraft.nbt.CompoundTag.readNamedTagData(CompoundTag.java:530) ~[server-1.21.1-20240808.144430-srg.jar%23247!/:?]
		at TRANSFORMER/minecraft@1.21.1/net.minecraft.nbt.CompoundTag$1.loadCompound(CompoundTag.java:62) ~[server-1.21.1-20240808.144430-srg.jar%23247!/:?]
		at TRANSFORMER/minecraft@1.21.1/net.minecraft.nbt.CompoundTag$1.load(CompoundTag.java:41) ~[server-1.21.1-20240808.144430-srg.jar%23247!/:?]
		at TRANSFORMER/minecraft@1.21.1/net.minecraft.nbt.CompoundTag$1.load(CompoundTag.java:35) ~[server-1.21.1-20240808.144430-srg.jar%23247!/:?]
		at TRANSFORMER/minecraft@1.21.1/net.minecraft.nbt.ListTag$1.loadList(ListTag.java:40) ~[server-1.21.1-20240808.144430-srg.jar%23247!/:?]
		at TRANSFORMER/minecraft@1.21.1/net.minecraft.nbt.ListTag$1.load(ListTag.java:20) ~[server-1.21.1-20240808.144430-srg.jar%23247!/:?]
		at TRANSFORMER/minecraft@1.21.1/net.minecraft.nbt.ListTag$1.load(ListTag.java:14) ~[server-1.21.1-20240808.144430-srg.jar%23247!/:?]
		at TRANSFORMER/minecraft@1.21.1/net.minecraft.nbt.CompoundTag.readNamedTagData(CompoundTag.java:524) ~[server-1.21.1-20240808.144430-srg.jar%23247!/:?]
		at TRANSFORMER/minecraft@1.21.1/net.minecraft.nbt.CompoundTag$1.loadCompound(CompoundTag.java:62) ~[server-1.21.1-20240808.144430-srg.jar%23247!/:?]
		at TRANSFORMER/minecraft@1.21.1/net.minecraft.nbt.CompoundTag$1.load(CompoundTag.java:41) ~[server-1.21.1-20240808.144430-srg.jar%23247!/:?]
		at TRANSFORMER/minecraft@1.21.1/net.minecraft.nbt.CompoundTag$1.load(CompoundTag.java:35) ~[server-1.21.1-20240808.144430-srg.jar%23247!/:?]
		at TRANSFORMER/minecraft@1.21.1/net.minecraft.nbt.NbtIo.readTagSafe(NbtIo.java:193) ~[server-1.21.1-20240808.144430-srg.jar%23247!/:?]
		at TRANSFORMER/minecraft@1.21.1/net.minecraft.nbt.NbtIo.readUnnamedTag(NbtIo.java:187) ~[server-1.21.1-20240808.144430-srg.jar%23247!/:?]
		at TRANSFORMER/minecraft@1.21.1/net.minecraft.nbt.NbtIo.read(NbtIo.java:121) ~[server-1.21.1-20240808.144430-srg.jar%23247!/:?]
		at TRANSFORMER/minecraft@1.21.1/net.minecraft.nbt.NbtIo.read(NbtIo.java:117) ~[server-1.21.1-20240808.144430-srg.jar%23247!/:?]
		at TRANSFORMER/c2me_rewrites_chunkio@0.4.0-alpha.0.120+1.21.1/com.ishland.c2me.rewrites.chunkio.common.C2MEStorageThread.lambda$scheduleChunkRead$0(C2MEStorageThread.java:378) ~[c2me-neoforge-rewrites-chunkio-mc1.21.1-0.4.0-alpha.0.120.jar%23607!/:?]
		at java.base/java.util.concurrent.CompletableFuture$AsyncSupply.run(CompletableFuture.java:1768) ~[?:?]
		... 3 more
	Caused by: java.io.EOFException: Unexpected end of ZLIB input stream
		at java.base/java.util.zip.InflaterInputStream.fill(InflaterInputStream.java:266) ~[?:?]
		at java.base/java.util.zip.InflaterInputStream.read(InflaterInputStream.java:175) ~[?:?]
		at TRANSFORMER/minecraft@1.21.1/net.minecraft.util.FastBufferedInputStream.read(FastBufferedInputStream.java:45) ~[server-1.21.1-20240808.144430-srg.jar%23247!/:?]
		at java.base/java.io.DataInputStream.readFully(DataInputStream.java:208) ~[?:?]
		at java.base/java.io.DataInputStream.readUTF(DataInputStream.java:594) ~[?:?]
		at java.base/java.io.DataInputStream.readUTF(DataInputStream.java:550) ~[?:?]
		at TRANSFORMER/minecraft@1.21.1/net.minecraft.nbt.CompoundTag$1.loadCompound(CompoundTag.java:60) ~[server-1.21.1-20240808.144430-srg.jar%23247!/:?]
		at TRANSFORMER/minecraft@1.21.1/net.minecraft.nbt.CompoundTag$1.load(CompoundTag.java:41) ~[server-1.21.1-20240808.144430-srg.jar%23247!/:?]
		at TRANSFORMER/minecraft@1.21.1/net.minecraft.nbt.CompoundTag$1.load(CompoundTag.java:35) ~[server-1.21.1-20240808.144430-srg.jar%23247!/:?]
		at TRANSFORMER/minecraft@1.21.1/net.minecraft.nbt.CompoundTag.readNamedTagData(CompoundTag.java:524) ~[server-1.21.1-20240808.144430-srg.jar%23247!/:?]
		at TRANSFORMER/minecraft@1.21.1/net.minecraft.nbt.CompoundTag$1.loadCompound(CompoundTag.java:62) ~[server-1.21.1-20240808.144430-srg.jar%23247!/:?]
		at TRANSFORMER/minecraft@1.21.1/net.minecraft.nbt.CompoundTag$1.load(CompoundTag.java:41) ~[server-1.21.1-20240808.144430-srg.jar%23247!/:?]
		at TRANSFORMER/minecraft@1.21.1/net.minecraft.nbt.CompoundTag$1.load(CompoundTag.java:35) ~[server-1.21.1-20240808.144430-srg.jar%23247!/:?]
		at TRANSFORMER/minecraft@1.21.1/net.minecraft.nbt.ListTag$1.loadList(ListTag.java:40) ~[server-1.21.1-20240808.144430-srg.jar%23247!/:?]
		at TRANSFORMER/minecraft@1.21.1/net.minecraft.nbt.ListTag$1.load(ListTag.java:20) ~[server-1.21.1-20240808.144430-srg.jar%23247!/:?]
		at TRANSFORMER/minecraft@1.21.1/net.minecraft.nbt.ListTag$1.load(ListTag.java:14) ~[server-1.21.1-20240808.144430-srg.jar%23247!/:?]
		at TRANSFORMER/minecraft@1.21.1/net.minecraft.nbt.CompoundTag.readNamedTagData(CompoundTag.java:524) ~[server-1.21.1-20240808.144430-srg.jar%23247!/:?]
		at TRANSFORMER/minecraft@1.21.1/net.minecraft.nbt.CompoundTag$1.loadCompound(CompoundTag.java:62) ~[server-1.21.1-20240808.144430-srg.jar%23247!/:?]
		at TRANSFORMER/minecraft@1.21.1/net.minecraft.nbt.CompoundTag$1.load(CompoundTag.java:41) ~[server-1.21.1-20240808.144430-srg.jar%23247!/:?]
		at TRANSFORMER/minecraft@1.21.1/net.minecraft.nbt.CompoundTag$1.load(CompoundTag.java:35) ~[server-1.21.1-20240808.144430-srg.jar%23247!/:?]
		at TRANSFORMER/minecraft@1.21.1/net.minecraft.nbt.NbtIo.readTagSafe(NbtIo.java:193) ~[server-1.21.1-20240808.144430-srg.jar%23247!/:?]
		at TRANSFORMER/minecraft@1.21.1/net.minecraft.nbt.NbtIo.readUnnamedTag(NbtIo.java:187) ~[server-1.21.1-20240808.144430-srg.jar%23247!/:?]
		at TRANSFORMER/minecraft@1.21.1/net.minecraft.nbt.NbtIo.read(NbtIo.java:121) ~[server-1.21.1-20240808.144430-srg.jar%23247!/:?]
		at TRANSFORMER/minecraft@1.21.1/net.minecraft.nbt.NbtIo.read(NbtIo.java:117) ~[server-1.21.1-20240808.144430-srg.jar%23247!/:?]
		at TRANSFORMER/c2me_rewrites_chunkio@0.4.0-alpha.0.120+1.21.1/com.ishland.c2me.rewrites.chunkio.common.C2MEStorageThread.lambda$scheduleChunkRead$0(C2MEStorageThread.java:378) ~[c2me-neoforge-rewrites-chunkio-mc1.21.1-0.4.0-alpha.0.120.jar%23607!/:?]
		at java.base/java.util.concurrent.CompletableFuture$AsyncSupply.run(CompletableFuture.java:1768) ~[?:?]
		... 3 more
	Suppressed: java.util.concurrent.CompletionException: net.minecraft.nbt.ReportedNbtException: Loading NBT data
		at java.base/java.util.concurrent.CompletableFuture.encodeThrowable(CompletableFuture.java:315) ~[?:?]
		at java.base/java.util.concurrent.CompletableFuture.completeThrowable(CompletableFuture.java:320) ~[?:?]
		at java.base/java.util.concurrent.CompletableFuture$AsyncSupply.run(CompletableFuture.java:1770) ~[?:?]
		at TRANSFORMER/c2me_base@0.4.0-alpha.0.120+1.21.1/com.ishland.c2me.base.common.scheduler.WrappingTask.run(WrappingTask.java:45) ~[c2me-neoforge-base-mc1.21.1-0.4.0-alpha.0.120-all.jar%23522!/:?]
		at TRANSFORMER/c2me_base@0.4.0-alpha.0.120+1.21.1/com.ishland.flowsched.executor.WorkerThread.pollTasks(WorkerThread.java:51) ~[c2me-neoforge-base-mc1.21.1-0.4.0-alpha.0.120-all.jar%23522!/:?]
		at TRANSFORMER/c2me_base@0.4.0-alpha.0.120+1.21.1/com.ishland.flowsched.executor.WorkerThread.run(WorkerThread.java:29) ~[c2me-neoforge-base-mc1.21.1-0.4.0-alpha.0.120-all.jar%23522!/:?]
	Caused by: net.minecraft.nbt.ReportedNbtException: Loading NBT data
		at TRANSFORMER/minecraft@1.21.1/net.minecraft.nbt.CompoundTag.readNamedTagData(CompoundTag.java:530) ~[server-1.21.1-20240808.144430-srg.jar%23247!/:?]
		at TRANSFORMER/minecraft@1.21.1/net.minecraft.nbt.CompoundTag$1.loadCompound(CompoundTag.java:62) ~[server-1.21.1-20240808.144430-srg.jar%23247!/:?]
		at TRANSFORMER/minecraft@1.21.1/net.minecraft.nbt.CompoundTag$1.load(CompoundTag.java:41) ~[server-1.21.1-20240808.144430-srg.jar%23247!/:?]
		at TRANSFORMER/minecraft@1.21.1/net.minecraft.nbt.CompoundTag$1.load(CompoundTag.java:35) ~[server-1.21.1-20240808.144430-srg.jar%23247!/:?]
		at TRANSFORMER/minecraft@1.21.1/net.minecraft.nbt.ListTag$1.loadList(ListTag.java:40) ~[server-1.21.1-20240808.144430-srg.jar%23247!/:?]
		at TRANSFORMER/minecraft@1.21.1/net.minecraft.nbt.ListTag$1.load(ListTag.java:20) ~[server-1.21.1-20240808.144430-srg.jar%23247!/:?]
		at TRANSFORMER/minecraft@1.21.1/net.minecraft.nbt.ListTag$1.load(ListTag.java:14) ~[server-1.21.1-20240808.144430-srg.jar%23247!/:?]
		at TRANSFORMER/minecraft@1.21.1/net.minecraft.nbt.CompoundTag.readNamedTagData(CompoundTag.java:524) ~[server-1.21.1-20240808.144430-srg.jar%23247!/:?]
		at TRANSFORMER/minecraft@1.21.1/net.minecraft.nbt.CompoundTag$1.loadCompound(CompoundTag.java:62) ~[server-1.21.1-20240808.144430-srg.jar%23247!/:?]
		at TRANSFORMER/minecraft@1.21.1/net.minecraft.nbt.CompoundTag$1.load(CompoundTag.java:41) ~[server-1.21.1-20240808.144430-srg.jar%23247!/:?]
		at TRANSFORMER/minecraft@1.21.1/net.minecraft.nbt.CompoundTag$1.load(CompoundTag.java:35) ~[server-1.21.1-20240808.144430-srg.jar%23247!/:?]
		at TRANSFORMER/minecraft@1.21.1/net.minecraft.nbt.NbtIo.readTagSafe(NbtIo.java:193) ~[server-1.21.1-20240808.144430-srg.jar%23247!/:?]
		at TRANSFORMER/minecraft@1.21.1/net.minecraft.nbt.NbtIo.readUnnamedTag(NbtIo.java:187) ~[server-1.21.1-20240808.144430-srg.jar%23247!/:?]
		at TRANSFORMER/minecraft@1.21.1/net.minecraft.nbt.NbtIo.read(NbtIo.java:121) ~[server-1.21.1-20240808.144430-srg.jar%23247!/:?]
		at TRANSFORMER/minecraft@1.21.1/net.minecraft.nbt.NbtIo.read(NbtIo.java:117) ~[server-1.21.1-20240808.144430-srg.jar%23247!/:?]
		at TRANSFORMER/c2me_rewrites_chunkio@0.4.0-alpha.0.120+1.21.1/com.ishland.c2me.rewrites.chunkio.common.C2MEStorageThread.lambda$scheduleChunkRead$0(C2MEStorageThread.java:378) ~[c2me-neoforge-rewrites-chunkio-mc1.21.1-0.4.0-alpha.0.120.jar%23607!/:?]
		at java.base/java.util.concurrent.CompletableFuture$AsyncSupply.run(CompletableFuture.java:1768) ~[?:?]
		... 3 more
	Caused by: java.io.EOFException: Unexpected end of ZLIB input stream
		at java.base/java.util.zip.InflaterInputStream.fill(InflaterInputStream.java:266) ~[?:?]
		at java.base/java.util.zip.InflaterInputStream.read(InflaterInputStream.java:175) ~[?:?]
		at TRANSFORMER/minecraft@1.21.1/net.minecraft.util.FastBufferedInputStream.read(FastBufferedInputStream.java:45) ~[server-1.21.1-20240808.144430-srg.jar%23247!/:?]
		at java.base/java.io.DataInputStream.readFully(DataInputStream.java:208) ~[?:?]
		at java.base/java.io.DataInputStream.readUTF(DataInputStream.java:594) ~[?:?]
		at java.base/java.io.DataInputStream.readUTF(DataInputStream.java:550) ~[?:?]
		at TRANSFORMER/minecraft@1.21.1/net.minecraft.nbt.CompoundTag$1.loadCompound(CompoundTag.java:60) ~[server-1.21.1-20240808.144430-srg.jar%23247!/:?]
		at TRANSFORMER/minecraft@1.21.1/net.minecraft.nbt.CompoundTag$1.load(CompoundTag.java:41) ~[server-1.21.1-20240808.144430-srg.jar%23247!/:?]
		at TRANSFORMER/minecraft@1.21.1/net.minecraft.nbt.CompoundTag$1.load(CompoundTag.java:35) ~[server-1.21.1-20240808.144430-srg.jar%23247!/:?]
		at TRANSFORMER/minecraft@1.21.1/net.minecraft.nbt.CompoundTag.readNamedTagData(CompoundTag.java:524) ~[server-1.21.1-20240808.144430-srg.jar%23247!/:?]
		at TRANSFORMER/minecraft@1.21.1/net.minecraft.nbt.CompoundTag$1.loadCompound(CompoundTag.java:62) ~[server-1.21.1-20240808.144430-srg.jar%23247!/:?]
		at TRANSFORMER/minecraft@1.21.1/net.minecraft.nbt.CompoundTag$1.load(CompoundTag.java:41) ~[server-1.21.1-20240808.144430-srg.jar%23247!/:?]
		at TRANSFORMER/minecraft@1.21.1/net.minecraft.nbt.CompoundTag$1.load(CompoundTag.java:35) ~[server-1.21.1-20240808.144430-srg.jar%23247!/:?]
		at TRANSFORMER/minecraft@1.21.1/net.minecraft.nbt.ListTag$1.loadList(ListTag.java:40) ~[server-1.21.1-20240808.144430-srg.jar%23247!/:?]
		at TRANSFORMER/minecraft@1.21.1/net.minecraft.nbt.ListTag$1.load(ListTag.java:20) ~[server-1.21.1-20240808.144430-srg.jar%23247!/:?]
		at TRANSFORMER/minecraft@1.21.1/net.minecraft.nbt.ListTag$1.load(ListTag.java:14) ~[server-1.21.1-20240808.144430-srg.jar%23247!/:?]
		at TRANSFORMER/minecraft@1.21.1/net.minecraft.nbt.CompoundTag.readNamedTagData(CompoundTag.java:524) ~[server-1.21.1-20240808.144430-srg.jar%23247!/:?]
		at TRANSFORMER/minecraft@1.21.1/net.minecraft.nbt.CompoundTag$1.loadCompound(CompoundTag.java:62) ~[server-1.21.1-20240808.144430-srg.jar%23247!/:?]
		at TRANSFORMER/minecraft@1.21.1/net.minecraft.nbt.CompoundTag$1.load(CompoundTag.java:41) ~[server-1.21.1-20240808.144430-srg.jar%23247!/:?]
		at TRANSFORMER/minecraft@1.21.1/net.minecraft.nbt.CompoundTag$1.load(CompoundTag.java:35) ~[server-1.21.1-20240808.144430-srg.jar%23247!/:?]
		at TRANSFORMER/minecraft@1.21.1/net.minecraft.nbt.NbtIo.readTagSafe(NbtIo.java:193) ~[server-1.21.1-20240808.144430-srg.jar%23247!/:?]
		at TRANSFORMER/minecraft@1.21.1/net.minecraft.nbt.NbtIo.readUnnamedTag(NbtIo.java:187) ~[server-1.21.1-20240808.144430-srg.jar%23247!/:?]
		at TRANSFORMER/minecraft@1.21.1/net.minecraft.nbt.NbtIo.read(NbtIo.java:121) ~[server-1.21.1-20240808.144430-srg.jar%23247!/:?]
		at TRANSFORMER/minecraft@1.21.1/net.minecraft.nbt.NbtIo.read(NbtIo.java:117) ~[server-1.21.1-20240808.144430-srg.jar%23247!/:?]
		at TRANSFORMER/c2me_rewrites_chunkio@0.4.0-alpha.0.120+1.21.1/com.ishland.c2me.rewrites.chunkio.common.C2MEStorageThread.lambda$scheduleChunkRead$0(C2MEStorageThread.java:378) ~[c2me-neoforge-rewrites-chunkio-mc1.21.1-0.4.0-alpha.0.120.jar%23607!/:?]
		at java.base/java.util.concurrent.CompletableFuture$AsyncSupply.run(CompletableFuture.java:1768) ~[?:?]
		... 3 more
	Suppressed: java.util.concurrent.CompletionException: net.minecraft.nbt.ReportedNbtException: Loading NBT data
		at java.base/java.util.concurrent.CompletableFuture.encodeThrowable(CompletableFuture.java:315) ~[?:?]
		at java.base/java.util.concurrent.CompletableFuture.completeThrowable(CompletableFuture.java:320) ~[?:?]
		at java.base/java.util.concurrent.CompletableFuture$AsyncSupply.run(CompletableFuture.java:1770) ~[?:?]
		at TRANSFORMER/c2me_base@0.4.0-alpha.0.120+1.21.1/com.ishland.c2me.base.common.scheduler.WrappingTask.run(WrappingTask.java:45) ~[c2me-neoforge-base-mc1.21.1-0.4.0-alpha.0.120-all.jar%23522!/:?]
		at TRANSFORMER/c2me_base@0.4.0-alpha.0.120+1.21.1/com.ishland.flowsched.executor.WorkerThread.pollTasks(WorkerThread.java:51) ~[c2me-neoforge-base-mc1.21.1-0.4.0-alpha.0.120-all.jar%23522!/:?]
		at TRANSFORMER/c2me_base@0.4.0-alpha.0.120+1.21.1/com.ishland.flowsched.executor.WorkerThread.run(WorkerThread.java:29) ~[c2me-neoforge-base-mc1.21.1-0.4.0-alpha.0.120-all.jar%23522!/:?]
	Caused by: net.minecraft.nbt.ReportedNbtException: Loading NBT data
		at TRANSFORMER/minecraft@1.21.1/net.minecraft.nbt.CompoundTag.readNamedTagData(CompoundTag.java:530) ~[server-1.21.1-20240808.144430-srg.jar%23247!/:?]
		at TRANSFORMER/minecraft@1.21.1/net.minecraft.nbt.CompoundTag$1.loadCompound(CompoundTag.java:62) ~[server-1.21.1-20240808.144430-srg.jar%23247!/:?]
		at TRANSFORMER/minecraft@1.21.1/net.minecraft.nbt.CompoundTag$1.load(CompoundTag.java:41) ~[server-1.21.1-20240808.144430-srg.jar%23247!/:?]
		at TRANSFORMER/minecraft@1.21.1/net.minecraft.nbt.CompoundTag$1.load(CompoundTag.java:35) ~[server-1.21.1-20240808.144430-srg.jar%23247!/:?]
		at TRANSFORMER/minecraft@1.21.1/net.minecraft.nbt.ListTag$1.loadList(ListTag.java:40) ~[server-1.21.1-20240808.144430-srg.jar%23247!/:?]
		at TRANSFORMER/minecraft@1.21.1/net.minecraft.nbt.ListTag$1.load(ListTag.java:20) ~[server-1.21.1-20240808.144430-srg.jar%23247!/:?]
		at TRANSFORMER/minecraft@1.21.1/net.minecraft.nbt.ListTag$1.load(ListTag.java:14) ~[server-1.21.1-20240808.144430-srg.jar%23247!/:?]
		at TRANSFORMER/minecraft@1.21.1/net.minecraft.nbt.CompoundTag.readNamedTagData(CompoundTag.java:524) ~[server-1.21.1-20240808.144430-srg.jar%23247!/:?]
		at TRANSFORMER/minecraft@1.21.1/net.minecraft.nbt.CompoundTag$1.loadCompound(CompoundTag.java:62) ~[server-1.21.1-20240808.144430-srg.jar%23247!/:?]
		at TRANSFORMER/minecraft@1.21.1/net.minecraft.nbt.CompoundTag$1.load(CompoundTag.java:41) ~[server-1.21.1-20240808.144430-srg.jar%23247!/:?]
		at TRANSFORMER/minecraft@1.21.1/net.minecraft.nbt.CompoundTag$1.load(CompoundTag.java:35) ~[server-1.21.1-20240808.144430-srg.jar%23247!/:?]
		at TRANSFORMER/minecraft@1.21.1/net.minecraft.nbt.NbtIo.readTagSafe(NbtIo.java:193) ~[server-1.21.1-20240808.144430-srg.jar%23247!/:?]
		at TRANSFORMER/minecraft@1.21.1/net.minecraft.nbt.NbtIo.readUnnamedTag(NbtIo.java:187) ~[server-1.21.1-20240808.144430-srg.jar%23247!/:?]
		at TRANSFORMER/minecraft@1.21.1/net.minecraft.nbt.NbtIo.read(NbtIo.java:121) ~[server-1.21.1-20240808.144430-srg.jar%23247!/:?]
		at TRANSFORMER/minecraft@1.21.1/net.minecraft.nbt.NbtIo.read(NbtIo.java:117) ~[server-1.21.1-20240808.144430-srg.jar%23247!/:?]
		at TRANSFORMER/c2me_rewrites_chunkio@0.4.0-alpha.0.120+1.21.1/com.ishland.c2me.rewrites.chunkio.common.C2MEStorageThread.lambda$scheduleChunkRead$0(C2MEStorageThread.java:378) ~[c2me-neoforge-rewrites-chunkio-mc1.21.1-0.4.0-alpha.0.120.jar%23607!/:?]
		at java.base/java.util.concurrent.CompletableFuture$AsyncSupply.run(CompletableFuture.java:1768) ~[?:?]
		... 3 more
	Caused by: java.io.EOFException: Unexpected end of ZLIB input stream
		at java.base/java.util.zip.InflaterInputStream.fill(InflaterInputStream.java:266) ~[?:?]
		at java.base/java.util.zip.InflaterInputStream.read(InflaterInputStream.java:175) ~[?:?]
		at TRANSFORMER/minecraft@1.21.1/net.minecraft.util.FastBufferedInputStream.read(FastBufferedInputStream.java:45) ~[server-1.21.1-20240808.144430-srg.jar%23247!/:?]
		at java.base/java.io.DataInputStream.readFully(DataInputStream.java:208) ~[?:?]
		at java.base/java.io.DataInputStream.readUTF(DataInputStream.java:594) ~[?:?]
		at java.base/java.io.DataInputStream.readUTF(DataInputStream.java:550) ~[?:?]
		at TRANSFORMER/minecraft@1.21.1/net.minecraft.nbt.CompoundTag$1.loadCompound(CompoundTag.java:60) ~[server-1.21.1-20240808.144430-srg.jar%23247!/:?]
		at TRANSFORMER/minecraft@1.21.1/net.minecraft.nbt.CompoundTag$1.load(CompoundTag.java:41) ~[server-1.21.1-20240808.144430-srg.jar%23247!/:?]
		at TRANSFORMER/minecraft@1.21.1/net.minecraft.nbt.CompoundTag$1.load(CompoundTag.java:35) ~[server-1.21.1-20240808.144430-srg.jar%23247!/:?]
		at TRANSFORMER/minecraft@1.21.1/net.minecraft.nbt.CompoundTag.readNamedTagData(CompoundTag.java:524) ~[server-1.21.1-20240808.144430-srg.jar%23247!/:?]
		at TRANSFORMER/minecraft@1.21.1/net.minecraft.nbt.CompoundTag$1.loadCompound(CompoundTag.java:62) ~[server-1.21.1-20240808.144430-srg.jar%23247!/:?]
		at TRANSFORMER/minecraft@1.21.1/net.minecraft.nbt.CompoundTag$1.load(CompoundTag.java:41) ~[server-1.21.1-20240808.144430-srg.jar%23247!/:?]
		at TRANSFORMER/minecraft@1.21.1/net.minecraft.nbt.CompoundTag$1.load(CompoundTag.java:35) ~[server-1.21.1-20240808.144430-srg.jar%23247!/:?]
		at TRANSFORMER/minecraft@1.21.1/net.minecraft.nbt.ListTag$1.loadList(ListTag.java:40) ~[server-1.21.1-20240808.144430-srg.jar%23247!/:?]
		at TRANSFORMER/minecraft@1.21.1/net.minecraft.nbt.ListTag$1.load(ListTag.java:20) ~[server-1.21.1-20240808.144430-srg.jar%23247!/:?]
		at TRANSFORMER/minecraft@1.21.1/net.minecraft.nbt.ListTag$1.load(ListTag.java:14) ~[server-1.21.1-20240808.144430-srg.jar%23247!/:?]
		at TRANSFORMER/minecraft@1.21.1/net.minecraft.nbt.CompoundTag.readNamedTagData(CompoundTag.java:524) ~[server-1.21.1-20240808.144430-srg.jar%23247!/:?]
		at TRANSFORMER/minecraft@1.21.1/net.minecraft.nbt.CompoundTag$1.loadCompound(CompoundTag.java:62) ~[server-1.21.1-20240808.144430-srg.jar%23247!/:?]
		at TRANSFORMER/minecraft@1.21.1/net.minecraft.nbt.CompoundTag$1.load(CompoundTag.java:41) ~[server-1.21.1-20240808.144430-srg.jar%23247!/:?]
		at TRANSFORMER/minecraft@1.21.1/net.minecraft.nbt.CompoundTag$1.load(CompoundTag.java:35) ~[server-1.21.1-20240808.144430-srg.jar%23247!/:?]
		at TRANSFORMER/minecraft@1.21.1/net.minecraft.nbt.NbtIo.readTagSafe(NbtIo.java:193) ~[server-1.21.1-20240808.144430-srg.jar%23247!/:?]
		at TRANSFORMER/minecraft@1.21.1/net.minecraft.nbt.NbtIo.readUnnamedTag(NbtIo.java:187) ~[server-1.21.1-20240808.144430-srg.jar%23247!/:?]
		at TRANSFORMER/minecraft@1.21.1/net.minecraft.nbt.NbtIo.read(NbtIo.java:121) ~[server-1.21.1-20240808.144430-srg.jar%23247!/:?]
		at TRANSFORMER/minecraft@1.21.1/net.minecraft.nbt.NbtIo.read(NbtIo.java:117) ~[server-1.21.1-20240808.144430-srg.jar%23247!/:?]
		at TRANSFORMER/c2me_rewrites_chunkio@0.4.0-alpha.0.120+1.21.1/com.ishland.c2me.rewrites.chunkio.common.C2MEStorageThread.lambda$scheduleChunkRead$0(C2MEStorageThread.java:378) ~[c2me-neoforge-rewrites-chunkio-mc1.21.1-0.4.0-alpha.0.120.jar%23607!/:?]
		at java.base/java.util.concurrent.CompletableFuture$AsyncSupply.run(CompletableFuture.java:1768) ~[?:?]
		... 3 more
[15Sept2026 11:40:48.231] [Server thread/ERROR] [net.minecraft.server.MinecraftServer/]: Failed to load chunk 1312,1207
com.ishland.c2me.base.common.util.RxJavaUtils$StacklessRuntimeException: Max retries reached
	Suppressed: java.lang.RuntimeException: Failed to load asynchronously, falling back to sync loading
		at TRANSFORMER/c2me_rewrites_chunk_system@0.4.0-alpha.0.120+1.21.1/com.ishland.c2me.rewrites.chunksystem.common.statuses.ReadFromDiskAsync.lambda$upgradeToThis$0(ReadFromDiskAsync.java:97) ~[c2me-neoforge-rewrites-chunk-system-mc1.21.1-0.4.0-alpha.0.120.jar%23622!/:?]
		at LAYER PLUGIN/io.reactivex.rxjava3@3.1.12/io.reactivex.rxjava3.internal.operators.single.SingleResumeNext$ResumeMainSingleObserver.onError(SingleResumeNext.java:73) ~[rxjava-3.1.12.jar%23627!/:?]
		at LAYER PLUGIN/io.reactivex.rxjava3@3.1.12/io.reactivex.rxjava3.internal.operators.single.SingleCache.onError(SingleCache.java:146) ~[rxjava-3.1.12.jar%23627!/:?]
		at LAYER PLUGIN/io.reactivex.rxjava3@3.1.12/io.reactivex.rxjava3.internal.operators.flowable.FlowableSingleSingle$SingleElementSubscriber.onError(FlowableSingleSingle.java:97) ~[rxjava-3.1.12.jar%23627!/:?]
		at LAYER PLUGIN/io.reactivex.rxjava3@3.1.12/io.reactivex.rxjava3.subscribers.SerializedSubscriber.onError(SerializedSubscriber.java:145) ~[rxjava-3.1.12.jar%23627!/:?]
		at LAYER PLUGIN/io.reactivex.rxjava3@3.1.12/io.reactivex.rxjava3.internal.operators.flowable.FlowableRepeatWhen$WhenReceiver.onError(FlowableRepeatWhen.java:112) ~[rxjava-3.1.12.jar%23627!/:?]
		at LAYER PLUGIN/io.reactivex.rxjava3@3.1.12/io.reactivex.rxjava3.internal.util.AtomicThrowable.tryTerminateConsumer(AtomicThrowable.java:94) ~[rxjava-3.1.12.jar%23627!/:?]
		at LAYER PLUGIN/io.reactivex.rxjava3@3.1.12/io.reactivex.rxjava3.internal.operators.flowable.FlowableFlatMap$MergeSubscriber.checkTerminate(FlowableFlatMap.java:540) ~[rxjava-3.1.12.jar%23627!/:?]
		at LAYER PLUGIN/io.reactivex.rxjava3@3.1.12/io.reactivex.rxjava3.internal.operators.flowable.FlowableFlatMap$MergeSubscriber.drainLoop(FlowableFlatMap.java:365) ~[rxjava-3.1.12.jar%23627!/:?]
		at LAYER PLUGIN/io.reactivex.rxjava3@3.1.12/io.reactivex.rxjava3.internal.operators.flowable.FlowableFlatMap$MergeSubscriber.drain(FlowableFlatMap.java:357) ~[rxjava-3.1.12.jar%23627!/:?]
		at LAYER PLUGIN/io.reactivex.rxjava3@3.1.12/io.reactivex.rxjava3.internal.operators.flowable.FlowableFlatMap$MergeSubscriber.onError(FlowableFlatMap.java:318) ~[rxjava-3.1.12.jar%23627!/:?]
		at LAYER PLUGIN/io.reactivex.rxjava3@3.1.12/io.reactivex.rxjava3.internal.util.AtomicThrowable.tryTerminateConsumer(AtomicThrowable.java:94) ~[rxjava-3.1.12.jar%23627!/:?]
		at LAYER PLUGIN/io.reactivex.rxjava3@3.1.12/io.reactivex.rxjava3.internal.operators.flowable.FlowableZip$ZipCoordinator.drain(FlowableZip.java:239) ~[rxjava-3.1.12.jar%23627!/:?]
		at LAYER PLUGIN/io.reactivex.rxjava3@3.1.12/io.reactivex.rxjava3.internal.operators.flowable.FlowableZip$ZipSubscriber.onNext(FlowableZip.java:371) ~[rxjava-3.1.12.jar%23627!/:?]
		at LAYER PLUGIN/io.reactivex.rxjava3@3.1.12/io.reactivex.rxjava3.processors.UnicastProcessor.drainFused(UnicastProcessor.java:349) ~[rxjava-3.1.12.jar%23627!/:?]
		at LAYER PLUGIN/io.reactivex.rxjava3@3.1.12/io.reactivex.rxjava3.processors.UnicastProcessor.drain(UnicastProcessor.java:382) ~[rxjava-3.1.12.jar%23627!/:?]
		at LAYER PLUGIN/io.reactivex.rxjava3@3.1.12/io.reactivex.rxjava3.processors.UnicastProcessor.onNext(UnicastProcessor.java:444) ~[rxjava-3.1.12.jar%23627!/:?]
		at LAYER PLUGIN/io.reactivex.rxjava3@3.1.12/io.reactivex.rxjava3.processors.SerializedProcessor.onNext(SerializedProcessor.java:103) ~[rxjava-3.1.12.jar%23627!/:?]
		at LAYER PLUGIN/io.reactivex.rxjava3@3.1.12/io.reactivex.rxjava3.internal.operators.flowable.FlowableRepeatWhen$WhenSourceSubscriber.again(FlowableRepeatWhen.java:171) ~[?:?]
		at LAYER PLUGIN/io.reactivex.rxjava3@3.1.12/io.reactivex.rxjava3.internal.operators.flowable.FlowableRetryWhen$RetryWhenSubscriber.onError(FlowableRetryWhen.java:77) ~[?:?]
		at LAYER PLUGIN/io.reactivex.rxjava3@3.1.12/io.reactivex.rxjava3.internal.operators.single.SingleToFlowable$SingleToFlowableObserver.onError(SingleToFlowable.java:68) ~[?:?]
		at LAYER PLUGIN/io.reactivex.rxjava3@3.1.12/io.reactivex.rxjava3.internal.operators.single.SingleMap$MapSingleObserver.onError(SingleMap.java:70) ~[?:?]
		at LAYER PLUGIN/io.reactivex.rxjava3@3.1.12/io.reactivex.rxjava3.internal.operators.single.SingleObserveOn$ObserveOnSingleObserver.run(SingleObserveOn.java:79) ~[?:?]
		at LAYER PLUGIN/io.reactivex.rxjava3@3.1.12/io.reactivex.rxjava3.internal.schedulers.ExecutorScheduler$ExecutorWorker$BooleanRunnable.run(ExecutorScheduler.java:324) ~[?:?]
		at TRANSFORMER/minecraft@1.21.1/net.minecraft.util.thread.BlockableEventLoop.doRunTask(BlockableEventLoop.java:148) ~[server-1.21.1-20240808.144430-srg.jar%23247!/:?]
		at TRANSFORMER/minecraft@1.21.1/net.minecraft.server.level.ServerChunkCache$MainThreadExecutor.doRunTask(ServerChunkCache.java:559) ~[server-1.21.1-20240808.144430-srg.jar%23247!/:?]
		at TRANSFORMER/minecraft@1.21.1/net.minecraft.util.thread.BlockableEventLoop.pollTask(BlockableEventLoop.java:122) ~[server-1.21.1-20240808.144430-srg.jar%23247!/:?]
		at TRANSFORMER/minecraft@1.21.1/net.minecraft.server.level.ServerChunkCache$MainThreadExecutor.pollTask(ServerChunkCache.java:568) ~[server-1.21.1-20240808.144430-srg.jar%23247!/:?]
		at TRANSFORMER/minecraft@1.21.1/net.minecraft.server.level.ServerChunkCache.pollTask(ServerChunkCache.java:275) ~[server-1.21.1-20240808.144430-srg.jar%23247!/:?]
		at TRANSFORMER/minecraft@1.21.1/net.minecraft.server.MinecraftServer.pollTaskInternal(MinecraftServer.java:860) ~[server-1.21.1-20240808.144430-srg.jar%23247!/:?]
		at TRANSFORMER/minecraft@1.21.1/net.minecraft.server.MinecraftServer.pollTask(MinecraftServer.java:849) ~[server-1.21.1-20240808.144430-srg.jar%23247!/:?]
		at TRANSFORMER/minecraft@1.21.1/net.minecraft.util.thread.BlockableEventLoop.managedBlock(BlockableEventLoop.java:132) ~[server-1.21.1-20240808.144430-srg.jar%23247!/:?]
		at TRANSFORMER/minecraft@1.21.1/net.minecraft.server.MinecraftServer.managedBlock(MinecraftServer.java:821) ~[server-1.21.1-20240808.144430-srg.jar%23247!/:?]
		at TRANSFORMER/minecraft@1.21.1/net.minecraft.server.MinecraftServer.mixinextras$bridge$managedBlock$300(MinecraftServer.java) ~[server-1.21.1-20240808.144430-srg.jar%23247!/:?]
		at TRANSFORMER/minecraft@1.21.1/net.minecraft.server.MinecraftServer.wrapOperation$zcm000$modernfix$managedBlock(MinecraftServer.java:2154) ~[server-1.21.1-20240808.144430-srg.jar%23247!/:?]
		at TRANSFORMER/minecraft@1.21.1/net.minecraft.server.MinecraftServer.waitUntilNextTick(MinecraftServer.java:826) ~[server-1.21.1-20240808.144430-srg.jar%23247!/:?]
		at TRANSFORMER/minecraft@1.21.1/net.minecraft.server.MinecraftServer.runServer(MinecraftServer.java:712) ~[server-1.21.1-20240808.144430-srg.jar%23247!/:?]
		at TRANSFORMER/minecraft@1.21.1/net.minecraft.server.MinecraftServer.lambda$spin$2(MinecraftServer.java:267) ~[server-1.21.1-20240808.144430-srg.jar%23247!/:?]
		at java.base/java.lang.Thread.run(Thread.java:1583) [?:?]
	Caused by: com.ishland.c2me.base.common.util.RxJavaUtils$StacklessRuntimeException: Max retries reached
		Suppressed: java.util.concurrent.CompletionException: net.minecraft.nbt.ReportedNbtException: Loading NBT data
			at java.base/java.util.concurrent.CompletableFuture.encodeThrowable(CompletableFuture.java:315) ~[?:?]
			at java.base/java.util.concurrent.CompletableFuture.completeThrowable(CompletableFuture.java:320) ~[?:?]
			at java.base/java.util.concurrent.CompletableFuture$AsyncSupply.run(CompletableFuture.java:1770) ~[?:?]
			at TRANSFORMER/c2me_base@0.4.0-alpha.0.120+1.21.1/com.ishland.c2me.base.common.scheduler.WrappingTask.run(WrappingTask.java:45) ~[c2me-neoforge-base-mc1.21.1-0.4.0-alpha.0.120-all.jar%23522!/:?]
			at TRANSFORMER/c2me_base@0.4.0-alpha.0.120+1.21.1/com.ishland.flowsched.executor.WorkerThread.pollTasks(WorkerThread.java:51) ~[c2me-neoforge-base-mc1.21.1-0.4.0-alpha.0.120-all.jar%23522!/:?]
			at TRANSFORMER/c2me_base@0.4.0-alpha.0.120+1.21.1/com.ishland.flowsched.executor.WorkerThread.run(WorkerThread.java:29) ~[c2me-neoforge-base-mc1.21.1-0.4.0-alpha.0.120-all.jar%23522!/:?]
		Caused by: net.minecraft.nbt.ReportedNbtException: Loading NBT data
			at TRANSFORMER/minecraft@1.21.1/net.minecraft.nbt.CompoundTag.readNamedTagData(CompoundTag.java:530) ~[server-1.21.1-20240808.144430-srg.jar%23247!/:?]
			at TRANSFORMER/minecraft@1.21.1/net.minecraft.nbt.CompoundTag$1.loadCompound(CompoundTag.java:62) ~[server-1.21.1-20240808.144430-srg.jar%23247!/:?]
			at TRANSFORMER/minecraft@1.21.1/net.minecraft.nbt.CompoundTag$1.load(CompoundTag.java:41) ~[server-1.21.1-20240808.144430-srg.jar%23247!/:?]
			at TRANSFORMER/minecraft@1.21.1/net.minecraft.nbt.CompoundTag$1.load(CompoundTag.java:35) ~[server-1.21.1-20240808.144430-srg.jar%23247!/:?]
			at TRANSFORMER/minecraft@1.21.1/net.minecraft.nbt.ListTag$1.loadList(ListTag.java:40) ~[server-1.21.1-20240808.144430-srg.jar%23247!/:?]
			at TRANSFORMER/minecraft@1.21.1/net.minecraft.nbt.ListTag$1.load(ListTag.java:20) ~[server-1.21.1-20240808.144430-srg.jar%23247!/:?]
			at TRANSFORMER/minecraft@1.21.1/net.minecraft.nbt.ListTag$1.load(ListTag.java:14) ~[server-1.21.1-20240808.144430-srg.jar%23247!/:?]
			at TRANSFORMER/minecraft@1.21.1/net.minecraft.nbt.CompoundTag.readNamedTagData(CompoundTag.java:524) ~[server-1.21.1-20240808.144430-srg.jar%23247!/:?]
			at TRANSFORMER/minecraft@1.21.1/net.minecraft.nbt.CompoundTag$1.loadCompound(CompoundTag.java:62) ~[server-1.21.1-20240808.144430-srg.jar%23247!/:?]
			at TRANSFORMER/minecraft@1.21.1/net.minecraft.nbt.CompoundTag$1.load(CompoundTag.java:41) ~[server-1.21.1-20240808.144430-srg.jar%23247!/:?]
			at TRANSFORMER/minecraft@1.21.1/net.minecraft.nbt.CompoundTag$1.load(CompoundTag.java:35) ~[server-1.21.1-20240808.144430-srg.jar%23247!/:?]
			at TRANSFORMER/minecraft@1.21.1/net.minecraft.nbt.NbtIo.readTagSafe(NbtIo.java:193) ~[server-1.21.1-20240808.144430-srg.jar%23247!/:?]
			at TRANSFORMER/minecraft@1.21.1/net.minecraft.nbt.NbtIo.readUnnamedTag(NbtIo.java:187) ~[server-1.21.1-20240808.144430-srg.jar%23247!/:?]
			at TRANSFORMER/minecraft@1.21.1/net.minecraft.nbt.NbtIo.read(NbtIo.java:121) ~[server-1.21.1-20240808.144430-srg.jar%23247!/:?]
			at TRANSFORMER/minecraft@1.21.1/net.minecraft.nbt.NbtIo.read(NbtIo.java:117) ~[server-1.21.1-20240808.144430-srg.jar%23247!/:?]
			at TRANSFORMER/c2me_rewrites_chunkio@0.4.0-alpha.0.120+1.21.1/com.ishland.c2me.rewrites.chunkio.common.C2MEStorageThread.lambda$scheduleChunkRead$0(C2MEStorageThread.java:378) ~[c2me-neoforge-rewrites-chunkio-mc1.21.1-0.4.0-alpha.0.120.jar%23607!/:?]
			at java.base/java.util.concurrent.CompletableFuture$AsyncSupply.run(CompletableFuture.java:1768) ~[?:?]
			... 3 more
		Caused by: java.io.EOFException: Unexpected end of ZLIB input stream
			at java.base/java.util.zip.InflaterInputStream.fill(InflaterInputStream.java:266) ~[?:?]
			at java.base/java.util.zip.InflaterInputStream.read(InflaterInputStream.java:175) ~[?:?]
			at TRANSFORMER/minecraft@1.21.1/net.minecraft.util.FastBufferedInputStream.read(FastBufferedInputStream.java:45) ~[server-1.21.1-20240808.144430-srg.jar%23247!/:?]
			at java.base/java.io.DataInputStream.readFully(DataInputStream.java:208) ~[?:?]
			at java.base/java.io.DataInputStream.readUTF(DataInputStream.java:594) ~[?:?]
			at java.base/java.io.DataInputStream.readUTF(DataInputStream.java:550) ~[?:?]
			at TRANSFORMER/minecraft@1.21.1/net.minecraft.nbt.CompoundTag$1.loadCompound(CompoundTag.java:60) ~[server-1.21.1-20240808.144430-srg.jar%23247!/:?]
			at TRANSFORMER/minecraft@1.21.1/net.minecraft.nbt.CompoundTag$1.load(CompoundTag.java:41) ~[server-1.21.1-20240808.144430-srg.jar%23247!/:?]
			at TRANSFORMER/minecraft@1.21.1/net.minecraft.nbt.CompoundTag$1.load(CompoundTag.java:35) ~[server-1.21.1-20240808.144430-srg.jar%23247!/:?]
			at TRANSFORMER/minecraft@1.21.1/net.minecraft.nbt.CompoundTag.readNamedTagData(CompoundTag.java:524) ~[server-1.21.1-20240808.144430-srg.jar%23247!/:?]
			at TRANSFORMER/minecraft@1.21.1/net.minecraft.nbt.CompoundTag$1.loadCompound(CompoundTag.java:62) ~[server-1.21.1-20240808.144430-srg.jar%23247!/:?]
			at TRANSFORMER/minecraft@1.21.1/net.minecraft.nbt.CompoundTag$1.load(CompoundTag.java:41) ~[server-1.21.1-20240808.144430-srg.jar%23247!/:?]
			at TRANSFORMER/minecraft@1.21.1/net.minecraft.nbt.CompoundTag$1.load(CompoundTag.java:35) ~[server-1.21.1-20240808.144430-srg.jar%23247!/:?]
			at TRANSFORMER/minecraft@1.21.1/net.minecraft.nbt.ListTag$1.loadList(ListTag.java:40) ~[server-1.21.1-20240808.144430-srg.jar%23247!/:?]
			at TRANSFORMER/minecraft@1.21.1/net.minecraft.nbt.ListTag$1.load(ListTag.java:20) ~[server-1.21.1-20240808.144430-srg.jar%23247!/:?]
			at TRANSFORMER/minecraft@1.21.1/net.minecraft.nbt.ListTag$1.load(ListTag.java:14) ~[server-1.21.1-20240808.144430-srg.jar%23247!/:?]
			at TRANSFORMER/minecraft@1.21.1/net.minecraft.nbt.CompoundTag.readNamedTagData(CompoundTag.java:524) ~[server-1.21.1-20240808.144430-srg.jar%23247!/:?]
			at TRANSFORMER/minecraft@1.21.1/net.minecraft.nbt.CompoundTag$1.loadCompound(CompoundTag.java:62) ~[server-1.21.1-20240808.144430-srg.jar%23247!/:?]
			at TRANSFORMER/minecraft@1.21.1/net.minecraft.nbt.CompoundTag$1.load(CompoundTag.java:41) ~[server-1.21.1-20240808.144430-srg.jar%23247!/:?]
			at TRANSFORMER/minecraft@1.21.1/net.minecraft.nbt.CompoundTag$1.load(CompoundTag.java:35) ~[server-1.21.1-20240808.144430-srg.jar%23247!/:?]
			at TRANSFORMER/minecraft@1.21.1/net.minecraft.nbt.NbtIo.readTagSafe(NbtIo.java:193) ~[server-1.21.1-20240808.144430-srg.jar%23247!/:?]
			at TRANSFORMER/minecraft@1.21.1/net.minecraft.nbt.NbtIo.readUnnamedTag(NbtIo.java:187) ~[server-1.21.1-20240808.144430-srg.jar%23247!/:?]
			at TRANSFORMER/minecraft@1.21.1/net.minecraft.nbt.NbtIo.read(NbtIo.java:121) ~[server-1.21.1-20240808.144430-srg.jar%23247!/:?]
			at TRANSFORMER/minecraft@1.21.1/net.minecraft.nbt.NbtIo.read(NbtIo.java:117) ~[server-1.21.1-20240808.144430-srg.jar%23247!/:?]
			at TRANSFORMER/c2me_rewrites_chunkio@0.4.0-alpha.0.120+1.21.1/com.ishland.c2me.rewrites.chunkio.common.C2MEStorageThread.lambda$scheduleChunkRead$0(C2MEStorageThread.java:378) ~[c2me-neoforge-rewrites-chunkio-mc1.21.1-0.4.0-alpha.0.120.jar%23607!/:?]
			at java.base/java.util.concurrent.CompletableFuture$AsyncSupply.run(CompletableFuture.java:1768) ~[?:?]
			... 3 more
		Suppressed: java.util.concurrent.CompletionException: net.minecraft.nbt.ReportedNbtException: Loading NBT data
			at java.base/java.util.concurrent.CompletableFuture.encodeThrowable(CompletableFuture.java:315) ~[?:?]
			at java.base/java.util.concurrent.CompletableFuture.completeThrowable(CompletableFuture.java:320) ~[?:?]
			at java.base/java.util.concurrent.CompletableFuture$AsyncSupply.run(CompletableFuture.java:1770) ~[?:?]
			at TRANSFORMER/c2me_base@0.4.0-alpha.0.120+1.21.1/com.ishland.c2me.base.common.scheduler.WrappingTask.run(WrappingTask.java:45) ~[c2me-neoforge-base-mc1.21.1-0.4.0-alpha.0.120-all.jar%23522!/:?]
			at TRANSFORMER/c2me_base@0.4.0-alpha.0.120+1.21.1/com.ishland.flowsched.executor.WorkerThread.pollTasks(WorkerThread.java:51) ~[c2me-neoforge-base-mc1.21.1-0.4.0-alpha.0.120-all.jar%23522!/:?]
			at TRANSFORMER/c2me_base@0.4.0-alpha.0.120+1.21.1/com.ishland.flowsched.executor.WorkerThread.run(WorkerThread.java:29) ~[c2me-neoforge-base-mc1.21.1-0.4.0-alpha.0.120-all.jar%23522!/:?]
		Caused by: net.minecraft.nbt.ReportedNbtException: Loading NBT data
			at TRANSFORMER/minecraft@1.21.1/net.minecraft.nbt.CompoundTag.readNamedTagData(CompoundTag.java:530) ~[server-1.21.1-20240808.144430-srg.jar%23247!/:?]
			at TRANSFORMER/minecraft@1.21.1/net.minecraft.nbt.CompoundTag$1.loadCompound(CompoundTag.java:62) ~[server-1.21.1-20240808.144430-srg.jar%23247!/:?]
			at TRANSFORMER/minecraft@1.21.1/net.minecraft.nbt.CompoundTag$1.load(CompoundTag.java:41) ~[server-1.21.1-20240808.144430-srg.jar%23247!/:?]
			at TRANSFORMER/minecraft@1.21.1/net.minecraft.nbt.CompoundTag$1.load(CompoundTag.java:35) ~[server-1.21.1-20240808.144430-srg.jar%23247!/:?]
			at TRANSFORMER/minecraft@1.21.1/net.minecraft.nbt.ListTag$1.loadList(ListTag.java:40) ~[server-1.21.1-20240808.144430-srg.jar%23247!/:?]
			at TRANSFORMER/minecraft@1.21.1/net.minecraft.nbt.ListTag$1.load(ListTag.java:20) ~[server-1.21.1-20240808.144430-srg.jar%23247!/:?]
			at TRANSFORMER/minecraft@1.21.1/net.minecraft.nbt.ListTag$1.load(ListTag.java:14) ~[server-1.21.1-20240808.144430-srg.jar%23247!/:?]
			at TRANSFORMER/minecraft@1.21.1/net.minecraft.nbt.CompoundTag.readNamedTagData(CompoundTag.java:524) ~[server-1.21.1-20240808.144430-srg.jar%23247!/:?]
			at TRANSFORMER/minecraft@1.21.1/net.minecraft.nbt.CompoundTag$1.loadCompound(CompoundTag.java:62) ~[server-1.21.1-20240808.144430-srg.jar%23247!/:?]
			at TRANSFORMER/minecraft@1.21.1/net.minecraft.nbt.CompoundTag$1.load(CompoundTag.java:41) ~[server-1.21.1-20240808.144430-srg.jar%23247!/:?]
			at TRANSFORMER/minecraft@1.21.1/net.minecraft.nbt.CompoundTag$1.load(CompoundTag.java:35) ~[server-1.21.1-20240808.144430-srg.jar%23247!/:?]
			at TRANSFORMER/minecraft@1.21.1/net.minecraft.nbt.NbtIo.readTagSafe(NbtIo.java:193) ~[server-1.21.1-20240808.144430-srg.jar%23247!/:?]
			at TRANSFORMER/minecraft@1.21.1/net.minecraft.nbt.NbtIo.readUnnamedTag(NbtIo.java:187) ~[server-1.21.1-20240808.144430-srg.jar%23247!/:?]
			at TRANSFORMER/minecraft@1.21.1/net.minecraft.nbt.NbtIo.read(NbtIo.java:121) ~[server-1.21.1-20240808.144430-srg.jar%23247!/:?]
			at TRANSFORMER/minecraft@1.21.1/net.minecraft.nbt.NbtIo.read(NbtIo.java:117) ~[server-1.21.1-20240808.144430-srg.jar%23247!/:?]
			at TRANSFORMER/c2me_rewrites_chunkio@0.4.0-alpha.0.120+1.21.1/com.ishland.c2me.rewrites.chunkio.common.C2MEStorageThread.lambda$scheduleChunkRead$0(C2MEStorageThread.java:378) ~[c2me-neoforge-rewrites-chunkio-mc1.21.1-0.4.0-alpha.0.120.jar%23607!/:?]
			at java.base/java.util.concurrent.CompletableFuture$AsyncSupply.run(CompletableFuture.java:1768) ~[?:?]
			... 3 more
		Caused by: java.io.EOFException: Unexpected end of ZLIB input stream
			at java.base/java.util.zip.InflaterInputStream.fill(InflaterInputStream.java:266) ~[?:?]
			at java.base/java.util.zip.InflaterInputStream.read(InflaterInputStream.java:175) ~[?:?]
			at TRANSFORMER/minecraft@1.21.1/net.minecraft.util.FastBufferedInputStream.read(FastBufferedInputStream.java:45) ~[server-1.21.1-20240808.144430-srg.jar%23247!/:?]
			at java.base/java.io.DataInputStream.readFully(DataInputStream.java:208) ~[?:?]
			at java.base/java.io.DataInputStream.readUTF(DataInputStream.java:594) ~[?:?]
			at java.base/java.io.DataInputStream.readUTF(DataInputStream.java:550) ~[?:?]
			at TRANSFORMER/minecraft@1.21.1/net.minecraft.nbt.CompoundTag$1.loadCompound(CompoundTag.java:60) ~[server-1.21.1-20240808.144430-srg.jar%23247!/:?]
			at TRANSFORMER/minecraft@1.21.1/net.minecraft.nbt.CompoundTag$1.load(CompoundTag.java:41) ~[server-1.21.1-20240808.144430-srg.jar%23247!/:?]
			at TRANSFORMER/minecraft@1.21.1/net.minecraft.nbt.CompoundTag$1.load(CompoundTag.java:35) ~[server-1.21.1-20240808.144430-srg.jar%23247!/:?]
			at TRANSFORMER/minecraft@1.21.1/net.minecraft.nbt.CompoundTag.readNamedTagData(CompoundTag.java:524) ~[server-1.21.1-20240808.144430-srg.jar%23247!/:?]
			at TRANSFORMER/minecraft@1.21.1/net.minecraft.nbt.CompoundTag$1.loadCompound(CompoundTag.java:62) ~[server-1.21.1-20240808.144430-srg.jar%23247!/:?]
			at TRANSFORMER/minecraft@1.21.1/net.minecraft.nbt.CompoundTag$1.load(CompoundTag.java:41) ~[server-1.21.1-20240808.144430-srg.jar%23247!/:?]
			at TRANSFORMER/minecraft@1.21.1/net.minecraft.nbt.CompoundTag$1.load(CompoundTag.java:35) ~[server-1.21.1-20240808.144430-srg.jar%23247!/:?]
			at TRANSFORMER/minecraft@1.21.1/net.minecraft.nbt.ListTag$1.loadList(ListTag.java:40) ~[server-1.21.1-20240808.144430-srg.jar%23247!/:?]
			at TRANSFORMER/minecraft@1.21.1/net.minecraft.nbt.ListTag$1.load(ListTag.java:20) ~[server-1.21.1-20240808.144430-srg.jar%23247!/:?]
			at TRANSFORMER/minecraft@1.21.1/net.minecraft.nbt.ListTag$1.load(ListTag.java:14) ~[server-1.21.1-20240808.144430-srg.jar%23247!/:?]
			at TRANSFORMER/minecraft@1.21.1/net.minecraft.nbt.CompoundTag.readNamedTagData(CompoundTag.java:524) ~[server-1.21.1-20240808.144430-srg.jar%23247!/:?]
			at TRANSFORMER/minecraft@1.21.1/net.minecraft.nbt.CompoundTag$1.loadCompound(CompoundTag.java:62) ~[server-1.21.1-20240808.144430-srg.jar%23247!/:?]
			at TRANSFORMER/minecraft@1.21.1/net.minecraft.nbt.CompoundTag$1.load(CompoundTag.java:41) ~[server-1.21.1-20240808.144430-srg.jar%23247!/:?]
			at TRANSFORMER/minecraft@1.21.1/net.minecraft.nbt.CompoundTag$1.load(CompoundTag.java:35) ~[server-1.21.1-20240808.144430-srg.jar%23247!/:?]
			at TRANSFORMER/minecraft@1.21.1/net.minecraft.nbt.NbtIo.readTagSafe(NbtIo.java:193) ~[server-1.21.1-20240808.144430-srg.jar%23247!/:?]
			at TRANSFORMER/minecraft@1.21.1/net.minecraft.nbt.NbtIo.readUnnamedTag(NbtIo.java:187) ~[server-1.21.1-20240808.144430-srg.jar%23247!/:?]
			at TRANSFORMER/minecraft@1.21.1/net.minecraft.nbt.NbtIo.read(NbtIo.java:121) ~[server-1.21.1-20240808.144430-srg.jar%23247!/:?]
			at TRANSFORMER/minecraft@1.21.1/net.minecraft.nbt.NbtIo.read(NbtIo.java:117) ~[server-1.21.1-20240808.144430-srg.jar%23247!/:?]
			at TRANSFORMER/c2me_rewrites_chunkio@0.4.0-alpha.0.120+1.21.1/com.ishland.c2me.rewrites.chunkio.common.C2MEStorageThread.lambda$scheduleChunkRead$0(C2MEStorageThread.java:378) ~[c2me-neoforge-rewrites-chunkio-mc1.21.1-0.4.0-alpha.0.120.jar%23607!/:?]
			at java.base/java.util.concurrent.CompletableFuture$AsyncSupply.run(CompletableFuture.java:1768) ~[?:?]
			... 3 more
		Suppressed: java.util.concurrent.CompletionException: net.minecraft.nbt.ReportedNbtException: Loading NBT data
			at java.base/java.util.concurrent.CompletableFuture.encodeThrowable(CompletableFuture.java:315) ~[?:?]
			at java.base/java.util.concurrent.CompletableFuture.completeThrowable(CompletableFuture.java:320) ~[?:?]
			at java.base/java.util.concurrent.CompletableFuture$AsyncSupply.run(CompletableFuture.java:1770) ~[?:?]
			at TRANSFORMER/c2me_base@0.4.0-alpha.0.120+1.21.1/com.ishland.c2me.base.common.scheduler.WrappingTask.run(WrappingTask.java:45) ~[c2me-neoforge-base-mc1.21.1-0.4.0-alpha.0.120-all.jar%23522!/:?]
			at TRANSFORMER/c2me_base@0.4.0-alpha.0.120+1.21.1/com.ishland.flowsched.executor.WorkerThread.pollTasks(WorkerThread.java:51) ~[c2me-neoforge-base-mc1.21.1-0.4.0-alpha.0.120-all.jar%23522!/:?]
			at TRANSFORMER/c2me_base@0.4.0-alpha.0.120+1.21.1/com.ishland.flowsched.executor.WorkerThread.run(WorkerThread.java:29) ~[c2me-neoforge-base-mc1.21.1-0.4.0-alpha.0.120-all.jar%23522!/:?]
		Caused by: net.minecraft.nbt.ReportedNbtException: Loading NBT data
			at TRANSFORMER/minecraft@1.21.1/net.minecraft.nbt.CompoundTag.readNamedTagData(CompoundTag.java:530) ~[server-1.21.1-20240808.144430-srg.jar%23247!/:?]
			at TRANSFORMER/minecraft@1.21.1/net.minecraft.nbt.CompoundTag$1.loadCompound(CompoundTag.java:62) ~[server-1.21.1-20240808.144430-srg.jar%23247!/:?]
			at TRANSFORMER/minecraft@1.21.1/net.minecraft.nbt.CompoundTag$1.load(CompoundTag.java:41) ~[server-1.21.1-20240808.144430-srg.jar%23247!/:?]
			at TRANSFORMER/minecraft@1.21.1/net.minecraft.nbt.CompoundTag$1.load(CompoundTag.java:35) ~[server-1.21.1-20240808.144430-srg.jar%23247!/:?]
			at TRANSFORMER/minecraft@1.21.1/net.minecraft.nbt.ListTag$1.loadList(ListTag.java:40) ~[server-1.21.1-20240808.144430-srg.jar%23247!/:?]
			at TRANSFORMER/minecraft@1.21.1/net.minecraft.nbt.ListTag$1.load(ListTag.java:20) ~[server-1.21.1-20240808.144430-srg.jar%23247!/:?]
			at TRANSFORMER/minecraft@1.21.1/net.minecraft.nbt.ListTag$1.load(ListTag.java:14) ~[server-1.21.1-20240808.144430-srg.jar%23247!/:?]
			at TRANSFORMER/minecraft@1.21.1/net.minecraft.nbt.CompoundTag.readNamedTagData(CompoundTag.java:524) ~[server-1.21.1-20240808.144430-srg.jar%23247!/:?]
			at TRANSFORMER/minecraft@1.21.1/net.minecraft.nbt.CompoundTag$1.loadCompound(CompoundTag.java:62) ~[server-1.21.1-20240808.144430-srg.jar%23247!/:?]
			at TRANSFORMER/minecraft@1.21.1/net.minecraft.nbt.CompoundTag$1.load(CompoundTag.java:41) ~[server-1.21.1-20240808.144430-srg.jar%23247!/:?]
			at TRANSFORMER/minecraft@1.21.1/net.minecraft.nbt.CompoundTag$1.load(CompoundTag.java:35) ~[server-1.21.1-20240808.144430-srg.jar%23247!/:?]
			at TRANSFORMER/minecraft@1.21.1/net.minecraft.nbt.NbtIo.readTagSafe(NbtIo.java:193) ~[server-1.21.1-20240808.144430-srg.jar%23247!/:?]
			at TRANSFORMER/minecraft@1.21.1/net.minecraft.nbt.NbtIo.readUnnamedTag(NbtIo.java:187) ~[server-1.21.1-20240808.144430-srg.jar%23247!/:?]
			at TRANSFORMER/minecraft@1.21.1/net.minecraft.nbt.NbtIo.read(NbtIo.java:121) ~[server-1.21.1-20240808.144430-srg.jar%23247!/:?]
			at TRANSFORMER/minecraft@1.21.1/net.minecraft.nbt.NbtIo.read(NbtIo.java:117) ~[server-1.21.1-20240808.144430-srg.jar%23247!/:?]
			at TRANSFORMER/c2me_rewrites_chunkio@0.4.0-alpha.0.120+1.21.1/com.ishland.c2me.rewrites.chunkio.common.C2MEStorageThread.lambda$scheduleChunkRead$0(C2MEStorageThread.java:378) ~[c2me-neoforge-rewrites-chunkio-mc1.21.1-0.4.0-alpha.0.120.jar%23607!/:?]
			at java.base/java.util.concurrent.CompletableFuture$AsyncSupply.run(CompletableFuture.java:1768) ~[?:?]
			... 3 more
		Caused by: java.io.EOFException: Unexpected end of ZLIB input stream
			at java.base/java.util.zip.InflaterInputStream.fill(InflaterInputStream.java:266) ~[?:?]
			at java.base/java.util.zip.InflaterInputStream.read(InflaterInputStream.java:175) ~[?:?]
			at TRANSFORMER/minecraft@1.21.1/net.minecraft.util.FastBufferedInputStream.read(FastBufferedInputStream.java:45) ~[server-1.21.1-20240808.144430-srg.jar%23247!/:?]
			at java.base/java.io.DataInputStream.readFully(DataInputStream.java:208) ~[?:?]
			at java.base/java.io.DataInputStream.readUTF(DataInputStream.java:594) ~[?:?]
			at java.base/java.io.DataInputStream.readUTF(DataInputStream.java:550) ~[?:?]
			at TRANSFORMER/minecraft@1.21.1/net.minecraft.nbt.CompoundTag$1.loadCompound(CompoundTag.java:60) ~[server-1.21.1-20240808.144430-srg.jar%23247!/:?]
			at TRANSFORMER/minecraft@1.21.1/net.minecraft.nbt.CompoundTag$1.load(CompoundTag.java:41) ~[server-1.21.1-20240808.144430-srg.jar%23247!/:?]
			at TRANSFORMER/minecraft@1.21.1/net.minecraft.nbt.CompoundTag$1.load(CompoundTag.java:35) ~[server-1.21.1-20240808.144430-srg.jar%23247!/:?]
			at TRANSFORMER/minecraft@1.21.1/net.minecraft.nbt.CompoundTag.readNamedTagData(CompoundTag.java:524) ~[server-1.21.1-20240808.144430-srg.jar%23247!/:?]
			at TRANSFORMER/minecraft@1.21.1/net.minecraft.nbt.CompoundTag$1.loadCompound(CompoundTag.java:62) ~[server-1.21.1-20240808.144430-srg.jar%23247!/:?]
			at TRANSFORMER/minecraft@1.21.1/net.minecraft.nbt.CompoundTag$1.load(CompoundTag.java:41) ~[server-1.21.1-20240808.144430-srg.jar%23247!/:?]
			at TRANSFORMER/minecraft@1.21.1/net.minecraft.nbt.CompoundTag$1.load(CompoundTag.java:35) ~[server-1.21.1-20240808.144430-srg.jar%23247!/:?]
			at TRANSFORMER/minecraft@1.21.1/net.minecraft.nbt.ListTag$1.loadList(ListTag.java:40) ~[server-1.21.1-20240808.144430-srg.jar%23247!/:?]
			at TRANSFORMER/minecraft@1.21.1/net.minecraft.nbt.ListTag$1.load(ListTag.java:20) ~[server-1.21.1-20240808.144430-srg.jar%23247!/:?]
			at TRANSFORMER/minecraft@1.21.1/net.minecraft.nbt.ListTag$1.load(ListTag.java:14) ~[server-1.21.1-20240808.144430-srg.jar%23247!/:?]
			at TRANSFORMER/minecraft@1.21.1/net.minecraft.nbt.CompoundTag.readNamedTagData(CompoundTag.java:524) ~[server-1.21.1-20240808.144430-srg.jar%23247!/:?]
			at TRANSFORMER/minecraft@1.21.1/net.minecraft.nbt.CompoundTag$1.loadCompound(CompoundTag.java:62) ~[server-1.21.1-20240808.144430-srg.jar%23247!/:?]
			at TRANSFORMER/minecraft@1.21.1/net.minecraft.nbt.CompoundTag$1.load(CompoundTag.java:41) ~[server-1.21.1-20240808.144430-srg.jar%23247!/:?]
			at TRANSFORMER/minecraft@1.21.1/net.minecraft.nbt.CompoundTag$1.load(CompoundTag.java:35) ~[server-1.21.1-20240808.144430-srg.jar%23247!/:?]
			at TRANSFORMER/minecraft@1.21.1/net.minecraft.nbt.NbtIo.readTagSafe(NbtIo.java:193) ~[server-1.21.1-20240808.144430-srg.jar%23247!/:?]
			at TRANSFORMER/minecraft@1.21.1/net.minecraft.nbt.NbtIo.readUnnamedTag(NbtIo.java:187) ~[server-1.21.1-20240808.144430-srg.jar%23247!/:?]
			at TRANSFORMER/minecraft@1.21.1/net.minecraft.nbt.NbtIo.read(NbtIo.java:121) ~[server-1.21.1-20240808.144430-srg.jar%23247!/:?]
			at TRANSFORMER/minecraft@1.21.1/net.minecraft.nbt.NbtIo.read(NbtIo.java:117) ~[server-1.21.1-20240808.144430-srg.jar%23247!/:?]
			at TRANSFORMER/c2me_rewrites_chunkio@0.4.0-alpha.0.120+1.21.1/com.ishland.c2me.rewrites.chunkio.common.C2MEStorageThread.lambda$scheduleChunkRead$0(C2MEStorageThread.java:378) ~[c2me-neoforge-rewrites-chunkio-mc1.21.1-0.4.0-alpha.0.120.jar%23607!/:?]
			at java.base/java.util.concurrent.CompletableFuture$AsyncSupply.run(CompletableFuture.java:1768) ~[?:?]
			... 3 more
		Suppressed: java.util.concurrent.CompletionException: net.minecraft.nbt.ReportedNbtException: Loading NBT data
			at java.base/java.util.concurrent.CompletableFuture.encodeThrowable(CompletableFuture.java:315) ~[?:?]
			at java.base/java.util.concurrent.CompletableFuture.completeThrowable(CompletableFuture.java:320) ~[?:?]
			at java.base/java.util.concurrent.CompletableFuture$AsyncSupply.run(CompletableFuture.java:1770) ~[?:?]
			at TRANSFORMER/c2me_base@0.4.0-alpha.0.120+1.21.1/com.ishland.c2me.base.common.scheduler.WrappingTask.run(WrappingTask.java:45) ~[c2me-neoforge-base-mc1.21.1-0.4.0-alpha.0.120-all.jar%23522!/:?]
			at TRANSFORMER/c2me_base@0.4.0-alpha.0.120+1.21.1/com.ishland.flowsched.executor.WorkerThread.pollTasks(WorkerThread.java:51) ~[c2me-neoforge-base-mc1.21.1-0.4.0-alpha.0.120-all.jar%23522!/:?]
			at TRANSFORMER/c2me_base@0.4.0-alpha.0.120+1.21.1/com.ishland.flowsched.executor.WorkerThread.run(WorkerThread.java:29) ~[c2me-neoforge-base-mc1.21.1-0.4.0-alpha.0.120-all.jar%23522!/:?]
		Caused by: net.minecraft.nbt.ReportedNbtException: Loading NBT data
			at TRANSFORMER/minecraft@1.21.1/net.minecraft.nbt.CompoundTag.readNamedTagData(CompoundTag.java:530) ~[server-1.21.1-20240808.144430-srg.jar%23247!/:?]
			at TRANSFORMER/minecraft@1.21.1/net.minecraft.nbt.CompoundTag$1.loadCompound(CompoundTag.java:62) ~[server-1.21.1-20240808.144430-srg.jar%23247!/:?]
			at TRANSFORMER/minecraft@1.21.1/net.minecraft.nbt.CompoundTag$1.load(CompoundTag.java:41) ~[server-1.21.1-20240808.144430-srg.jar%23247!/:?]
			at TRANSFORMER/minecraft@1.21.1/net.minecraft.nbt.CompoundTag$1.load(CompoundTag.java:35) ~[server-1.21.1-20240808.144430-srg.jar%23247!/:?]
			at TRANSFORMER/minecraft@1.21.1/net.minecraft.nbt.ListTag$1.loadList(ListTag.java:40) ~[server-1.21.1-20240808.144430-srg.jar%23247!/:?]
			at TRANSFORMER/minecraft@1.21.1/net.minecraft.nbt.ListTag$1.load(ListTag.java:20) ~[server-1.21.1-20240808.144430-srg.jar%23247!/:?]
			at TRANSFORMER/minecraft@1.21.1/net.minecraft.nbt.ListTag$1.load(ListTag.java:14) ~[server-1.21.1-20240808.144430-srg.jar%23247!/:?]
			at TRANSFORMER/minecraft@1.21.1/net.minecraft.nbt.CompoundTag.readNamedTagData(CompoundTag.java:524) ~[server-1.21.1-20240808.144430-srg.jar%23247!/:?]
			at TRANSFORMER/minecraft@1.21.1/net.minecraft.nbt.CompoundTag$1.loadCompound(CompoundTag.java:62) ~[server-1.21.1-20240808.144430-srg.jar%23247!/:?]
			at TRANSFORMER/minecraft@1.21.1/net.minecraft.nbt.CompoundTag$1.load(CompoundTag.java:41) ~[server-1.21.1-20240808.144430-srg.jar%23247!/:?]
			at TRANSFORMER/minecraft@1.21.1/net.minecraft.nbt.CompoundTag$1.load(CompoundTag.java:35) ~[server-1.21.1-20240808.144430-srg.jar%23247!/:?]
			at TRANSFORMER/minecraft@1.21.1/net.minecraft.nbt.NbtIo.readTagSafe(NbtIo.java:193) ~[server-1.21.1-20240808.144430-srg.jar%23247!/:?]
			at TRANSFORMER/minecraft@1.21.1/net.minecraft.nbt.NbtIo.readUnnamedTag(NbtIo.java:187) ~[server-1.21.1-20240808.144430-srg.jar%23247!/:?]
			at TRANSFORMER/minecraft@1.21.1/net.minecraft.nbt.NbtIo.read(NbtIo.java:121) ~[server-1.21.1-20240808.144430-srg.jar%23247!/:?]
			at TRANSFORMER/minecraft@1.21.1/net.minecraft.nbt.NbtIo.read(NbtIo.java:117) ~[server-1.21.1-20240808.144430-srg.jar%23247!/:?]
			at TRANSFORMER/c2me_rewrites_chunkio@0.4.0-alpha.0.120+1.21.1/com.ishland.c2me.rewrites.chunkio.common.C2MEStorageThread.lambda$scheduleChunkRead$0(C2MEStorageThread.java:378) ~[c2me-neoforge-rewrites-chunkio-mc1.21.1-0.4.0-alpha.0.120.jar%23607!/:?]
			at java.base/java.util.concurrent.CompletableFuture$AsyncSupply.run(CompletableFuture.java:1768) ~[?:?]
			... 3 more
		Caused by: java.io.EOFException: Unexpected end of ZLIB input stream
			at java.base/java.util.zip.InflaterInputStream.fill(InflaterInputStream.java:266) ~[?:?]
			at java.base/java.util.zip.InflaterInputStream.read(InflaterInputStream.java:175) ~[?:?]
			at TRANSFORMER/minecraft@1.21.1/net.minecraft.util.FastBufferedInputStream.read(FastBufferedInputStream.java:45) ~[server-1.21.1-20240808.144430-srg.jar%23247!/:?]
			at java.base/java.io.DataInputStream.readFully(DataInputStream.java:208) ~[?:?]
			at java.base/java.io.DataInputStream.readUTF(DataInputStream.java:594) ~[?:?]
			at java.base/java.io.DataInputStream.readUTF(DataInputStream.java:550) ~[?:?]
			at TRANSFORMER/minecraft@1.21.1/net.minecraft.nbt.CompoundTag$1.loadCompound(CompoundTag.java:60) ~[server-1.21.1-20240808.144430-srg.jar%23247!/:?]
			at TRANSFORMER/minecraft@1.21.1/net.minecraft.nbt.CompoundTag$1.load(CompoundTag.java:41) ~[server-1.21.1-20240808.144430-srg.jar%23247!/:?]
			at TRANSFORMER/minecraft@1.21.1/net.minecraft.nbt.CompoundTag$1.load(CompoundTag.java:35) ~[server-1.21.1-20240808.144430-srg.jar%23247!/:?]
			at TRANSFORMER/minecraft@1.21.1/net.minecraft.nbt.CompoundTag.readNamedTagData(CompoundTag.java:524) ~[server-1.21.1-20240808.144430-srg.jar%23247!/:?]
			at TRANSFORMER/minecraft@1.21.1/net.minecraft.nbt.CompoundTag$1.loadCompound(CompoundTag.java:62) ~[server-1.21.1-20240808.144430-srg.jar%23247!/:?]
			at TRANSFORMER/minecraft@1.21.1/net.minecraft.nbt.CompoundTag$1.load(CompoundTag.java:41) ~[server-1.21.1-20240808.144430-srg.jar%23247!/:?]
			at TRANSFORMER/minecraft@1.21.1/net.minecraft.nbt.CompoundTag$1.load(CompoundTag.java:35) ~[server-1.21.1-20240808.144430-srg.jar%23247!/:?]
			at TRANSFORMER/minecraft@1.21.1/net.minecraft.nbt.ListTag$1.loadList(ListTag.java:40) ~[server-1.21.1-20240808.144430-srg.jar%23247!/:?]
			at TRANSFORMER/minecraft@1.21.1/net.minecraft.nbt.ListTag$1.load(ListTag.java:20) ~[server-1.21.1-20240808.144430-srg.jar%23247!/:?]
			at TRANSFORMER/minecraft@1.21.1/net.minecraft.nbt.ListTag$1.load(ListTag.java:14) ~[server-1.21.1-20240808.144430-srg.jar%23247!/:?]
			at TRANSFORMER/minecraft@1.21.1/net.minecraft.nbt.CompoundTag.readNamedTagData(CompoundTag.java:524) ~[server-1.21.1-20240808.144430-srg.jar%23247!/:?]
			at TRANSFORMER/minecraft@1.21.1/net.minecraft.nbt.CompoundTag$1.loadCompound(CompoundTag.java:62) ~[server-1.21.1-20240808.144430-srg.jar%23247!/:?]
			at TRANSFORMER/minecraft@1.21.1/net.minecraft.nbt.CompoundTag$1.load(CompoundTag.java:41) ~[server-1.21.1-20240808.144430-srg.jar%23247!/:?]
			at TRANSFORMER/minecraft@1.21.1/net.minecraft.nbt.CompoundTag$1.load(CompoundTag.java:35) ~[server-1.21.1-20240808.144430-srg.jar%23247!/:?]
			at TRANSFORMER/minecraft@1.21.1/net.minecraft.nbt.NbtIo.readTagSafe(NbtIo.java:193) ~[server-1.21.1-20240808.144430-srg.jar%23247!/:?]
			at TRANSFORMER/minecraft@1.21.1/net.minecraft.nbt.NbtIo.readUnnamedTag(NbtIo.java:187) ~[server-1.21.1-20240808.144430-srg.jar%23247!/:?]
			at TRANSFORMER/minecraft@1.21.1/net.minecraft.nbt.NbtIo.read(NbtIo.java:121) ~[server-1.21.1-20240808.144430-srg.jar%23247!/:?]
			at TRANSFORMER/minecraft@1.21.1/net.minecraft.nbt.NbtIo.read(NbtIo.java:117) ~[server-1.21.1-20240808.144430-srg.jar%23247!/:?]
			at TRANSFORMER/c2me_rewrites_chunkio@0.4.0-alpha.0.120+1.21.1/com.ishland.c2me.rewrites.chunkio.common.C2MEStorageThread.lambda$scheduleChunkRead$0(C2MEStorageThread.java:378) ~[c2me-neoforge-rewrites-chunkio-mc1.21.1-0.4.0-alpha.0.120.jar%23607!/:?]
			at java.base/java.util.concurrent.CompletableFuture$AsyncSupply.run(CompletableFuture.java:1768) ~[?:?]
			... 3 more
	Suppressed: java.util.concurrent.CompletionException: net.minecraft.nbt.ReportedNbtException: Loading NBT data
		at java.base/java.util.concurrent.CompletableFuture.encodeThrowable(CompletableFuture.java:315) ~[?:?]
		at java.base/java.util.concurrent.CompletableFuture.completeThrowable(CompletableFuture.java:320) ~[?:?]
		at java.base/java.util.concurrent.CompletableFuture$AsyncSupply.run(CompletableFuture.java:1770) ~[?:?]
		at TRANSFORMER/c2me_base@0.4.0-alpha.0.120+1.21.1/com.ishland.c2me.base.common.scheduler.WrappingTask.run(WrappingTask.java:45) ~[c2me-neoforge-base-mc1.21.1-0.4.0-alpha.0.120-all.jar%23522!/:?]
		at TRANSFORMER/c2me_base@0.4.0-alpha.0.120+1.21.1/com.ishland.flowsched.executor.WorkerThread.pollTasks(WorkerThread.java:51) ~[c2me-neoforge-base-mc1.21.1-0.4.0-alpha.0.120-all.jar%23522!/:?]
		at TRANSFORMER/c2me_base@0.4.0-alpha.0.120+1.21.1/com.ishland.flowsched.executor.WorkerThread.run(WorkerThread.java:29) ~[c2me-neoforge-base-mc1.21.1-0.4.0-alpha.0.120-all.jar%23522!/:?]
	Caused by: net.minecraft.nbt.ReportedNbtException: Loading NBT data
		at TRANSFORMER/minecraft@1.21.1/net.minecraft.nbt.CompoundTag.readNamedTagData(CompoundTag.java:530) ~[server-1.21.1-20240808.144430-srg.jar%23247!/:?]
		at TRANSFORMER/minecraft@1.21.1/net.minecraft.nbt.CompoundTag$1.loadCompound(CompoundTag.java:62) ~[server-1.21.1-20240808.144430-srg.jar%23247!/:?]
		at TRANSFORMER/minecraft@1.21.1/net.minecraft.nbt.CompoundTag$1.load(CompoundTag.java:41) ~[server-1.21.1-20240808.144430-srg.jar%23247!/:?]
		at TRANSFORMER/minecraft@1.21.1/net.minecraft.nbt.CompoundTag$1.load(CompoundTag.java:35) ~[server-1.21.1-20240808.144430-srg.jar%23247!/:?]
		at TRANSFORMER/minecraft@1.21.1/net.minecraft.nbt.ListTag$1.loadList(ListTag.java:40) ~[server-1.21.1-20240808.144430-srg.jar%23247!/:?]
		at TRANSFORMER/minecraft@1.21.1/net.minecraft.nbt.ListTag$1.load(ListTag.java:20) ~[server-1.21.1-20240808.144430-srg.jar%23247!/:?]
		at TRANSFORMER/minecraft@1.21.1/net.minecraft.nbt.ListTag$1.load(ListTag.java:14) ~[server-1.21.1-20240808.144430-srg.jar%23247!/:?]
		at TRANSFORMER/minecraft@1.21.1/net.minecraft.nbt.CompoundTag.readNamedTagData(CompoundTag.java:524) ~[server-1.21.1-20240808.144430-srg.jar%23247!/:?]
		at TRANSFORMER/minecraft@1.21.1/net.minecraft.nbt.CompoundTag$1.loadCompound(CompoundTag.java:62) ~[server-1.21.1-20240808.144430-srg.jar%23247!/:?]
		at TRANSFORMER/minecraft@1.21.1/net.minecraft.nbt.CompoundTag$1.load(CompoundTag.java:41) ~[server-1.21.1-20240808.144430-srg.jar%23247!/:?]
		at TRANSFORMER/minecraft@1.21.1/net.minecraft.nbt.CompoundTag$1.load(CompoundTag.java:35) ~[server-1.21.1-20240808.144430-srg.jar%23247!/:?]
		at TRANSFORMER/minecraft@1.21.1/net.minecraft.nbt.NbtIo.readTagSafe(NbtIo.java:193) ~[server-1.21.1-20240808.144430-srg.jar%23247!/:?]
		at TRANSFORMER/minecraft@1.21.1/net.minecraft.nbt.NbtIo.readUnnamedTag(NbtIo.java:187) ~[server-1.21.1-20240808.144430-srg.jar%23247!/:?]
		at TRANSFORMER/minecraft@1.21.1/net.minecraft.nbt.NbtIo.read(NbtIo.java:121) ~[server-1.21.1-20240808.144430-srg.jar%23247!/:?]
		at TRANSFORMER/minecraft@1.21.1/net.minecraft.nbt.NbtIo.read(NbtIo.java:117) ~[server-1.21.1-20240808.144430-srg.jar%23247!/:?]
		at TRANSFORMER/c2me_rewrites_chunkio@0.4.0-alpha.0.120+1.21.1/com.ishland.c2me.rewrites.chunkio.common.C2MEStorageThread.lambda$scheduleChunkRead$0(C2MEStorageThread.java:378) ~[c2me-neoforge-rewrites-chunkio-mc1.21.1-0.4.0-alpha.0.120.jar%23607!/:?]
		at java.base/java.util.concurrent.CompletableFuture$AsyncSupply.run(CompletableFuture.java:1768) ~[?:?]
		... 3 more
	Caused by: java.io.EOFException: Unexpected end of ZLIB input stream
		at java.base/java.util.zip.InflaterInputStream.fill(InflaterInputStream.java:266) ~[?:?]
		at java.base/java.util.zip.InflaterInputStream.read(InflaterInputStream.java:175) ~[?:?]
		at TRANSFORMER/minecraft@1.21.1/net.minecraft.util.FastBufferedInputStream.read(FastBufferedInputStream.java:45) ~[server-1.21.1-20240808.144430-srg.jar%23247!/:?]
		at java.base/java.io.DataInputStream.readFully(DataInputStream.java:208) ~[?:?]
		at java.base/java.io.DataInputStream.readUTF(DataInputStream.java:594) ~[?:?]
		at java.base/java.io.DataInputStream.readUTF(DataInputStream.java:550) ~[?:?]
		at TRANSFORMER/minecraft@1.21.1/net.minecraft.nbt.CompoundTag$1.loadCompound(CompoundTag.java:60) ~[server-1.21.1-20240808.144430-srg.jar%23247!/:?]
		at TRANSFORMER/minecraft@1.21.1/net.minecraft.nbt.CompoundTag$1.load(CompoundTag.java:41) ~[server-1.21.1-20240808.144430-srg.jar%23247!/:?]
		at TRANSFORMER/minecraft@1.21.1/net.minecraft.nbt.CompoundTag$1.load(CompoundTag.java:35) ~[server-1.21.1-20240808.144430-srg.jar%23247!/:?]
		at TRANSFORMER/minecraft@1.21.1/net.minecraft.nbt.CompoundTag.readNamedTagData(CompoundTag.java:524) ~[server-1.21.1-20240808.144430-srg.jar%23247!/:?]
		at TRANSFORMER/minecraft@1.21.1/net.minecraft.nbt.CompoundTag$1.loadCompound(CompoundTag.java:62) ~[server-1.21.1-20240808.144430-srg.jar%23247!/:?]
		at TRANSFORMER/minecraft@1.21.1/net.minecraft.nbt.CompoundTag$1.load(CompoundTag.java:41) ~[server-1.21.1-20240808.144430-srg.jar%23247!/:?]
		at TRANSFORMER/minecraft@1.21.1/net.minecraft.nbt.CompoundTag$1.load(CompoundTag.java:35) ~[server-1.21.1-20240808.144430-srg.jar%23247!/:?]
		at TRANSFORMER/minecraft@1.21.1/net.minecraft.nbt.ListTag$1.loadList(ListTag.java:40) ~[server-1.21.1-20240808.144430-srg.jar%23247!/:?]
		at TRANSFORMER/minecraft@1.21.1/net.minecraft.nbt.ListTag$1.load(ListTag.java:20) ~[server-1.21.1-20240808.144430-srg.jar%23247!/:?]
		at TRANSFORMER/minecraft@1.21.1/net.minecraft.nbt.ListTag$1.load(ListTag.java:14) ~[server-1.21.1-20240808.144430-srg.jar%23247!/:?]
		at TRANSFORMER/minecraft@1.21.1/net.minecraft.nbt.CompoundTag.readNamedTagData(CompoundTag.java:524) ~[server-1.21.1-20240808.144430-srg.jar%23247!/:?]
		at TRANSFORMER/minecraft@1.21.1/net.minecraft.nbt.CompoundTag$1.loadCompound(CompoundTag.java:62) ~[server-1.21.1-20240808.144430-srg.jar%23247!/:?]
		at TRANSFORMER/minecraft@1.21.1/net.minecraft.nbt.CompoundTag$1.load(CompoundTag.java:41) ~[server-1.21.1-20240808.144430-srg.jar%23247!/:?]
		at TRANSFORMER/minecraft@1.21.1/net.minecraft.nbt.CompoundTag$1.load(CompoundTag.java:35) ~[server-1.21.1-20240808.144430-srg.jar%23247!/:?]
		at TRANSFORMER/minecraft@1.21.1/net.minecraft.nbt.NbtIo.readTagSafe(NbtIo.java:193) ~[server-1.21.1-20240808.144430-srg.jar%23247!/:?]
		at TRANSFORMER/minecraft@1.21.1/net.minecraft.nbt.NbtIo.readUnnamedTag(NbtIo.java:187) ~[server-1.21.1-20240808.144430-srg.jar%23247!/:?]
		at TRANSFORMER/minecraft@1.21.1/net.minecraft.nbt.NbtIo.read(NbtIo.java:121) ~[server-1.21.1-20240808.144430-srg.jar%23247!/:?]
		at TRANSFORMER/minecraft@1.21.1/net.minecraft.nbt.NbtIo.read(NbtIo.java:117) ~[server-1.21.1-20240808.144430-srg.jar%23247!/:?]
		at TRANSFORMER/c2me_rewrites_chunkio@0.4.0-alpha.0.120+1.21.1/com.ishland.c2me.rewrites.chunkio.common.C2MEStorageThread.lambda$scheduleChunkRead$0(C2MEStorageThread.java:378) ~[c2me-neoforge-rewrites-chunkio-mc1.21.1-0.4.0-alpha.0.120.jar%23607!/:?]
		at java.base/java.util.concurrent.CompletableFuture$AsyncSupply.run(CompletableFuture.java:1768) ~[?:?]
		... 3 more
	Suppressed: java.util.concurrent.CompletionException: net.minecraft.nbt.ReportedNbtException: Loading NBT data
		at java.base/java.util.concurrent.CompletableFuture.encodeThrowable(CompletableFuture.java:315) ~[?:?]
		at java.base/java.util.concurrent.CompletableFuture.completeThrowable(CompletableFuture.java:320) ~[?:?]
		at java.base/java.util.concurrent.CompletableFuture$AsyncSupply.run(CompletableFuture.java:1770) ~[?:?]
		at TRANSFORMER/c2me_base@0.4.0-alpha.0.120+1.21.1/com.ishland.c2me.base.common.scheduler.WrappingTask.run(WrappingTask.java:45) ~[c2me-neoforge-base-mc1.21.1-0.4.0-alpha.0.120-all.jar%23522!/:?]
		at TRANSFORMER/c2me_base@0.4.0-alpha.0.120+1.21.1/com.ishland.flowsched.executor.WorkerThread.pollTasks(WorkerThread.java:51) ~[c2me-neoforge-base-mc1.21.1-0.4.0-alpha.0.120-all.jar%23522!/:?]
		at TRANSFORMER/c2me_base@0.4.0-alpha.0.120+1.21.1/com.ishland.flowsched.executor.WorkerThread.run(WorkerThread.java:29) ~[c2me-neoforge-base-mc1.21.1-0.4.0-alpha.0.120-all.jar%23522!/:?]
	Caused by: net.minecraft.nbt.ReportedNbtException: Loading NBT data
		at TRANSFORMER/minecraft@1.21.1/net.minecraft.nbt.CompoundTag.readNamedTagData(CompoundTag.java:530) ~[server-1.21.1-20240808.144430-srg.jar%23247!/:?]
		at TRANSFORMER/minecraft@1.21.1/net.minecraft.nbt.CompoundTag$1.loadCompound(CompoundTag.java:62) ~[server-1.21.1-20240808.144430-srg.jar%23247!/:?]
		at TRANSFORMER/minecraft@1.21.1/net.minecraft.nbt.CompoundTag$1.load(CompoundTag.java:41) ~[server-1.21.1-20240808.144430-srg.jar%23247!/:?]
		at TRANSFORMER/minecraft@1.21.1/net.minecraft.nbt.CompoundTag$1.load(CompoundTag.java:35) ~[server-1.21.1-20240808.144430-srg.jar%23247!/:?]
		at TRANSFORMER/minecraft@1.21.1/net.minecraft.nbt.ListTag$1.loadList(ListTag.java:40) ~[server-1.21.1-20240808.144430-srg.jar%23247!/:?]
		at TRANSFORMER/minecraft@1.21.1/net.minecraft.nbt.ListTag$1.load(ListTag.java:20) ~[server-1.21.1-20240808.144430-srg.jar%23247!/:?]
		at TRANSFORMER/minecraft@1.21.1/net.minecraft.nbt.ListTag$1.load(ListTag.java:14) ~[server-1.21.1-20240808.144430-srg.jar%23247!/:?]
		at TRANSFORMER/minecraft@1.21.1/net.minecraft.nbt.CompoundTag.readNamedTagData(CompoundTag.java:524) ~[server-1.21.1-20240808.144430-srg.jar%23247!/:?]
		at TRANSFORMER/minecraft@1.21.1/net.minecraft.nbt.CompoundTag$1.loadCompound(CompoundTag.java:62) ~[server-1.21.1-20240808.144430-srg.jar%23247!/:?]
		at TRANSFORMER/minecraft@1.21.1/net.minecraft.nbt.CompoundTag$1.load(CompoundTag.java:41) ~[server-1.21.1-20240808.144430-srg.jar%23247!/:?]
		at TRANSFORMER/minecraft@1.21.1/net.minecraft.nbt.CompoundTag$1.load(CompoundTag.java:35) ~[server-1.21.1-20240808.144430-srg.jar%23247!/:?]
		at TRANSFORMER/minecraft@1.21.1/net.minecraft.nbt.NbtIo.readTagSafe(NbtIo.java:193) ~[server-1.21.1-20240808.144430-srg.jar%23247!/:?]
		at TRANSFORMER/minecraft@1.21.1/net.minecraft.nbt.NbtIo.readUnnamedTag(NbtIo.java:187) ~[server-1.21.1-20240808.144430-srg.jar%23247!/:?]
		at TRANSFORMER/minecraft@1.21.1/net.minecraft.nbt.NbtIo.read(NbtIo.java:121) ~[server-1.21.1-20240808.144430-srg.jar%23247!/:?]
		at TRANSFORMER/minecraft@1.21.1/net.minecraft.nbt.NbtIo.read(NbtIo.java:117) ~[server-1.21.1-20240808.144430-srg.jar%23247!/:?]
		at TRANSFORMER/c2me_rewrites_chunkio@0.4.0-alpha.0.120+1.21.1/com.ishland.c2me.rewrites.chunkio.common.C2MEStorageThread.lambda$scheduleChunkRead$0(C2MEStorageThread.java:378) ~[c2me-neoforge-rewrites-chunkio-mc1.21.1-0.4.0-alpha.0.120.jar%23607!/:?]
		at java.base/java.util.concurrent.CompletableFuture$AsyncSupply.run(CompletableFuture.java:1768) ~[?:?]
		... 3 more
	Caused by: java.io.EOFException: Unexpected end of ZLIB input stream
		at java.base/java.util.zip.InflaterInputStream.fill(InflaterInputStream.java:266) ~[?:?]
		at java.base/java.util.zip.InflaterInputStream.read(InflaterInputStream.java:175) ~[?:?]
		at TRANSFORMER/minecraft@1.21.1/net.minecraft.util.FastBufferedInputStream.read(FastBufferedInputStream.java:45) ~[server-1.21.1-20240808.144430-srg.jar%23247!/:?]
		at java.base/java.io.DataInputStream.readFully(DataInputStream.java:208) ~[?:?]
		at java.base/java.io.DataInputStream.readUTF(DataInputStream.java:594) ~[?:?]
		at java.base/java.io.DataInputStream.readUTF(DataInputStream.java:550) ~[?:?]
		at TRANSFORMER/minecraft@1.21.1/net.minecraft.nbt.CompoundTag$1.loadCompound(CompoundTag.java:60) ~[server-1.21.1-20240808.144430-srg.jar%23247!/:?]
		at TRANSFORMER/minecraft@1.21.1/net.minecraft.nbt.CompoundTag$1.load(CompoundTag.java:41) ~[server-1.21.1-20240808.144430-srg.jar%23247!/:?]
		at TRANSFORMER/minecraft@1.21.1/net.minecraft.nbt.CompoundTag$1.load(CompoundTag.java:35) ~[server-1.21.1-20240808.144430-srg.jar%23247!/:?]
		at TRANSFORMER/minecraft@1.21.1/net.minecraft.nbt.CompoundTag.readNamedTagData(CompoundTag.java:524) ~[server-1.21.1-20240808.144430-srg.jar%23247!/:?]
		at TRANSFORMER/minecraft@1.21.1/net.minecraft.nbt.CompoundTag$1.loadCompound(CompoundTag.java:62) ~[server-1.21.1-20240808.144430-srg.jar%23247!/:?]
		at TRANSFORMER/minecraft@1.21.1/net.minecraft.nbt.CompoundTag$1.load(CompoundTag.java:41) ~[server-1.21.1-20240808.144430-srg.jar%23247!/:?]
		at TRANSFORMER/minecraft@1.21.1/net.minecraft.nbt.CompoundTag$1.load(CompoundTag.java:35) ~[server-1.21.1-20240808.144430-srg.jar%23247!/:?]
		at TRANSFORMER/minecraft@1.21.1/net.minecraft.nbt.ListTag$1.loadList(ListTag.java:40) ~[server-1.21.1-20240808.144430-srg.jar%23247!/:?]
		at TRANSFORMER/minecraft@1.21.1/net.minecraft.nbt.ListTag$1.load(ListTag.java:20) ~[server-1.21.1-20240808.144430-srg.jar%23247!/:?]
		at TRANSFORMER/minecraft@1.21.1/net.minecraft.nbt.ListTag$1.load(ListTag.java:14) ~[server-1.21.1-20240808.144430-srg.jar%23247!/:?]
		at TRANSFORMER/minecraft@1.21.1/net.minecraft.nbt.CompoundTag.readNamedTagData(CompoundTag.java:524) ~[server-1.21.1-20240808.144430-srg.jar%23247!/:?]
		at TRANSFORMER/minecraft@1.21.1/net.minecraft.nbt.CompoundTag$1.loadCompound(CompoundTag.java:62) ~[server-1.21.1-20240808.144430-srg.jar%23247!/:?]
		at TRANSFORMER/minecraft@1.21.1/net.minecraft.nbt.CompoundTag$1.load(CompoundTag.java:41) ~[server-1.21.1-20240808.144430-srg.jar%23247!/:?]
		at TRANSFORMER/minecraft@1.21.1/net.minecraft.nbt.CompoundTag$1.load(CompoundTag.java:35) ~[server-1.21.1-20240808.144430-srg.jar%23247!/:?]
		at TRANSFORMER/minecraft@1.21.1/net.minecraft.nbt.NbtIo.readTagSafe(NbtIo.java:193) ~[server-1.21.1-20240808.144430-srg.jar%23247!/:?]
		at TRANSFORMER/minecraft@1.21.1/net.minecraft.nbt.NbtIo.readUnnamedTag(NbtIo.java:187) ~[server-1.21.1-20240808.144430-srg.jar%23247!/:?]
		at TRANSFORMER/minecraft@1.21.1/net.minecraft.nbt.NbtIo.read(NbtIo.java:121) ~[server-1.21.1-20240808.144430-srg.jar%23247!/:?]
		at TRANSFORMER/minecraft@1.21.1/net.minecraft.nbt.NbtIo.read(NbtIo.java:117) ~[server-1.21.1-20240808.144430-srg.jar%23247!/:?]
		at TRANSFORMER/c2me_rewrites_chunkio@0.4.0-alpha.0.120+1.21.1/com.ishland.c2me.rewrites.chunkio.common.C2MEStorageThread.lambda$scheduleChunkRead$0(C2MEStorageThread.java:378) ~[c2me-neoforge-rewrites-chunkio-mc1.21.1-0.4.0-alpha.0.120.jar%23607!/:?]
		at java.base/java.util.concurrent.CompletableFuture$AsyncSupply.run(CompletableFuture.java:1768) ~[?:?]
		... 3 more
	Suppressed: java.util.concurrent.CompletionException: net.minecraft.nbt.ReportedNbtException: Loading NBT data
		at java.base/java.util.concurrent.CompletableFuture.encodeThrowable(CompletableFuture.java:315) ~[?:?]
		at java.base/java.util.concurrent.CompletableFuture.completeThrowable(CompletableFuture.java:320) ~[?:?]
		at java.base/java.util.concurrent.CompletableFuture$AsyncSupply.run(CompletableFuture.java:1770) ~[?:?]
		at TRANSFORMER/c2me_base@0.4.0-alpha.0.120+1.21.1/com.ishland.c2me.base.common.scheduler.WrappingTask.run(WrappingTask.java:45) ~[c2me-neoforge-base-mc1.21.1-0.4.0-alpha.0.120-all.jar%23522!/:?]
		at TRANSFORMER/c2me_base@0.4.0-alpha.0.120+1.21.1/com.ishland.flowsched.executor.WorkerThread.pollTasks(WorkerThread.java:51) ~[c2me-neoforge-base-mc1.21.1-0.4.0-alpha.0.120-all.jar%23522!/:?]
		at TRANSFORMER/c2me_base@0.4.0-alpha.0.120+1.21.1/com.ishland.flowsched.executor.WorkerThread.run(WorkerThread.java:29) ~[c2me-neoforge-base-mc1.21.1-0.4.0-alpha.0.120-all.jar%23522!/:?]
	Caused by: net.minecraft.nbt.ReportedNbtException: Loading NBT data
		at TRANSFORMER/minecraft@1.21.1/net.minecraft.nbt.CompoundTag.readNamedTagData(CompoundTag.java:530) ~[server-1.21.1-20240808.144430-srg.jar%23247!/:?]
		at TRANSFORMER/minecraft@1.21.1/net.minecraft.nbt.CompoundTag$1.loadCompound(CompoundTag.java:62) ~[server-1.21.1-20240808.144430-srg.jar%23247!/:?]
		at TRANSFORMER/minecraft@1.21.1/net.minecraft.nbt.CompoundTag$1.load(CompoundTag.java:41) ~[server-1.21.1-20240808.144430-srg.jar%23247!/:?]
		at TRANSFORMER/minecraft@1.21.1/net.minecraft.nbt.CompoundTag$1.load(CompoundTag.java:35) ~[server-1.21.1-20240808.144430-srg.jar%23247!/:?]
		at TRANSFORMER/minecraft@1.21.1/net.minecraft.nbt.ListTag$1.loadList(ListTag.java:40) ~[server-1.21.1-20240808.144430-srg.jar%23247!/:?]
		at TRANSFORMER/minecraft@1.21.1/net.minecraft.nbt.ListTag$1.load(ListTag.java:20) ~[server-1.21.1-20240808.144430-srg.jar%23247!/:?]
		at TRANSFORMER/minecraft@1.21.1/net.minecraft.nbt.ListTag$1.load(ListTag.java:14) ~[server-1.21.1-20240808.144430-srg.jar%23247!/:?]
		at TRANSFORMER/minecraft@1.21.1/net.minecraft.nbt.CompoundTag.readNamedTagData(CompoundTag.java:524) ~[server-1.21.1-20240808.144430-srg.jar%23247!/:?]
		at TRANSFORMER/minecraft@1.21.1/net.minecraft.nbt.CompoundTag$1.loadCompound(CompoundTag.java:62) ~[server-1.21.1-20240808.144430-srg.jar%23247!/:?]
		at TRANSFORMER/minecraft@1.21.1/net.minecraft.nbt.CompoundTag$1.load(CompoundTag.java:41) ~[server-1.21.1-20240808.144430-srg.jar%23247!/:?]
		at TRANSFORMER/minecraft@1.21.1/net.minecraft.nbt.CompoundTag$1.load(CompoundTag.java:35) ~[server-1.21.1-20240808.144430-srg.jar%23247!/:?]
		at TRANSFORMER/minecraft@1.21.1/net.minecraft.nbt.NbtIo.readTagSafe(NbtIo.java:193) ~[server-1.21.1-20240808.144430-srg.jar%23247!/:?]
		at TRANSFORMER/minecraft@1.21.1/net.minecraft.nbt.NbtIo.readUnnamedTag(NbtIo.java:187) ~[server-1.21.1-20240808.144430-srg.jar%23247!/:?]
		at TRANSFORMER/minecraft@1.21.1/net.minecraft.nbt.NbtIo.read(NbtIo.java:121) ~[server-1.21.1-20240808.144430-srg.jar%23247!/:?]
		at TRANSFORMER/minecraft@1.21.1/net.minecraft.nbt.NbtIo.read(NbtIo.java:117) ~[server-1.21.1-20240808.144430-srg.jar%23247!/:?]
		at TRANSFORMER/c2me_rewrites_chunkio@0.4.0-alpha.0.120+1.21.1/com.ishland.c2me.rewrites.chunkio.common.C2MEStorageThread.lambda$scheduleChunkRead$0(C2MEStorageThread.java:378) ~[c2me-neoforge-rewrites-chunkio-mc1.21.1-0.4.0-alpha.0.120.jar%23607!/:?]
		at java.base/java.util.concurrent.CompletableFuture$AsyncSupply.run(CompletableFuture.java:1768) ~[?:?]
		... 3 more
	Caused by: java.io.EOFException: Unexpected end of ZLIB input stream
		at java.base/java.util.zip.InflaterInputStream.fill(InflaterInputStream.java:266) ~[?:?]
		at java.base/java.util.zip.InflaterInputStream.read(InflaterInputStream.java:175) ~[?:?]
		at TRANSFORMER/minecraft@1.21.1/net.minecraft.util.FastBufferedInputStream.read(FastBufferedInputStream.java:45) ~[server-1.21.1-20240808.144430-srg.jar%23247!/:?]
		at java.base/java.io.DataInputStream.readFully(DataInputStream.java:208) ~[?:?]
		at java.base/java.io.DataInputStream.readUTF(DataInputStream.java:594) ~[?:?]
		at java.base/java.io.DataInputStream.readUTF(DataInputStream.java:550) ~[?:?]
		at TRANSFORMER/minecraft@1.21.1/net.minecraft.nbt.CompoundTag$1.loadCompound(CompoundTag.java:60) ~[server-1.21.1-20240808.144430-srg.jar%23247!/:?]
		at TRANSFORMER/minecraft@1.21.1/net.minecraft.nbt.CompoundTag$1.load(CompoundTag.java:41) ~[server-1.21.1-20240808.144430-srg.jar%23247!/:?]
		at TRANSFORMER/minecraft@1.21.1/net.minecraft.nbt.CompoundTag$1.load(CompoundTag.java:35) ~[server-1.21.1-20240808.144430-srg.jar%23247!/:?]
		at TRANSFORMER/minecraft@1.21.1/net.minecraft.nbt.CompoundTag.readNamedTagData(CompoundTag.java:524) ~[server-1.21.1-20240808.144430-srg.jar%23247!/:?]
		at TRANSFORMER/minecraft@1.21.1/net.minecraft.nbt.CompoundTag$1.loadCompound(CompoundTag.java:62) ~[server-1.21.1-20240808.144430-srg.jar%23247!/:?]
		at TRANSFORMER/minecraft@1.21.1/net.minecraft.nbt.CompoundTag$1.load(CompoundTag.java:41) ~[server-1.21.1-20240808.144430-srg.jar%23247!/:?]
		at TRANSFORMER/minecraft@1.21.1/net.minecraft.nbt.CompoundTag$1.load(CompoundTag.java:35) ~[server-1.21.1-20240808.144430-srg.jar%23247!/:?]
		at TRANSFORMER/minecraft@1.21.1/net.minecraft.nbt.ListTag$1.loadList(ListTag.java:40) ~[server-1.21.1-20240808.144430-srg.jar%23247!/:?]
		at TRANSFORMER/minecraft@1.21.1/net.minecraft.nbt.ListTag$1.load(ListTag.java:20) ~[server-1.21.1-20240808.144430-srg.jar%23247!/:?]
		at TRANSFORMER/minecraft@1.21.1/net.minecraft.nbt.ListTag$1.load(ListTag.java:14) ~[server-1.21.1-20240808.144430-srg.jar%23247!/:?]
		at TRANSFORMER/minecraft@1.21.1/net.minecraft.nbt.CompoundTag.readNamedTagData(CompoundTag.java:524) ~[server-1.21.1-20240808.144430-srg.jar%23247!/:?]
		at TRANSFORMER/minecraft@1.21.1/net.minecraft.nbt.CompoundTag$1.loadCompound(CompoundTag.java:62) ~[server-1.21.1-20240808.144430-srg.jar%23247!/:?]
		at TRANSFORMER/minecraft@1.21.1/net.minecraft.nbt.CompoundTag$1.load(CompoundTag.java:41) ~[server-1.21.1-20240808.144430-srg.jar%23247!/:?]
		at TRANSFORMER/minecraft@1.21.1/net.minecraft.nbt.CompoundTag$1.load(CompoundTag.java:35) ~[server-1.21.1-20240808.144430-srg.jar%23247!/:?]
		at TRANSFORMER/minecraft@1.21.1/net.minecraft.nbt.NbtIo.readTagSafe(NbtIo.java:193) ~[server-1.21.1-20240808.144430-srg.jar%23247!/:?]
		at TRANSFORMER/minecraft@1.21.1/net.minecraft.nbt.NbtIo.readUnnamedTag(NbtIo.java:187) ~[server-1.21.1-20240808.144430-srg.jar%23247!/:?]
		at TRANSFORMER/minecraft@1.21.1/net.minecraft.nbt.NbtIo.read(NbtIo.java:121) ~[server-1.21.1-20240808.144430-srg.jar%23247!/:?]
		at TRANSFORMER/minecraft@1.21.1/net.minecraft.nbt.NbtIo.read(NbtIo.java:117) ~[server-1.21.1-20240808.144430-srg.jar%23247!/:?]
		at TRANSFORMER/c2me_rewrites_chunkio@0.4.0-alpha.0.120+1.21.1/com.ishland.c2me.rewrites.chunkio.common.C2MEStorageThread.lambda$scheduleChunkRead$0(C2MEStorageThread.java:378) ~[c2me-neoforge-rewrites-chunkio-mc1.21.1-0.4.0-alpha.0.120.jar%23607!/:?]
		at java.base/java.util.concurrent.CompletableFuture$AsyncSupply.run(CompletableFuture.java:1768) ~[?:?]
		... 3 more
	Suppressed: java.util.concurrent.CompletionException: net.minecraft.nbt.ReportedNbtException: Loading NBT data
		at java.base/java.util.concurrent.CompletableFuture.encodeThrowable(CompletableFuture.java:315) ~[?:?]
		at java.base/java.util.concurrent.CompletableFuture.completeThrowable(CompletableFuture.java:320) ~[?:?]
		at java.base/java.util.concurrent.CompletableFuture$AsyncSupply.run(CompletableFuture.java:1770) ~[?:?]
		at TRANSFORMER/c2me_base@0.4.0-alpha.0.120+1.21.1/com.ishland.c2me.base.common.scheduler.WrappingTask.run(WrappingTask.java:45) ~[c2me-neoforge-base-mc1.21.1-0.4.0-alpha.0.120-all.jar%23522!/:?]
		at TRANSFORMER/c2me_base@0.4.0-alpha.0.120+1.21.1/com.ishland.flowsched.executor.WorkerThread.pollTasks(WorkerThread.java:51) ~[c2me-neoforge-base-mc1.21.1-0.4.0-alpha.0.120-all.jar%23522!/:?]
		at TRANSFORMER/c2me_base@0.4.0-alpha.0.120+1.21.1/com.ishland.flowsched.executor.WorkerThread.run(WorkerThread.java:29) ~[c2me-neoforge-base-mc1.21.1-0.4.0-alpha.0.120-all.jar%23522!/:?]
	Caused by: net.minecraft.nbt.ReportedNbtException: Loading NBT data
		at TRANSFORMER/minecraft@1.21.1/net.minecraft.nbt.CompoundTag.readNamedTagData(CompoundTag.java:530) ~[server-1.21.1-20240808.144430-srg.jar%23247!/:?]
		at TRANSFORMER/minecraft@1.21.1/net.minecraft.nbt.CompoundTag$1.loadCompound(CompoundTag.java:62) ~[server-1.21.1-20240808.144430-srg.jar%23247!/:?]
		at TRANSFORMER/minecraft@1.21.1/net.minecraft.nbt.CompoundTag$1.load(CompoundTag.java:41) ~[server-1.21.1-20240808.144430-srg.jar%23247!/:?]
		at TRANSFORMER/minecraft@1.21.1/net.minecraft.nbt.CompoundTag$1.load(CompoundTag.java:35) ~[server-1.21.1-20240808.144430-srg.jar%23247!/:?]
		at TRANSFORMER/minecraft@1.21.1/net.minecraft.nbt.ListTag$1.loadList(ListTag.java:40) ~[server-1.21.1-20240808.144430-srg.jar%23247!/:?]
		at TRANSFORMER/minecraft@1.21.1/net.minecraft.nbt.ListTag$1.load(ListTag.java:20) ~[server-1.21.1-20240808.144430-srg.jar%23247!/:?]
		at TRANSFORMER/minecraft@1.21.1/net.minecraft.nbt.ListTag$1.load(ListTag.java:14) ~[server-1.21.1-20240808.144430-srg.jar%23247!/:?]
		at TRANSFORMER/minecraft@1.21.1/net.minecraft.nbt.CompoundTag.readNamedTagData(CompoundTag.java:524) ~[server-1.21.1-20240808.144430-srg.jar%23247!/:?]
		at TRANSFORMER/minecraft@1.21.1/net.minecraft.nbt.CompoundTag$1.loadCompound(CompoundTag.java:62) ~[server-1.21.1-20240808.144430-srg.jar%23247!/:?]
		at TRANSFORMER/minecraft@1.21.1/net.minecraft.nbt.CompoundTag$1.load(CompoundTag.java:41) ~[server-1.21.1-20240808.144430-srg.jar%23247!/:?]
		at TRANSFORMER/minecraft@1.21.1/net.minecraft.nbt.CompoundTag$1.load(CompoundTag.java:35) ~[server-1.21.1-20240808.144430-srg.jar%23247!/:?]
		at TRANSFORMER/minecraft@1.21.1/net.minecraft.nbt.NbtIo.readTagSafe(NbtIo.java:193) ~[server-1.21.1-20240808.144430-srg.jar%23247!/:?]
		at TRANSFORMER/minecraft@1.21.1/net.minecraft.nbt.NbtIo.readUnnamedTag(NbtIo.java:187) ~[server-1.21.1-20240808.144430-srg.jar%23247!/:?]
		at TRANSFORMER/minecraft@1.21.1/net.minecraft.nbt.NbtIo.read(NbtIo.java:121) ~[server-1.21.1-20240808.144430-srg.jar%23247!/:?]
		at TRANSFORMER/minecraft@1.21.1/net.minecraft.nbt.NbtIo.read(NbtIo.java:117) ~[server-1.21.1-20240808.144430-srg.jar%23247!/:?]
		at TRANSFORMER/c2me_rewrites_chunkio@0.4.0-alpha.0.120+1.21.1/com.ishland.c2me.rewrites.chunkio.common.C2MEStorageThread.lambda$scheduleChunkRead$0(C2MEStorageThread.java:378) ~[c2me-neoforge-rewrites-chunkio-mc1.21.1-0.4.0-alpha.0.120.jar%23607!/:?]
		at java.base/java.util.concurrent.CompletableFuture$AsyncSupply.run(CompletableFuture.java:1768) ~[?:?]
		... 3 more
	Caused by: java.io.EOFException: Unexpected end of ZLIB input stream
		at java.base/java.util.zip.InflaterInputStream.fill(InflaterInputStream.java:266) ~[?:?]
		at java.base/java.util.zip.InflaterInputStream.read(InflaterInputStream.java:175) ~[?:?]
		at TRANSFORMER/minecraft@1.21.1/net.minecraft.util.FastBufferedInputStream.read(FastBufferedInputStream.java:45) ~[server-1.21.1-20240808.144430-srg.jar%23247!/:?]
		at java.base/java.io.DataInputStream.readFully(DataInputStream.java:208) ~[?:?]
		at java.base/java.io.DataInputStream.readUTF(DataInputStream.java:594) ~[?:?]
		at java.base/java.io.DataInputStream.readUTF(DataInputStream.java:550) ~[?:?]
		at TRANSFORMER/minecraft@1.21.1/net.minecraft.nbt.CompoundTag$1.loadCompound(CompoundTag.java:60) ~[server-1.21.1-20240808.144430-srg.jar%23247!/:?]
		at TRANSFORMER/minecraft@1.21.1/net.minecraft.nbt.CompoundTag$1.load(CompoundTag.java:41) ~[server-1.21.1-20240808.144430-srg.jar%23247!/:?]
		at TRANSFORMER/minecraft@1.21.1/net.minecraft.nbt.CompoundTag$1.load(CompoundTag.java:35) ~[server-1.21.1-20240808.144430-srg.jar%23247!/:?]
		at TRANSFORMER/minecraft@1.21.1/net.minecraft.nbt.CompoundTag.readNamedTagData(CompoundTag.java:524) ~[server-1.21.1-20240808.144430-srg.jar%23247!/:?]
		at TRANSFORMER/minecraft@1.21.1/net.minecraft.nbt.CompoundTag$1.loadCompound(CompoundTag.java:62) ~[server-1.21.1-20240808.144430-srg.jar%23247!/:?]
		at TRANSFORMER/minecraft@1.21.1/net.minecraft.nbt.CompoundTag$1.load(CompoundTag.java:41) ~[server-1.21.1-20240808.144430-srg.jar%23247!/:?]
		at TRANSFORMER/minecraft@1.21.1/net.minecraft.nbt.CompoundTag$1.load(CompoundTag.java:35) ~[server-1.21.1-20240808.144430-srg.jar%23247!/:?]
		at TRANSFORMER/minecraft@1.21.1/net.minecraft.nbt.ListTag$1.loadList(ListTag.java:40) ~[server-1.21.1-20240808.144430-srg.jar%23247!/:?]
		at TRANSFORMER/minecraft@1.21.1/net.minecraft.nbt.ListTag$1.load(ListTag.java:20) ~[server-1.21.1-20240808.144430-srg.jar%23247!/:?]
		at TRANSFORMER/minecraft@1.21.1/net.minecraft.nbt.ListTag$1.load(ListTag.java:14) ~[server-1.21.1-20240808.144430-srg.jar%23247!/:?]
		at TRANSFORMER/minecraft@1.21.1/net.minecraft.nbt.CompoundTag.readNamedTagData(CompoundTag.java:524) ~[server-1.21.1-20240808.144430-srg.jar%23247!/:?]
		at TRANSFORMER/minecraft@1.21.1/net.minecraft.nbt.CompoundTag$1.loadCompound(CompoundTag.java:62) ~[server-1.21.1-20240808.144430-srg.jar%23247!/:?]
		at TRANSFORMER/minecraft@1.21.1/net.minecraft.nbt.CompoundTag$1.load(CompoundTag.java:41) ~[server-1.21.1-20240808.144430-srg.jar%23247!/:?]
		at TRANSFORMER/minecraft@1.21.1/net.minecraft.nbt.CompoundTag$1.load(CompoundTag.java:35) ~[server-1.21.1-20240808.144430-srg.jar%23247!/:?]
		at TRANSFORMER/minecraft@1.21.1/net.minecraft.nbt.NbtIo.readTagSafe(NbtIo.java:193) ~[server-1.21.1-20240808.144430-srg.jar%23247!/:?]
		at TRANSFORMER/minecraft@1.21.1/net.minecraft.nbt.NbtIo.readUnnamedTag(NbtIo.java:187) ~[server-1.21.1-20240808.144430-srg.jar%23247!/:?]
		at TRANSFORMER/minecraft@1.21.1/net.minecraft.nbt.NbtIo.read(NbtIo.java:121) ~[server-1.21.1-20240808.144430-srg.jar%23247!/:?]
		at TRANSFORMER/minecraft@1.21.1/net.minecraft.nbt.NbtIo.read(NbtIo.java:117) ~[server-1.21.1-20240808.144430-srg.jar%23247!/:?]
		at TRANSFORMER/c2me_rewrites_chunkio@0.4.0-alpha.0.120+1.21.1/com.ishland.c2me.rewrites.chunkio.common.C2MEStorageThread.lambda$scheduleChunkRead$0(C2MEStorageThread.java:378) ~[c2me-neoforge-rewrites-chunkio-mc1.21.1-0.4.0-alpha.0.120.jar%23607!/:?]
		at java.base/java.util.concurrent.CompletableFuture$AsyncSupply.run(CompletableFuture.java:1768) ~[?:?]
		... 3 more
[15Sept2026 11:40:48.246] [IO-Worker-2/FATAL] [net.neoforged.neoforge.common.NeoForgeMod/]: Preparing crash report with UUID f7d44670-17e8-4b06-86a0-569155a366a4
[15Sept2026 11:40:48.247] [IO-Worker-2/INFO] [net.minecraft.server.MinecraftServer/]: Saved details to debug/chunk-world-2026-09-15_11.40.48-server.txt
[15Sept2026 11:40:48.269] [IO-Worker-2/ERROR] [net.minecraft.CrashReport/]: Negative index in crash report handler (0/4)
[15Sept2026 11:40:48.273] [IO-Worker-2/FATAL] [net.neoforged.neoforge.common.NeoForgeMod/]: Preparing crash report with UUID 018a2b12-29c7-4676-af11-c8d89eca7b10
[15Sept2026 11:40:48.273] [IO-Worker-2/INFO] [net.minecraft.server.MinecraftServer/]: Saved details to debug/chunk-world-2026-09-15_11.40.48-server.txt
[15Sept2026 11:40:50.655] [RCON Listener #1/INFO] [net.minecraft.server.rcon.thread.GenericThread/]: Thread RCON Client /127.0.0.1 started
[15Sept2026 11:40:50.655] [RCON Client /127.0.0.1 #5/INFO] [net.minecraft.server.rcon.thread.RconClient/]: Thread RCON Client /127.0.0.1 shutting down
[15Sept2026 11:40:53.656] [RCON Listener #1/INFO] [net.minecraft.server.rcon.thread.GenericThread/]: Thread RCON Client /127.0.0.1 started
[15Sept2026 11:40:53.657] [RCON Client /127.0.0.1 #6/INFO] [net.minecraft.server.rcon.thread.RconClient/]: Thread RCON Client /127.0.0.1 shutting down
[15Sept2026 11:40:56.658] [RCON Listener #1/INFO] [net.minecraft.server.rcon.thread.GenericThread/]: Thread RCON Client /127.0.0.1 started
[15Sept2026 11:40:56.658] [RCON Client /127.0.0.1 #7/INFO] [net.minecraft.server.rcon.thread.RconClient/]: Thread RCON Client /127.0.0.1 shutting down
[15Sept2026 11:40:59.659] [RCON Listener #1/INFO] [net.minecraft.server.rcon.thread.GenericThread/]: Thread RCON Client /127.0.0.1 started
[15Sept2026 11:40:59.660] [RCON Client /127.0.0.1 #8/INFO] [net.minecraft.server.rcon.thread.RconClient/]: Thread RCON Client /127.0.0.1 shutting down
[15Sept2026 11:41:02.661] [RCON Listener #1/INFO] [net.minecraft.server.rcon.thread.GenericThread/]: Thread RCON Client /127.0.0.1 started
[15Sept2026 11:41:02.662] [RCON Client /127.0.0.1 #9/INFO] [net.minecraft.server.rcon.thread.RconClient/]: Thread RCON Client /127.0.0.1 shutting down
[15Sept2026 11:41:05.662] [RCON Listener #1/INFO] [net.minecraft.server.rcon.thread.GenericThread/]: Thread RCON Client /127.0.0.1 started
[15Sept2026 11:41:05.663] [RCON Client /127.0.0.1 #10/INFO] [net.minecraft.server.rcon.thread.RconClient/]: Thread RCON Client /127.0.0.1 shutting down
[15Sept2026 11:41:08.664] [RCON Listener #1/INFO] [net.minecraft.server.rcon.thread.GenericThread/]: Thread RCON Client /127.0.0.1 started
[15Sept2026 11:41:08.665] [RCON Client /127.0.0.1 #11/INFO] [net.minecraft.server.rcon.thread.RconClient/]: Thread RCON Client /127.0.0.1 shutting down
[15Sept2026 11:41:11.666] [RCON Listener #1/INFO] [net.minecraft.server.rcon.thread.GenericThread/]: Thread RCON Client /127.0.0.1 started
[15Sept2026 11:41:11.666] [RCON Client /127.0.0.1 #12/INFO] [net.minecraft.server.rcon.thread.RconClient/]: Thread RCON Client /127.0.0.1 shutting down
[15Sept2026 11:41:14.667] [RCON Listener #1/INFO] [net.minecraft.server.rcon.thread.GenericThread/]: Thread RCON Client /127.0.0.1 started
[15Sept2026 11:41:14.668] [RCON Client /127.0.0.1 #13/INFO] [net.minecraft.server.rcon.thread.RconClient/]: Thread RCON Client /127.0.0.1 shutting down
[15Sept2026 11:41:17.668] [RCON Listener #1/INFO] [net.minecraft.server.rcon.thread.GenericThread/]: Thread RCON Client /127.0.0.1 started
[15Sept2026 11:41:17.669] [RCON Client /127.0.0.1 #14/INFO] [net.minecraft.server.rcon.thread.RconClient/]: Thread RCON Client /127.0.0.1 shutting down
[15Sept2026 11:41:20.670] [RCON Listener #1/INFO] [net.minecraft.server.rcon.thread.GenericThread/]: Thread RCON Client /127.0.0.1 started
[15Sept2026 11:41:20.670] [RCON Client /127.0.0.1 #15/INFO] [net.minecraft.server.rcon.thread.RconClient/]: Thread RCON Client /127.0.0.1 shutting down
[15Sept2026 11:41:23.671] [RCON Listener #1/INFO] [net.minecraft.server.rcon.thread.GenericThread/]: Thread RCON Client /127.0.0.1 started
[15Sept2026 11:41:23.672] [RCON Client /127.0.0.1 #16/INFO] [net.minecraft.server.rcon.thread.RconClient/]: Thread RCON Client /127.0.0.1 shutting down
[15Sept2026 11:41:26.672] [RCON Listener #1/INFO] [net.minecraft.server.rcon.thread.GenericThread/]: Thread RCON Client /127.0.0.1 started
[15Sept2026 11:41:26.673] [RCON Client /127.0.0.1 #17/INFO] [net.minecraft.server.rcon.thread.RconClient/]: Thread RCON Client /127.0.0.1 shutting down
[15Sept2026 11:41:29.674] [RCON Listener #1/INFO] [net.minecraft.server.rcon.thread.GenericThread/]: Thread RCON Client /127.0.0.1 started
[15Sept2026 11:41:29.674] [RCON Client /127.0.0.1 #18/INFO] [net.minecraft.server.rcon.thread.RconClient/]: Thread RCON Client /127.0.0.1 shutting down
[15Sept2026 11:41:32.675] [RCON Listener #1/INFO] [net.minecraft.server.rcon.thread.GenericThread/]: Thread RCON Client /127.0.0.1 started
[15Sept2026 11:41:32.676] [RCON Client /127.0.0.1 #19/INFO] [net.minecraft.server.rcon.thread.RconClient/]: Thread RCON Client /127.0.0.1 shutting down
[15Sept2026 11:41:35.676] [RCON Listener #1/INFO] [net.minecraft.server.rcon.thread.GenericThread/]: Thread RCON Client /127.0.0.1 started
[15Sept2026 11:41:35.677] [RCON Client /127.0.0.1 #20/INFO] [net.minecraft.server.rcon.thread.RconClient/]: Thread RCON Client /127.0.0.1 shutting down
[15Sept2026 11:41:38.678] [RCON Listener #1/INFO] [net.minecraft.server.rcon.thread.GenericThread/]: Thread RCON Client /127.0.0.1 started
[15Sept2026 11:41:38.678] [RCON Client /127.0.0.1 #21/INFO] [net.minecraft.server.rcon.thread.RconClient/]: Thread RCON Client /127.0.0.1 shutting down
[15Sept2026 11:41:41.679] [RCON Listener #1/INFO] [net.minecraft.server.rcon.thread.GenericThread/]: Thread RCON Client /127.0.0.1 started
[15Sept2026 11:41:41.680] [RCON Client /127.0.0.1 #22/INFO] [net.minecraft.server.rcon.thread.RconClient/]: Thread RCON Client /127.0.0.1 shutting down
[15Sept2026 11:41:44.680] [RCON Listener #1/INFO] [net.minecraft.server.rcon.thread.GenericThread/]: Thread RCON Client /127.0.0.1 started
[15Sept2026 11:41:44.681] [RCON Client /127.0.0.1 #23/INFO] [net.minecraft.server.rcon.thread.RconClient/]: Thread RCON Client /127.0.0.1 shutting down
[15Sept2026 11:41:47.682] [RCON Listener #1/INFO] [net.minecraft.server.rcon.thread.GenericThread/]: Thread RCON Client /127.0.0.1 started
[15Sept2026 11:41:47.682] [RCON Client /127.0.0.1 #24/INFO] [net.minecraft.server.rcon.thread.RconClient/]: Thread RCON Client /127.0.0.1 shutting down
[15Sept2026 11:41:50.683] [RCON Listener #1/INFO] [net.minecraft.server.rcon.thread.GenericThread/]: Thread RCON Client /127.0.0.1 started
[15Sept2026 11:41:50.684] [RCON Client /127.0.0.1 #25/INFO] [net.minecraft.server.rcon.thread.RconClient/]: Thread RCON Client /127.0.0.1 shutting down
[15Sept2026 11:41:53.684] [RCON Listener #1/INFO] [net.minecraft.server.rcon.thread.GenericThread/]: Thread RCON Client /127.0.0.1 started
[15Sept2026 11:41:53.685] [RCON Client /127.0.0.1 #26/INFO] [net.minecraft.server.rcon.thread.RconClient/]: Thread RCON Client /127.0.0.1 shutting down
[15Sept2026 11:41:56.686] [RCON Listener #1/INFO] [net.minecraft.server.rcon.thread.GenericThread/]: Thread RCON Client /127.0.0.1 started
[15Sept2026 11:41:56.686] [RCON Client /127.0.0.1 #27/INFO] [net.minecraft.server.rcon.thread.RconClient/]: Thread RCON Client /127.0.0.1 shutting down
[15Sept2026 11:41:59.687] [RCON Listener #1/INFO] [net.minecraft.server.rcon.thread.GenericThread/]: Thread RCON Client /127.0.0.1 started
[15Sept2026 11:41:59.688] [RCON Client /127.0.0.1 #28/INFO] [net.minecraft.server.rcon.thread.RconClient/]: Thread RCON Client /127.0.0.1 shutting down
[15Sept2026 11:42:02.689] [RCON Listener #1/INFO] [net.minecraft.server.rcon.thread.GenericThread/]: Thread RCON Client /127.0.0.1 started
[15Sept2026 11:42:02.689] [RCON Client /127.0.0.1 #29/INFO] [net.minecraft.server.rcon.thread.RconClient/]: Thread RCON Client /127.0.0.1 shutting down
[15Sept2026 11:42:05.690] [RCON Listener #1/INFO] [net.minecraft.server.rcon.thread.GenericThread/]: Thread RCON Client /127.0.0.1 started
[15Sept2026 11:42:05.691] [RCON Client /127.0.0.1 #30/INFO] [net.minecraft.server.rcon.thread.RconClient/]: Thread RCON Client /127.0.0.1 shutting down
[15Sept2026 11:42:08.691] [RCON Listener #1/INFO] [net.minecraft.server.rcon.thread.GenericThread/]: Thread RCON Client /127.0.0.1 started
[15Sept2026 11:42:08.692] [RCON Client /127.0.0.1 #31/INFO] [net.minecraft.server.rcon.thread.RconClient/]: Thread RCON Client /127.0.0.1 shutting down
[15Sept2026 11:42:11.693] [RCON Listener #1/INFO] [net.minecraft.server.rcon.thread.GenericThread/]: Thread RCON Client /127.0.0.1 started
[15Sept2026 11:42:11.693] [RCON Client /127.0.0.1 #32/INFO] [net.minecraft.server.rcon.thread.RconClient/]: Thread RCON Client /127.0.0.1 shutting down
[15Sept2026 11:42:14.694] [RCON Listener #1/INFO] [net.minecraft.server.rcon.thread.GenericThread/]: Thread RCON Client /127.0.0.1 started
[15Sept2026 11:42:14.695] [RCON Client /127.0.0.1 #33/INFO] [net.minecraft.server.rcon.thread.RconClient/]: Thread RCON Client /127.0.0.1 shutting down
[15Sept2026 11:42:17.696] [RCON Listener #1/INFO] [net.minecraft.server.rcon.thread.GenericThread/]: Thread RCON Client /127.0.0.1 started
[15Sept2026 11:42:17.696] [RCON Client /127.0.0.1 #34/INFO] [net.minecraft.server.rcon.thread.RconClient/]: Thread RCON Client /127.0.0.1 shutting down
[15Sept2026 11:42:20.697] [RCON Listener #1/INFO] [net.minecraft.server.rcon.thread.GenericThread/]: Thread RCON Client /127.0.0.1 started
[15Sept2026 11:42:20.698] [RCON Client /127.0.0.1 #35/INFO] [net.minecraft.server.rcon.thread.RconClient/]: Thread RCON Client /127.0.0.1 shutting down
[15Sept2026 11:42:23.698] [RCON Listener #1/INFO] [net.minecraft.server.rcon.thread.GenericThread/]: Thread RCON Client /127.0.0.1 started
[15Sept2026 11:42:23.699] [RCON Client /127.0.0.1 #36/INFO] [net.minecraft.server.rcon.thread.RconClient/]: Thread RCON Client /127.0.0.1 shutting down
[15Sept2026 11:42:26.700] [RCON Listener #1/INFO] [net.minecraft.server.rcon.thread.GenericThread/]: Thread RCON Client /127.0.0.1 started
[15Sept2026 11:42:26.700] [RCON Client /127.0.0.1 #37/INFO] [net.minecraft.server.rcon.thread.RconClient/]: Thread RCON Client /127.0.0.1 shutting down
[15Sept2026 11:42:29.701] [RCON Listener #1/INFO] [net.minecraft.server.rcon.thread.GenericThread/]: Thread RCON Client /127.0.0.1 started
[15Sept2026 11:42:29.702] [RCON Client /127.0.0.1 #38/INFO] [net.minecraft.server.rcon.thread.RconClient/]: Thread RCON Client /127.0.0.1 shutting down
[15Sept2026 11:42:32.702] [RCON Listener #1/INFO] [net.minecraft.server.rcon.thread.GenericThread/]: Thread RCON Client /127.0.0.1 started
[15Sept2026 11:42:32.703] [RCON Client /127.0.0.1 #39/INFO] [net.minecraft.server.rcon.thread.RconClient/]: Thread RCON Client /127.0.0.1 shutting down
[15Sept2026 11:42:35.704] [RCON Listener #1/INFO] [net.minecraft.server.rcon.thread.GenericThread/]: Thread RCON Client /127.0.0.1 started
[15Sept2026 11:42:35.704] [RCON Client /127.0.0.1 #40/INFO] [net.minecraft.server.rcon.thread.RconClient/]: Thread RCON Client /127.0.0.1 shutting down
[15Sept2026 11:42:38.705] [RCON Listener #1/INFO] [net.minecraft.server.rcon.thread.GenericThread/]: Thread RCON Client /127.0.0.1 started
[15Sept2026 11:42:38.706] [RCON Client /127.0.0.1 #41/INFO] [net.minecraft.server.rcon.thread.RconClient/]: Thread RCON Client /127.0.0.1 shutting down
[15Sept2026 11:42:41.706] [RCON Listener #1/INFO] [net.minecraft.server.rcon.thread.GenericThread/]: Thread RCON Client /127.0.0.1 started
[15Sept2026 11:42:41.707] [RCON Client /127.0.0.1 #42/INFO] [net.minecraft.server.rcon.thread.RconClient/]: Thread RCON Client /127.0.0.1 shutting down
[15Sept2026 11:42:44.708] [RCON Listener #1/INFO] [net.minecraft.server.rcon.thread.GenericThread/]: Thread RCON Client /127.0.0.1 started
[15Sept2026 11:42:44.708] [RCON Client /127.0.0.1 #43/INFO] [net.minecraft.server.rcon.thread.RconClient/]: Thread RCON Client /127.0.0.1 shutting down
[15Sept2026 11:42:47.709] [RCON Listener #1/INFO] [net.minecraft.server.rcon.thread.GenericThread/]: Thread RCON Client /127.0.0.1 started
[15Sept2026 11:42:47.710] [RCON Client /127.0.0.1 #44/INFO] [net.minecraft.server.rcon.thread.RconClient/]: Thread RCON Client /127.0.0.1 shutting down
[15Sept2026 11:42:50.710] [RCON Listener #1/INFO] [net.minecraft.server.rcon.thread.GenericThread/]: Thread RCON Client /127.0.0.1 started
[15Sept2026 11:42:50.711] [RCON Client /127.0.0.1 #45/INFO] [net.minecraft.server.rcon.thread.RconClient/]: Thread RCON Client /127.0.0.1 shutting down
[15Sept2026 11:42:53.712] [RCON Listener #1/INFO] [net.minecraft.server.rcon.thread.GenericThread/]: Thread RCON Client /127.0.0.1 started
[15Sept2026 11:42:53.712] [RCON Client /127.0.0.1 #46/INFO] [net.minecraft.server.rcon.thread.RconClient/]: Thread RCON Client /127.0.0.1 shutting down
[15Sept2026 11:42:56.713] [RCON Listener #1/INFO] [net.minecraft.server.rcon.thread.GenericThread/]: Thread RCON Client /127.0.0.1 started
[15Sept2026 11:42:56.714] [RCON Client /127.0.0.1 #47/INFO] [net.minecraft.server.rcon.thread.RconClient/]: Thread RCON Client /127.0.0.1 shutting down
[15Sept2026 11:42:59.714] [RCON Listener #1/INFO] [net.minecraft.server.rcon.thread.GenericThread/]: Thread RCON Client /127.0.0.1 started
[15Sept2026 11:42:59.715] [RCON Client /127.0.0.1 #48/INFO] [net.minecraft.server.rcon.thread.RconClient/]: Thread RCON Client /127.0.0.1 shutting down
[15Sept2026 11:43:02.716] [RCON Listener #1/INFO] [net.minecraft.server.rcon.thread.GenericThread/]: Thread RCON Client /127.0.0.1 started
[15Sept2026 11:43:02.716] [RCON Client /127.0.0.1 #49/INFO] [net.minecraft.server.rcon.thread.RconClient/]: Thread RCON Client /127.0.0.1 shutting down
[15Sept2026 11:43:05.717] [RCON Listener #1/INFO] [net.minecraft.server.rcon.thread.GenericThread/]: Thread RCON Client /127.0.0.1 started
[15Sept2026 11:43:05.717] [RCON Client /127.0.0.1 #50/INFO] [net.minecraft.server.rcon.thread.RconClient/]: Thread RCON Client /127.0.0.1 shutting down
[15Sept2026 11:43:08.718] [RCON Listener #1/INFO] [net.minecraft.server.rcon.thread.GenericThread/]: Thread RCON Client /127.0.0.1 started
[15Sept2026 11:43:08.719] [RCON Client /127.0.0.1 #51/INFO] [net.minecraft.server.rcon.thread.RconClient/]: Thread RCON Client /127.0.0.1 shutting down
[15Sept2026 11:43:11.720] [RCON Listener #1/INFO] [net.minecraft.server.rcon.thread.GenericThread/]: Thread RCON Client /127.0.0.1 started
[15Sept2026 11:43:11.720] [RCON Client /127.0.0.1 #52/INFO] [net.minecraft.server.rcon.thread.RconClient/]: Thread RCON Client /127.0.0.1 shutting down
[15Sept2026 11:43:14.721] [RCON Listener #1/INFO] [net.minecraft.server.rcon.thread.GenericThread/]: Thread RCON Client /127.0.0.1 started
[15Sept2026 11:43:14.721] [RCON Client /127.0.0.1 #53/INFO] [net.minecraft.server.rcon.thread.RconClient/]: Thread RCON Client /127.0.0.1 shutting down
[15Sept2026 11:43:17.722] [RCON Listener #1/INFO] [net.minecraft.server.rcon.thread.GenericThread/]: Thread RCON Client /127.0.0.1 started
[15Sept2026 11:43:17.723] [RCON Client /127.0.0.1 #54/INFO] [net.minecraft.server.rcon.thread.RconClient/]: Thread RCON Client /127.0.0.1 shutting down
[15Sept2026 11:43:20.723] [RCON Listener #1/INFO] [net.minecraft.server.rcon.thread.GenericThread/]: Thread RCON Client /127.0.0.1 started
[15Sept2026 11:43:20.724] [RCON Client /127.0.0.1 #55/INFO] [net.minecraft.server.rcon.thread.RconClient/]: Thread RCON Client /127.0.0.1 shutting down
[15Sept2026 11:43:23.725] [RCON Listener #1/INFO] [net.minecraft.server.rcon.thread.GenericThread/]: Thread RCON Client /127.0.0.1 started
[15Sept2026 11:43:23.725] [RCON Client /127.0.0.1 #56/INFO] [net.minecraft.server.rcon.thread.RconClient/]: Thread RCON Client /127.0.0.1 shutting down
[15Sept2026 11:43:26.726] [RCON Listener #1/INFO] [net.minecraft.server.rcon.thread.GenericThread/]: Thread RCON Client /127.0.0.1 started
[15Sept2026 11:43:26.726] [RCON Client /127.0.0.1 #57/INFO] [net.minecraft.server.rcon.thread.RconClient/]: Thread RCON Client /127.0.0.1 shutting down
[15Sept2026 11:43:29.727] [RCON Listener #1/INFO] [net.minecraft.server.rcon.thread.GenericThread/]: Thread RCON Client /127.0.0.1 started
[15Sept2026 11:43:29.728] [RCON Client /127.0.0.1 #58/INFO] [net.minecraft.server.rcon.thread.RconClient/]: Thread RCON Client /127.0.0.1 shutting down
[15Sept2026 11:43:32.728] [RCON Listener #1/INFO] [net.minecraft.server.rcon.thread.GenericThread/]: Thread RCON Client /127.0.0.1 started
[15Sept2026 11:43:32.729] [RCON Client /127.0.0.1 #59/INFO] [net.minecraft.server.rcon.thread.RconClient/]: Thread RCON Client /127.0.0.1 shutting down
[15Sept2026 11:43:35.729] [RCON Listener #1/INFO] [net.minecraft.server.rcon.thread.GenericThread/]: Thread RCON Client /127.0.0.1 started
[15Sept2026 11:43:35.730] [RCON Client /127.0.0.1 #60/INFO] [net.minecraft.server.rcon.thread.RconClient/]: Thread RCON Client /127.0.0.1 shutting down
[15Sept2026 11:43:38.731] [RCON Listener #1/INFO] [net.minecraft.server.rcon.thread.GenericThread/]: Thread RCON Client /127.0.0.1 started
[15Sept2026 11:43:38.731] [RCON Client /127.0.0.1 #61/INFO] [net.minecraft.server.rcon.thread.RconClient/]: Thread RCON Client /127.0.0.1 shutting down
[15Sept2026 11:43:41.732] [RCON Listener #1/INFO] [net.minecraft.server.rcon.thread.GenericThread/]: Thread RCON Client /127.0.0.1 started
[15Sept2026 11:43:41.732] [RCON Client /127.0.0.1 #62/INFO] [net.minecraft.server.rcon.thread.RconClient/]: Thread RCON Client /127.0.0.1 shutting down
